application_id,sanctioned_amount_aud
LN-029039,0.0
LN-006880,0.0
LN-000529,0.0
LN-002049,0.0
LN-000921,0.0
LN-003817,0.0
LN-008697,0.0
LN-001629,0.0
LN-004797,0.0
LN-003612,0.0
LN-009943,0.0
LN-025850,0.0
LN-026197,0.0
LN-024874,0.0
LN-004528,0.0
LN-005816,0.0
LN-005665,0.0
LN-014724,0.0
LN-003869,0.0
LN-025159,0.0
LN-018852,0.0
LN-007330,0.0
LN-009056,0.0
LN-024580,0.0
LN-000091,0.0
LN-024635,0.0
LN-024171,0.0
LN-001540,0.0
LN-020296,0.0
LN-010216,0.0
LN-027984,0.0
LN-014818,0.0
LN-025432,0.0
LN-003848,0.0
LN-005511,0.0
LN-012764,0.0
LN-027695,0.0
LN-003189,0.0
LN-011795,0.0
LN-010454,0.0
LN-004833,0.0
LN-021881,0.0
LN-004216,0.0
LN-014947,0.0
LN-027884,0.0
LN-020946,0.0
LN-008994,0.0
LN-005529,0.0
LN-003943,0.0
LN-009215,0.0
LN-000651,0.0
LN-017641,0.0
LN-019837,0.0
LN-025236,0.0
LN-019391,0.0
LN-021405,0.0
LN-013749,0.0
LN-029095,0.0
LN-023240,0.0
LN-005323,0.0
LN-006107,0.0
LN-012864,0.0
LN-000798,0.0
LN-001526,0.0
LN-006226,0.0
LN-007353,0.0
LN-012665,0.0
LN-006311,0.0
LN-005748,0.0
LN-018051,0.0
LN-026701,0.0
LN-005901,0.0
LN-003003,0.0
LN-011250,0.0
LN-001729,0.0
LN-008468,0.0
LN-011773,0.0
LN-016274,0.0
LN-009018,0.0
LN-008723,0.0
LN-011390,0.0
LN-009389,0.0
LN-005437,0.0
LN-002885,0.0
LN-018156,0.0
LN-017438,0.0
LN-019254,0.0
LN-017293,0.0
LN-000096,0.0
LN-000247,0.0
LN-015276,0.0
LN-009085,0.0
LN-015570,0.0
LN-006258,0.0
LN-012973,0.0
LN-025834,0.0
LN-009703,0.0
LN-024652,0.0
LN-028344,0.0
LN-016342,0.0
LN-026702,0.0
LN-002785,0.0
LN-010569,0.0
LN-025649,0.0
LN-026860,0.0
LN-021249,0.0
LN-013023,0.0
LN-001591,0.0
LN-022776,0.0
LN-003367,0.0
LN-006653,0.0
LN-017837,0.0
LN-022032,0.0
LN-005360,0.0
LN-021277,0.0
LN-027391,0.0
LN-023561,0.0
LN-003810,0.0
LN-015809,0.0
LN-006531,0.0
LN-025435,0.0
LN-000367,0.0
LN-005711,0.0
LN-004774,0.0
LN-016176,0.0
LN-025841,0.0
LN-011228,0.0
LN-012217,0.0
LN-011748,0.0
LN-005326,0.0
LN-007658,0.0
LN-024062,0.0
LN-022212,0.0
LN-006396,0.0
LN-010618,0.0
LN-012430,0.0
LN-025820,0.0
LN-025410,0.0
LN-006461,0.0
LN-012545,0.0
LN-005809,0.0
LN-019001,0.0
LN-022733,0.0
LN-018938,0.0
LN-013694,0.0
LN-007638,0.0
LN-002878,0.0
LN-018926,0.0
LN-024322,0.0
LN-003617,0.0
LN-004638,0.0
LN-002673,0.0
LN-017697,0.0
LN-022481,0.0
LN-013334,0.0
LN-011143,0.0
LN-013216,0.0
LN-027796,0.0
LN-014858,0.0
LN-010568,0.0
LN-009715,0.0
LN-018049,0.0
LN-009940,0.0
LN-007722,0.0
LN-028533,0.0
LN-010172,0.0
LN-018800,0.0
LN-016696,0.0
LN-007161,0.0
LN-005011,0.0
LN-013812,0.0
LN-006180,0.0
LN-017278,0.0
LN-025454,0.0
LN-003921,0.0
LN-001165,0.0
LN-013083,0.0
LN-008218,0.0
LN-017894,0.0
LN-027492,0.0
LN-000588,0.0
LN-004023,0.0
LN-017370,0.0
LN-025951,0.0
LN-019488,0.0
LN-019580,0.0
LN-020578,0.0
LN-014882,0.0
LN-005672,0.0
LN-024498,0.0
LN-022757,0.0
LN-029210,0.0
LN-013581,0.0
LN-024400,0.0
LN-021353,0.0
LN-013208,0.0
LN-013493,0.0
LN-009747,0.0
LN-000406,0.0
LN-025848,0.0
LN-017253,0.0
LN-019936,0.0
LN-008763,0.0
LN-009372,0.0
LN-017934,0.0
LN-006085,0.0
LN-009025,0.0
LN-028180,0.0
LN-000763,0.0
LN-012290,0.0
LN-013450,0.0
LN-014119,0.0
LN-019751,0.0
LN-011837,0.0
LN-020355,0.0
LN-008535,0.0
LN-019330,0.0
LN-006326,0.0
LN-004981,0.0
LN-025355,0.0
LN-022515,0.0
LN-018878,0.0
LN-002903,0.0
LN-009736,0.0
LN-029294,0.0
LN-001871,0.0
LN-010808,0.0
LN-007319,0.0
LN-028441,0.0
LN-003915,0.0
LN-022027,0.0
LN-000981,0.0
LN-014592,0.0
LN-012867,0.0
LN-016395,0.0
LN-013982,0.0
LN-003638,0.0
LN-011772,0.0
LN-003702,0.0
LN-003224,0.0
LN-009857,0.0
LN-024002,0.0
LN-028587,0.0
LN-025832,0.0
LN-023014,0.0
LN-022001,0.0
LN-018270,0.0
LN-008660,0.0
LN-027888,0.0
LN-026960,0.0
LN-007378,0.0
LN-005225,0.0
LN-001486,0.0
LN-001292,0.0
LN-017114,0.0
LN-025828,0.0
LN-005617,0.0
LN-012572,0.0
LN-026673,0.0
LN-027996,0.0
LN-020098,0.0
LN-006108,0.0
LN-001488,0.0
LN-019872,0.0
LN-025342,0.0
LN-012901,0.0
LN-018862,0.0
LN-016061,0.0
LN-016740,0.0
LN-017649,0.0
LN-018098,0.0
LN-014282,0.0
LN-025016,0.0
LN-025080,0.0
LN-001705,0.0
LN-002042,0.0
LN-014933,0.0
LN-004333,0.0
LN-024632,0.0
LN-018140,0.0
LN-010347,0.0
LN-021845,0.0
LN-008047,0.0
LN-023491,0.0
LN-001272,0.0
LN-000153,0.0
LN-026188,0.0
LN-018553,0.0
LN-001049,0.0
LN-013410,0.0
LN-015559,0.0
LN-001386,0.0
LN-021031,0.0
LN-012588,0.0
LN-027363,0.0
LN-000785,0.0
LN-024134,0.0
LN-000878,0.0
LN-017836,0.0
LN-001329,0.0
LN-010495,0.0
LN-027977,0.0
LN-021210,0.0
LN-014280,0.0
LN-013133,0.0
LN-019882,0.0
LN-024921,0.0
LN-022535,0.0
LN-012348,0.0
LN-009325,0.0
LN-021655,0.0
LN-016317,0.0
LN-018693,0.0
LN-023096,0.0
LN-001547,0.0
LN-007255,0.0
LN-024351,0.0
LN-026414,0.0
LN-023705,0.0
LN-005484,0.0
LN-009069,0.0
LN-005286,0.0
LN-002483,0.0
LN-003230,0.0
LN-001239,0.0
LN-015839,0.0
LN-023575,0.0
LN-006651,0.0
LN-004740,0.0
LN-013926,0.0
LN-025110,0.0
LN-011650,0.0
LN-006427,0.0
LN-019481,0.0
LN-024048,0.0
LN-014245,0.0
LN-016079,0.0
LN-021983,0.0
LN-016496,0.0
LN-007279,0.0
LN-007465,0.0
LN-005744,0.0
LN-028448,0.0
LN-024698,0.0
LN-002441,0.0
LN-017539,0.0
LN-020906,0.0
LN-025466,0.0
LN-018308,0.0
LN-005882,0.0
LN-010974,0.0
LN-010316,0.0
LN-009734,0.0
LN-009553,0.0
LN-026053,0.0
LN-022838,0.0
LN-024875,0.0
LN-017525,0.0
LN-021740,0.0
LN-014515,0.0
LN-010991,0.0
LN-017802,0.0
LN-006356,0.0
LN-026127,0.0
LN-006043,0.0
LN-000112,0.0
LN-022638,0.0
LN-017314,0.0
LN-010695,0.0
LN-018466,0.0
LN-004840,0.0
LN-011951,0.0
LN-010320,0.0
LN-015798,0.0
LN-001114,0.0
LN-017091,0.0
LN-021169,0.0
LN-008834,0.0
LN-002998,0.0
LN-022306,0.0
LN-027136,0.0
LN-005731,0.0
LN-000538,0.0
LN-012005,0.0
LN-021560,0.0
LN-024077,0.0
LN-011011,0.0
LN-005051,0.0
LN-025004,0.0
LN-017780,0.0
LN-009230,0.0
LN-023534,0.0
LN-015292,0.0
LN-016482,0.0
LN-011724,0.0
LN-014447,0.0
LN-020575,0.0
LN-004123,0.0
LN-000140,0.0
LN-001732,0.0
LN-001505,0.0
LN-024742,0.0
LN-018338,0.0
LN-009185,0.0
LN-005327,0.0
LN-010223,0.0
LN-016693,0.0
LN-001390,0.0
LN-017298,0.0
LN-028983,0.0
LN-017074,0.0
LN-025831,0.0
LN-005174,0.0
LN-010707,0.0
LN-015365,0.0
LN-010390,0.0
LN-003581,0.0
LN-020872,0.0
LN-028477,0.0
LN-012610,0.0
LN-003584,0.0
LN-011960,0.0
LN-024997,0.0
LN-027012,0.0
LN-000788,0.0
LN-022144,0.0
LN-015916,0.0
LN-018648,0.0
LN-025438,0.0
LN-028826,0.0
LN-004594,0.0
LN-023061,0.0
LN-017057,0.0
LN-000685,0.0
LN-013687,0.0
LN-012734,0.0
LN-008338,0.0
LN-006348,0.0
LN-021119,0.0
LN-029231,0.0
LN-011548,0.0
LN-018720,0.0
LN-024928,0.0
LN-002287,0.0
LN-006351,0.0
LN-023000,0.0
LN-014593,0.0
LN-007608,0.0
LN-017358,0.0
LN-000646,0.0
LN-003792,0.0
LN-008211,0.0
LN-009919,0.0
LN-017104,0.0
LN-013188,0.0
LN-006899,0.0
LN-001584,0.0
LN-012482,0.0
LN-024528,0.0
LN-024092,0.0
LN-026950,0.0
LN-022365,0.0
LN-007952,0.0
LN-019776,0.0
LN-027568,0.0
LN-004951,0.0
LN-010098,0.0
LN-006563,0.0
LN-025111,0.0
LN-017334,0.0
LN-011377,0.0
LN-029028,0.0
LN-005056,0.0
LN-010356,0.0
LN-009294,0.0
LN-024825,0.0
LN-018328,0.0
LN-009427,0.0
LN-021910,0.0
LN-022041,0.0
LN-005932,0.0
LN-001464,0.0
LN-013479,0.0
LN-008593,0.0
LN-003198,0.0
LN-016902,0.0
LN-018709,0.0
LN-002133,0.0
LN-010995,0.0
LN-021801,0.0
LN-003405,0.0
LN-001351,0.0
LN-022993,0.0
LN-009095,0.0
LN-023068,0.0
LN-006164,0.0
LN-022292,0.0
LN-020275,0.0
LN-016350,0.0
LN-026883,0.0
LN-028688,0.0
LN-010081,0.0
LN-025562,0.0
LN-028120,0.0
LN-028107,0.0
LN-022222,0.0
LN-009971,0.0
LN-021132,0.0
LN-018188,0.0
LN-024208,0.0
LN-029166,0.0
LN-007829,0.0
LN-024420,0.0
LN-012818,0.0
LN-008781,0.0
LN-020002,0.0
LN-009862,0.0
LN-015957,0.0
LN-023084,0.0
LN-018496,0.0
LN-019886,0.0
LN-027885,0.0
LN-012547,0.0
LN-024090,0.0
LN-000488,0.0
LN-021489,0.0
LN-020662,0.0
LN-015348,0.0
LN-008250,0.0
LN-007385,0.0
LN-027422,0.0
LN-018791,0.0
LN-007182,0.0
LN-019746,0.0
LN-019340,0.0
LN-011312,0.0
LN-020146,0.0
LN-008278,0.0
LN-005135,0.0
LN-023466,0.0
LN-027469,0.0
LN-000949,0.0
LN-023317,0.0
LN-013622,0.0
LN-009590,0.0
LN-005940,0.0
LN-001454,0.0
LN-004997,0.0
LN-011367,0.0
LN-005805,0.0
LN-027679,0.0
LN-006936,0.0
LN-000620,0.0
LN-007488,0.0
LN-023042,0.0
LN-026751,0.0
LN-014613,0.0
LN-006536,0.0
LN-026331,0.0
LN-017594,0.0
LN-002753,0.0
LN-006648,0.0
LN-023814,0.0
LN-001048,0.0
LN-004326,0.0
LN-010534,0.0
LN-010430,0.0
LN-019127,0.0
LN-026112,0.0
LN-026257,0.0
LN-028196,0.0
LN-027411,0.0
LN-021010,0.0
LN-027538,0.0
LN-020433,0.0
LN-009512,0.0
LN-019124,0.0
LN-000400,0.0
LN-002891,0.0
LN-024236,0.0
LN-017071,0.0
LN-009799,0.0
LN-023001,0.0
LN-003262,0.0
LN-009114,0.0
LN-007545,0.0
LN-016628,0.0
LN-018124,0.0
LN-010374,0.0
LN-018268,0.0
LN-008108,0.0
LN-027647,0.0
LN-000982,0.0
LN-010535,0.0
LN-010355,0.0
LN-017544,0.0
LN-023081,0.0
LN-010224,0.0
LN-007094,0.0
LN-016982,0.0
LN-005830,0.0
LN-002968,0.0
LN-021286,0.0
LN-017364,0.0
LN-013937,0.0
LN-018364,0.0
LN-024056,0.0
LN-005211,0.0
LN-000001,0.0
LN-007347,0.0
LN-021076,0.0
LN-021007,0.0
LN-019857,0.0
LN-028882,0.0
LN-009167,0.0
LN-017599,0.0
LN-026932,0.0
LN-016954,0.0
LN-002750,0.0
LN-010250,0.0
LN-018851,0.0
LN-022826,0.0
LN-002691,0.0
LN-025360,0.0
LN-016870,0.0
LN-028996,0.0
LN-003718,0.0
LN-014796,0.0
LN-023572,0.0
LN-007754,0.0
LN-025148,0.0
LN-014092,0.0
LN-008277,0.0
LN-022425,0.0
LN-012259,0.0
LN-016504,0.0
LN-023238,0.0
LN-020471,0.0
LN-026443,0.0
LN-012246,0.0
LN-006860,0.0
LN-009136,0.0
LN-010044,0.0
LN-023297,0.0
LN-028649,0.0
LN-021998,0.0
LN-006304,0.0
LN-022820,0.0
LN-002451,0.0
LN-001938,0.0
LN-019381,0.0
LN-008879,0.0
LN-009102,0.0
LN-024922,0.0
LN-022600,0.0
LN-012838,0.0
LN-001030,0.0
LN-004616,0.0
LN-019524,0.0
LN-027544,0.0
LN-011793,0.0
LN-026273,0.0
LN-023230,0.0
LN-027052,0.0
LN-004393,0.0
LN-021225,0.0
LN-007504,0.0
LN-016156,0.0
LN-010585,0.0
LN-005141,0.0
LN-013158,0.0
LN-001633,0.0
LN-020641,0.0
LN-003565,0.0
LN-023826,0.0
LN-013814,0.0
LN-017769,0.0
LN-013122,0.0
LN-024039,0.0
LN-006982,0.0
LN-011485,0.0
LN-021299,0.0
LN-003916,0.0
LN-024338,0.0
LN-026405,0.0
LN-024786,0.0
LN-001350,0.0
LN-015499,0.0
LN-008200,0.0
LN-009704,0.0
LN-019884,0.0
LN-001179,0.0
LN-006052,0.0
LN-019294,0.0
LN-012119,0.0
LN-017536,0.0
LN-010363,0.0
LN-001961,0.0
LN-007508,0.0
LN-013653,0.0
LN-014855,0.0
LN-021471,0.0
LN-016441,0.0
LN-005679,0.0
LN-006687,0.0
LN-007698,0.0
LN-004116,0.0
LN-007023,0.0
LN-000490,0.0
LN-009100,0.0
LN-023939,0.0
LN-021499,0.0
LN-027403,0.0
LN-020749,0.0
LN-009702,0.0
LN-028358,0.0
LN-018616,0.0
LN-015351,0.0
LN-019339,0.0
LN-024653,0.0
LN-027331,0.0
LN-005911,0.0
LN-001954,0.0
LN-020072,0.0
LN-003028,0.0
LN-021914,0.0
LN-020621,0.0
LN-009450,0.0
LN-009201,0.0
LN-025794,0.0
LN-013335,0.0
LN-003602,0.0
LN-013867,0.0
LN-003021,0.0
LN-000345,0.0
LN-002455,0.0
LN-027188,0.0
LN-003412,0.0
LN-005012,0.0
LN-019948,0.0
LN-017992,0.0
LN-006769,0.0
LN-022036,0.0
LN-007230,0.0
LN-016088,0.0
LN-021504,0.0
LN-023907,0.0
LN-027471,0.0
LN-024128,0.0
LN-017941,0.0
LN-015577,0.0
LN-000533,0.0
LN-025864,0.0
LN-002101,0.0
LN-026455,0.0
LN-007158,0.0
LN-023032,0.0
LN-008565,0.0
LN-005953,0.0
LN-012979,0.0
LN-011279,0.0
LN-017231,0.0
LN-027552,0.0
LN-006817,0.0
LN-004356,0.0
LN-003760,0.0
LN-013124,0.0
LN-010903,0.0
LN-020788,0.0
LN-007457,0.0
LN-021284,0.0
LN-009305,0.0
LN-025455,0.0
LN-020018,0.0
LN-009918,0.0
LN-015997,0.0
LN-018864,0.0
LN-022984,0.0
LN-012389,0.0
LN-000065,0.0
LN-010074,0.0
LN-012396,0.0
LN-000463,0.0
LN-003016,0.0
LN-004033,0.0
LN-007840,0.0
LN-022078,0.0
LN-022606,0.0
LN-002682,0.0
LN-014489,0.0
LN-001052,0.0
LN-025137,0.0
LN-026999,0.0
LN-007058,0.0
LN-027586,0.0
LN-011480,0.0
LN-004348,0.0
LN-026519,0.0
LN-008051,0.0
LN-002987,0.0
LN-012938,0.0
LN-001309,0.0
LN-014324,0.0
LN-000923,0.0
LN-028302,0.0
LN-020750,0.0
LN-007632,0.0
LN-010476,0.0
LN-021354,0.0
LN-021093,0.0
LN-000535,0.0
LN-019864,0.0
LN-006907,0.0
LN-017899,0.0
LN-023472,0.0
LN-024548,0.0
LN-028974,0.0
LN-016098,0.0
LN-004304,0.0
LN-018483,0.0
LN-009316,0.0
LN-001935,0.0
LN-014989,0.0
LN-002775,0.0
LN-022715,0.0
LN-011906,0.0
LN-018485,0.0
LN-006905,0.0
LN-025345,0.0
LN-027763,0.0
LN-007190,0.0
LN-019662,0.0
LN-027303,0.0
LN-019646,0.0
LN-009712,0.0
LN-022375,0.0
LN-017391,0.0
LN-003668,0.0
LN-009486,0.0
LN-002826,0.0
LN-013280,0.0
LN-005334,0.0
LN-028700,0.0
LN-019418,0.0
LN-003349,0.0
LN-020723,0.0
LN-011973,0.0
LN-020652,0.0
LN-024612,0.0
LN-002228,0.0
LN-001668,0.0
LN-023342,0.0
LN-013205,0.0
LN-028854,0.0
LN-012031,0.0
LN-013010,0.0
LN-020892,0.0
LN-023401,0.0
LN-014602,0.0
LN-006740,0.0
LN-004278,0.0
LN-008584,0.0
LN-026339,0.0
LN-007296,0.0
LN-011437,0.0
LN-025839,0.0
LN-003828,0.0
LN-012162,0.0
LN-021223,0.0
LN-021281,0.0
LN-022914,0.0
LN-025269,0.0
LN-029035,0.0
LN-008016,0.0
LN-004247,0.0
LN-025723,0.0
LN-010588,0.0
LN-020279,0.0
LN-014880,0.0
LN-017942,0.0
LN-028392,0.0
LN-002185,0.0
LN-009434,0.0
LN-012401,0.0
LN-027080,0.0
LN-004807,0.0
LN-002238,0.0
LN-011558,0.0
LN-003831,0.0
LN-022932,0.0
LN-008588,0.0
LN-021025,0.0
LN-014788,0.0
LN-024708,0.0
LN-007747,0.0
LN-011767,0.0
LN-012233,0.0
LN-015364,0.0
LN-006986,0.0
LN-017612,0.0
LN-025684,0.0
LN-003629,0.0
LN-000266,0.0
LN-014737,0.0
LN-025314,0.0
LN-017738,0.0
LN-021316,0.0
LN-026675,0.0
LN-002363,0.0
LN-008219,0.0
LN-002806,0.0
LN-026770,0.0
LN-007120,0.0
LN-024489,0.0
LN-002627,0.0
LN-022641,0.0
LN-001404,0.0
LN-028208,0.0
LN-025483,0.0
LN-010281,0.0
LN-022228,0.0
LN-000157,0.0
LN-016479,0.0
LN-028278,0.0
LN-020661,0.0
LN-027614,0.0
LN-021751,0.0
LN-024051,0.0
LN-017257,0.0
LN-013417,0.0
LN-005998,0.0
LN-010827,0.0
LN-008916,0.0
LN-011171,0.0
LN-014011,0.0
LN-002264,0.0
LN-005209,0.0
LN-018550,0.0
LN-010962,0.0
LN-010753,0.0
LN-001999,0.0
LN-011103,0.0
LN-027638,0.0
LN-026190,0.0
LN-010238,0.0
LN-017355,0.0
LN-004523,0.0
LN-013449,0.0
LN-022408,0.0
LN-003646,0.0
LN-023966,0.0
LN-008720,0.0
LN-021517,0.0
LN-004426,0.0
LN-006803,0.0
LN-017540,0.0
LN-007828,0.0
LN-006430,0.0
LN-008239,0.0
LN-022389,0.0
LN-026735,0.0
LN-006555,0.0
LN-001665,0.0
LN-001479,0.0
LN-021102,0.0
LN-003682,0.0
LN-025418,0.0
LN-002663,0.0
LN-022943,0.0
LN-023168,0.0
LN-019320,0.0
LN-026865,0.0
LN-019076,0.0
LN-013146,0.0
LN-020561,0.0
LN-001723,0.0
LN-021943,0.0
LN-003482,0.0
LN-021120,0.0
LN-004105,0.0
LN-006575,0.0
LN-013550,0.0
LN-024168,0.0
LN-018642,0.0
LN-015158,0.0
LN-015029,0.0
LN-019281,0.0
LN-014237,0.0
LN-025333,0.0
LN-017132,0.0
LN-013199,0.0
LN-026877,0.0
LN-000820,0.0
LN-015206,0.0
LN-026351,0.0
LN-000142,0.0
LN-026131,0.0
LN-026204,0.0
LN-007689,0.0
LN-006443,0.0
LN-013008,0.0
LN-027864,0.0
LN-025937,0.0
LN-025786,0.0
LN-008067,0.0
LN-018081,0.0
LN-007980,0.0
LN-003433,0.0
LN-013455,0.0
LN-013089,0.0
LN-028290,0.0
LN-020738,0.0
LN-013616,0.0
LN-016057,0.0
LN-008788,0.0
LN-016040,0.0
LN-022554,0.0
LN-021429,0.0
LN-021317,0.0
LN-027064,0.0
LN-013957,0.0
LN-013332,0.0
LN-010191,0.0
LN-000147,0.0
LN-022484,0.0
LN-023192,0.0
LN-004569,0.0
LN-022537,0.0
LN-006702,0.0
LN-008615,0.0
LN-022242,0.0
LN-002841,0.0
LN-016563,0.0
LN-002031,0.0
LN-016508,0.0
LN-021426,0.0
LN-021178,0.0
LN-002937,0.0
LN-011686,0.0
LN-000575,0.0
LN-005105,0.0
LN-021541,0.0
LN-022998,0.0
LN-024983,0.0
LN-029284,0.0
LN-018600,0.0
LN-018488,0.0
LN-008113,0.0
LN-029277,0.0
LN-003179,0.0
LN-012989,0.0
LN-005463,0.0
LN-001734,0.0
LN-025672,0.0
LN-010290,0.0
LN-015244,0.0
LN-009861,0.0
LN-017238,0.0
LN-023681,0.0
LN-018566,0.0
LN-024341,0.0
LN-012894,0.0
LN-004303,0.0
LN-024038,0.0
LN-001129,0.0
LN-002508,0.0
LN-024648,0.0
LN-018516,0.0
LN-025920,0.0
LN-005472,0.0
LN-024013,0.0
LN-001687,0.0
LN-012234,0.0
LN-023383,0.0
LN-005540,0.0
LN-011521,0.0
LN-004707,0.0
LN-025001,0.0
LN-004885,0.0
LN-021052,0.0
LN-022689,0.0
LN-016310,0.0
LN-005465,0.0
LN-014204,0.0
LN-013072,0.0
LN-003010,0.0
LN-012971,0.0
LN-002809,0.0
LN-004720,0.0
LN-005104,0.0
LN-022473,0.0
LN-020054,0.0
LN-018409,0.0
LN-006047,0.0
LN-019674,0.0
LN-026408,0.0
LN-007421,0.0
LN-023389,0.0
LN-021491,0.0
LN-021773,0.0
LN-021434,0.0
LN-023326,0.0
LN-011580,0.0
LN-014614,0.0
LN-016811,0.0
LN-015554,0.0
LN-005914,0.0
LN-028745,0.0
LN-026529,0.0
LN-023599,0.0
LN-003812,0.0
LN-011600,0.0
LN-018560,0.0
LN-023967,0.0
LN-008962,0.0
LN-027474,0.0
LN-003090,0.0
LN-010086,0.0
LN-017788,0.0
LN-016123,0.0
LN-007933,0.0
LN-026592,0.0
LN-009213,0.0
LN-019809,0.0
LN-009519,0.0
LN-012600,0.0
LN-016755,0.0
LN-001978,0.0
LN-002942,0.0
LN-026989,0.0
LN-007509,0.0
LN-003342,0.0
LN-027820,0.0
LN-017898,0.0
LN-025351,0.0
LN-023143,0.0
LN-017309,0.0
LN-028127,0.0
LN-023390,0.0
LN-016998,0.0
LN-011712,0.0
LN-020095,0.0
LN-012957,0.0
LN-004658,0.0
LN-018576,0.0
LN-023613,0.0
LN-019336,0.0
LN-020719,0.0
LN-011961,0.0
LN-008707,0.0
LN-025804,0.0
LN-027344,0.0
LN-003162,0.0
LN-014413,0.0
LN-026941,0.0
LN-011405,0.0
LN-025133,0.0
LN-007767,0.0
LN-012944,0.0
LN-007322,0.0
LN-016841,0.0
LN-012450,0.0
LN-010616,0.0
LN-001933,0.0
LN-008307,0.0
LN-006549,0.0
LN-017020,0.0
LN-000674,0.0
LN-019323,0.0
LN-001078,0.0
LN-028227,0.0
LN-014740,0.0
LN-007427,0.0
LN-002190,0.0
LN-009419,0.0
LN-004471,0.0
LN-009073,0.0
LN-009376,0.0
LN-006954,0.0
LN-017537,0.0
LN-007928,0.0
LN-008696,0.0
LN-014686,0.0
LN-017034,0.0
LN-009191,0.0
LN-012745,0.0
LN-008573,0.0
LN-002231,0.0
LN-027192,0.0
LN-010412,0.0
LN-015594,0.0
LN-024123,0.0
LN-018932,0.0
LN-015640,0.0
LN-003372,0.0
LN-012109,0.0
LN-011778,0.0
LN-023211,0.0
LN-020422,0.0
LN-027467,0.0
LN-023395,0.0
LN-000519,0.0
LN-020657,0.0
LN-017931,0.0
LN-007399,0.0
LN-005688,0.0
LN-016847,0.0
LN-018223,0.0
LN-017529,0.0
LN-027335,0.0
LN-024142,0.0
LN-022773,0.0
LN-020048,0.0
LN-014881,0.0
LN-024883,0.0
LN-018494,0.0
LN-000720,0.0
LN-003529,0.0
LN-005179,0.0
LN-003126,0.0
LN-022143,0.0
LN-008336,0.0
LN-008436,0.0
LN-024057,0.0
LN-002956,0.0
LN-018243,0.0
LN-024116,0.0
LN-018837,0.0
LN-024448,0.0
LN-013948,0.0
LN-013420,0.0
LN-012687,0.0
LN-003421,0.0
LN-006385,0.0
LN-029310,0.0
LN-022155,0.0
LN-011116,0.0
LN-001442,0.0
LN-003360,0.0
LN-006820,0.0
LN-011477,0.0
LN-003802,0.0
LN-027207,0.0
LN-005120,0.0
LN-015073,0.0
LN-010679,0.0
LN-028056,0.0
LN-010683,0.0
LN-007674,0.0
LN-024310,0.0
LN-019191,0.0
LN-026699,0.0
LN-025587,0.0
LN-023334,0.0
LN-018245,0.0
LN-008418,0.0
LN-010239,0.0
LN-012866,0.0
LN-013353,0.0
LN-023454,0.0
LN-004644,0.0
LN-009883,0.0
LN-003903,0.0
LN-007739,0.0
LN-006703,0.0
LN-014644,0.0
LN-018769,0.0
LN-002075,0.0
LN-005438,0.0
LN-014250,0.0
LN-004226,0.0
LN-021619,0.0
LN-022404,0.0
LN-002128,0.0
LN-008485,0.0
LN-013427,0.0
LN-004412,0.0
LN-026401,0.0
LN-016592,0.0
LN-001412,0.0
LN-024839,0.0
LN-018499,0.0
LN-011575,0.0
LN-013350,0.0
LN-017522,0.0
LN-000592,0.0
LN-013967,0.0
LN-019203,0.0
LN-017972,0.0
LN-027483,0.0
LN-000459,0.0
LN-002906,0.0
LN-016843,0.0
LN-002613,0.0
LN-015000,0.0
LN-013511,0.0
LN-004905,0.0
LN-004489,0.0
LN-006114,0.0
LN-016089,0.0
LN-026631,0.0
LN-026242,0.0
LN-016067,0.0
LN-005758,0.0
LN-008170,0.0
LN-020185,0.0
LN-002450,0.0
LN-011234,0.0
LN-007236,0.0
LN-005022,0.0
LN-028644,0.0
LN-012400,0.0
LN-006746,0.0
LN-003131,0.0
LN-015147,0.0
LN-008272,0.0
LN-010727,0.0
LN-015113,0.0
LN-001859,0.0
LN-002281,0.0
LN-023725,0.0
LN-017618,0.0
LN-004431,0.0
LN-014870,0.0
LN-009904,0.0
LN-005861,0.0
LN-023409,0.0
LN-026570,0.0
LN-001449,0.0
LN-006510,0.0
LN-007266,0.0
LN-020689,0.0
LN-018235,0.0
LN-011336,0.0
LN-015328,0.0
LN-002197,0.0
LN-028013,0.0
LN-014448,0.0
LN-019983,0.0
LN-005835,0.0
LN-017720,0.0
LN-010671,0.0
LN-002182,0.0
LN-008942,0.0
LN-010043,0.0
LN-029141,0.0
LN-008983,0.0
LN-013488,0.0
LN-015183,0.0
LN-028064,0.0
LN-027826,0.0
LN-019681,0.0
LN-000438,0.0
LN-029091,0.0
LN-009926,0.0
LN-027393,0.0
LN-023768,0.0
LN-026789,0.0
LN-005676,0.0
LN-011705,0.0
LN-005647,0.0
LN-027851,0.0
LN-022496,0.0
LN-029171,0.0
LN-013196,0.0
LN-004944,0.0
LN-026256,0.0
LN-004522,0.0
LN-027578,0.0
LN-007000,0.0
LN-008260,0.0
LN-019173,0.0
LN-000918,0.0
LN-001686,0.0
LN-018436,0.0
LN-008662,0.0
LN-008877,0.0
LN-022636,0.0
LN-022533,0.0
LN-001425,0.0
LN-012512,0.0
LN-008098,0.0
LN-009976,0.0
LN-024375,0.0
LN-003064,0.0
LN-023574,0.0
LN-026916,0.0
LN-019368,0.0
LN-013567,0.0
LN-021035,0.0
LN-023766,0.0
LN-010306,0.0
LN-021397,0.0
LN-017273,0.0
LN-007460,0.0
LN-012055,0.0
LN-012755,0.0
LN-010575,0.0
LN-002222,0.0
LN-007657,0.0
LN-003260,0.0
LN-019521,0.0
LN-020021,0.0
LN-025948,0.0
LN-001587,0.0
LN-028770,0.0
LN-007624,0.0
LN-026119,0.0
LN-014782,0.0
LN-009732,0.0
LN-021309,0.0
LN-015180,0.0
LN-016578,0.0
LN-006766,0.0
LN-004854,0.0
LN-029015,0.0
LN-025943,0.0
LN-001759,0.0
LN-014033,0.0
LN-023773,0.0
LN-015983,0.0
LN-000893,0.0
LN-027484,0.0
LN-009836,0.0
LN-009766,0.0
LN-013009,0.0
LN-013525,0.0
LN-008061,0.0
LN-018473,0.0
LN-016724,0.0
LN-028239,0.0
LN-002482,0.0
LN-025728,0.0
LN-000333,0.0
LN-005789,0.0
LN-016372,0.0
LN-020181,0.0
LN-001230,0.0
LN-009633,0.0
LN-009779,0.0
LN-026975,0.0
LN-005470,0.0
LN-022615,0.0
LN-011256,0.0
LN-001043,0.0
LN-007379,0.0
LN-024044,0.0
LN-019634,0.0
LN-024151,0.0
LN-012537,0.0
LN-006997,0.0
LN-013211,0.0
LN-021131,0.0
LN-016100,0.0
LN-013109,0.0
LN-002579,0.0
LN-015953,0.0
LN-004961,0.0
LN-023136,0.0
LN-010505,0.0
LN-021112,0.0
LN-023021,0.0
LN-001570,0.0
LN-015689,0.0
LN-027883,0.0
LN-018397,0.0
LN-014151,0.0
LN-029319,0.0
LN-011796,0.0
LN-002712,0.0
LN-007615,0.0
LN-025697,0.0
LN-010093,0.0
LN-021468,0.0
LN-009318,0.0
LN-027286,0.0
LN-011723,0.0
LN-011997,0.0
LN-012653,0.0
LN-028300,0.0
LN-026507,0.0
LN-023385,0.0
LN-021406,0.0
LN-003474,0.0
LN-010144,0.0
LN-020417,0.0
LN-002409,0.0
LN-025906,0.0
LN-014767,0.0
LN-010873,0.0
LN-000568,0.0
LN-017601,0.0
LN-001676,0.0
LN-028373,0.0
LN-014628,0.0
LN-023379,0.0
LN-025062,0.0
LN-003775,0.0
LN-027475,0.0
LN-017157,0.0
LN-008077,0.0
LN-012999,0.0
LN-015130,0.0
LN-014231,0.0
LN-019835,0.0
LN-022741,0.0
LN-014110,0.0
LN-018163,0.0
LN-015574,0.0
LN-007693,0.0
LN-016013,0.0
LN-016403,0.0
LN-023361,0.0
LN-020357,0.0
LN-027211,0.0
LN-016214,0.0
LN-027897,0.0
LN-005081,0.0
LN-006298,0.0
LN-017487,0.0
LN-003366,0.0
LN-002002,0.0
LN-021954,0.0
LN-013437,0.0
LN-023865,0.0
LN-012919,0.0
LN-022094,0.0
LN-029014,0.0
LN-001228,0.0
LN-018084,0.0
LN-012165,0.0
LN-020121,0.0
LN-000405,0.0
LN-004593,0.0
LN-027800,0.0
LN-021999,0.0
LN-012642,0.0
LN-022411,0.0
LN-027593,0.0
LN-024109,0.0
LN-020835,0.0
LN-015506,0.0
LN-023435,0.0
LN-022095,0.0
LN-003387,0.0
LN-000659,0.0
LN-021461,0.0
LN-012188,0.0
LN-008779,0.0
LN-028403,0.0
LN-006044,0.0
LN-019058,0.0
LN-024193,0.0
LN-020239,0.0
LN-016082,0.0
LN-003332,0.0
LN-007537,0.0
LN-013093,0.0
LN-001843,0.0
LN-009949,0.0
LN-014920,0.0
LN-021981,0.0
LN-019603,0.0
LN-018981,0.0
LN-011209,0.0
LN-007448,0.0
LN-006767,0.0
LN-009538,0.0
LN-019033,0.0
LN-024492,0.0
LN-007046,0.0
LN-021701,0.0
LN-010696,0.0
LN-023583,0.0
LN-014959,0.0
LN-003448,0.0
LN-020368,0.0
LN-026394,0.0
LN-016883,0.0
LN-004171,0.0
LN-018552,0.0
LN-022517,0.0
LN-019540,0.0
LN-028321,0.0
LN-016805,0.0
LN-011353,0.0
LN-001537,0.0
LN-026557,0.0
LN-006099,0.0
LN-012716,0.0
LN-019868,0.0
LN-004977,0.0
LN-007035,0.0
LN-009758,0.0
LN-005696,0.0
LN-020825,0.0
LN-023914,0.0
LN-000502,0.0
LN-019090,0.0
LN-022806,0.0
LN-006745,0.0
LN-016023,0.0
LN-012265,0.0
LN-021431,0.0
LN-006208,0.0
LN-028769,0.0
LN-009905,0.0
LN-007424,0.0
LN-012932,0.0
LN-009093,0.0
LN-001709,0.0
LN-023195,0.0
LN-013059,0.0
LN-024391,0.0
LN-015836,0.0
LN-000958,0.0
LN-013589,0.0
LN-020768,0.0
LN-001982,0.0
LN-020055,0.0
LN-008483,0.0
LN-008021,0.0
LN-004813,0.0
LN-026647,0.0
LN-013321,0.0
LN-000054,0.0
LN-028815,0.0
LN-013866,0.0
LN-022541,0.0
LN-018345,0.0
LN-029255,0.0
LN-018794,0.0
LN-028672,0.0
LN-015945,0.0
LN-027121,0.0
LN-009002,0.0
LN-019361,0.0
LN-004358,0.0
LN-004928,0.0
LN-004311,0.0
LN-022637,0.0
LN-006564,0.0
LN-025445,0.0
LN-027908,0.0
LN-005980,0.0
LN-002146,0.0
LN-009977,0.0
LN-008488,0.0
LN-019866,0.0
LN-009605,0.0
LN-022300,0.0
LN-011420,0.0
LN-006200,0.0
LN-010546,0.0
LN-014444,0.0
LN-005699,0.0
LN-015303,0.0
LN-027601,0.0
LN-028995,0.0
LN-015231,0.0
LN-020923,0.0
LN-010690,0.0
LN-024500,0.0
LN-005924,0.0
LN-018100,0.0
LN-027466,0.0
LN-015155,0.0
LN-004490,0.0
LN-027879,0.0
LN-020685,0.0
LN-011880,0.0
LN-006513,0.0
LN-019655,0.0
LN-015270,0.0
LN-026908,0.0
LN-012950,0.0
LN-023099,0.0
LN-002943,0.0
LN-005705,0.0
LN-006496,0.0
LN-012774,0.0
LN-028536,0.0
LN-001012,0.0
LN-012434,0.0
LN-012513,0.0
LN-000534,0.0
LN-011105,0.0
LN-015297,0.0
LN-000698,0.0
LN-008380,0.0
LN-000097,0.0
LN-016297,0.0
LN-001252,0.0
LN-002558,0.0
LN-014069,0.0
LN-022506,0.0
LN-025187,0.0
LN-026920,0.0
LN-001985,0.0
LN-027486,0.0
LN-023122,0.0
LN-022339,0.0
LN-013723,0.0
LN-017872,0.0
LN-023102,0.0
LN-012229,0.0
LN-011608,0.0
LN-020712,0.0
LN-027950,0.0
LN-005016,0.0
LN-008208,0.0
LN-024485,0.0
LN-012038,0.0
LN-027790,0.0
LN-023894,0.0
LN-023969,0.0
LN-018772,0.0
LN-007706,0.0
LN-004844,0.0
LN-004819,0.0
LN-003558,0.0
LN-013476,0.0
LN-001941,0.0
LN-014746,0.0
LN-023752,0.0
LN-011200,0.0
LN-019133,0.0
LN-026537,0.0
LN-022613,0.0
LN-002867,0.0
LN-012244,0.0
LN-019570,0.0
LN-024480,0.0
LN-023714,0.0
LN-006932,0.0
LN-015131,0.0
LN-004910,0.0
LN-014138,0.0
LN-006528,0.0
LN-001467,0.0
LN-005995,0.0
LN-018092,0.0
LN-017616,0.0
LN-018597,0.0
LN-005382,0.0
LN-026598,0.0
LN-009179,0.0
LN-000306,0.0
LN-012819,0.0
LN-022957,0.0
LN-001359,0.0
LN-011602,0.0
LN-026887,0.0
LN-010651,0.0
LN-001432,0.0
LN-001071,0.0
LN-004745,0.0
LN-028177,0.0
LN-011001,0.0
LN-019840,0.0
LN-021048,0.0
LN-023533,0.0
LN-025640,0.0
LN-016871,0.0
LN-002135,0.0
LN-004294,0.0
LN-029114,0.0
LN-013120,0.0
LN-010087,0.0
LN-002667,0.0
LN-029217,0.0
LN-000168,0.0
LN-018312,0.0
LN-011998,0.0
LN-016584,0.0
LN-006991,0.0
LN-007167,0.0
LN-013765,0.0
LN-000129,0.0
LN-009039,0.0
LN-007971,0.0
LN-012931,0.0
LN-019847,0.0
LN-028578,0.0
LN-010297,0.0
LN-011357,0.0
LN-018608,0.0
LN-002597,0.0
LN-016663,0.0
LN-018789,0.0
LN-005216,0.0
LN-019791,0.0
LN-023644,0.0
LN-020939,0.0
LN-026526,0.0
LN-007125,0.0
LN-025561,0.0
LN-028906,0.0
LN-017197,0.0
LN-013469,0.0
LN-023621,0.0
LN-012340,0.0
LN-006824,0.0
LN-012903,0.0
LN-021767,0.0
LN-014849,0.0
LN-023503,0.0
LN-003905,0.0
LN-018819,0.0
LN-022163,0.0
LN-005555,0.0
LN-001363,0.0
LN-005713,0.0
LN-015593,0.0
LN-010156,0.0
LN-009755,0.0
LN-001210,0.0
LN-001767,0.0
LN-016173,0.0
LN-016585,0.0
LN-021897,0.0
LN-012392,0.0
LN-028117,0.0
LN-018575,0.0
LN-003523,0.0
LN-001317,0.0
LN-018238,0.0
LN-027833,0.0
LN-004679,0.0
LN-021026,0.0
LN-006685,0.0
LN-022935,0.0
LN-017814,0.0
LN-016539,0.0
LN-012638,0.0
LN-025387,0.0
LN-026234,0.0
LN-005883,0.0
LN-004922,0.0
LN-012286,0.0
LN-016102,0.0
LN-002068,0.0
LN-000737,0.0
LN-009776,0.0
LN-024186,0.0
LN-011939,0.0
LN-026022,0.0
LN-027531,0.0
LN-013060,0.0
LN-001338,0.0
LN-021469,0.0
LN-015272,0.0
LN-004558,0.0
LN-009936,0.0
LN-028598,0.0
LN-006621,0.0
LN-007558,0.0
LN-026277,0.0
LN-022594,0.0
LN-019170,0.0
LN-020780,0.0
LN-015671,0.0
LN-001482,0.0
LN-024849,0.0
LN-008649,0.0
LN-020704,0.0
LN-013171,0.0
LN-012000,0.0
LN-012360,0.0
LN-003130,0.0
LN-012364,0.0
LN-000383,0.0
LN-019679,0.0
LN-009227,0.0
LN-026923,0.0
LN-002549,0.0
LN-018877,0.0
LN-019739,0.0
LN-024005,0.0
LN-012033,0.0
LN-028850,0.0
LN-003464,0.0
LN-006141,0.0
LN-018226,0.0
LN-028074,0.0
LN-020482,0.0
LN-001420,0.0
LN-019501,0.0
LN-021744,0.0
LN-021334,0.0
LN-027680,0.0
LN-007042,0.0
LN-023419,0.0
LN-009952,0.0
LN-021275,0.0
LN-006026,0.0
LN-008685,0.0
LN-021789,0.0
LN-003112,0.0
LN-000476,0.0
LN-012863,0.0
LN-018216,0.0
LN-023180,0.0
LN-017250,0.0
LN-019440,0.0
LN-025698,0.0
LN-010257,0.0
LN-013039,0.0
LN-003227,0.0
LN-019324,0.0
LN-020406,0.0
LN-012387,0.0
LN-000085,0.0
LN-017614,0.0
LN-012568,0.0
LN-009270,0.0
LN-016939,0.0
LN-029227,0.0
LN-022320,0.0
LN-019691,0.0
LN-004895,0.0
LN-007692,0.0
LN-025123,0.0
LN-023922,0.0
LN-020991,0.0
LN-019188,0.0
LN-021232,0.0
LN-017991,0.0
LN-026165,0.0
LN-029076,0.0
LN-001656,0.0
LN-023983,0.0
LN-025221,0.0
LN-017957,0.0
LN-021588,0.0
LN-008462,0.0
LN-014457,0.0
LN-013430,0.0
LN-002267,0.0
LN-019353,0.0
LN-005732,0.0
LN-009806,0.0
LN-023312,0.0
LN-014752,0.0
LN-019053,0.0
LN-003820,0.0
LN-024583,0.0
LN-015372,0.0
LN-028319,0.0
LN-026192,0.0
LN-005126,0.0
LN-013246,0.0
LN-020901,0.0
LN-021872,0.0
LN-019516,0.0
LN-011131,0.0
LN-013901,0.0
LN-005320,0.0
LN-027728,0.0
LN-024993,0.0
LN-009865,0.0
LN-000967,0.0
LN-004872,0.0
LN-028505,0.0
LN-004435,0.0
LN-009374,0.0
LN-028901,0.0
LN-018214,0.0
LN-008820,0.0
LN-020857,0.0
LN-027163,0.0
LN-028493,0.0
LN-006463,0.0
LN-020113,0.0
LN-004677,0.0
LN-014883,0.0
LN-009239,0.0
LN-004020,0.0
LN-020572,0.0
LN-012913,0.0
LN-019096,0.0
LN-000707,0.0
LN-020461,0.0
LN-021533,0.0
LN-023424,0.0
LN-011323,0.0
LN-003978,0.0
LN-028871,0.0
LN-013137,0.0
LN-021665,0.0
LN-022149,0.0
LN-022944,0.0
LN-020468,0.0
LN-026624,0.0
LN-028845,0.0
LN-027501,0.0
LN-003156,0.0
LN-017320,0.0
LN-029109,0.0
LN-023751,0.0
LN-010904,0.0
LN-009159,0.0
LN-025238,0.0
LN-009461,0.0
LN-027683,0.0
LN-025744,0.0
LN-026078,0.0
LN-011915,0.0
LN-022497,0.0
LN-008883,0.0
LN-018262,0.0
LN-000462,0.0
LN-027291,0.0
LN-029063,0.0
LN-026413,0.0
LN-012458,0.0
LN-019707,0.0
LN-000539,0.0
LN-009626,0.0
LN-020071,0.0
LN-000965,0.0
LN-003265,0.0
LN-016952,0.0
LN-001055,0.0
LN-028060,0.0
LN-028313,0.0
LN-009144,0.0
LN-002608,0.0
LN-025693,0.0
LN-018968,0.0
LN-001095,0.0
LN-008415,0.0
LN-018807,0.0
LN-012192,0.0
LN-013165,0.0
LN-027784,0.0
LN-026201,0.0
LN-012861,0.0
LN-006637,0.0
LN-021270,0.0
LN-003036,0.0
LN-009894,0.0
LN-001112,0.0
LN-023700,0.0
LN-005640,0.0
LN-018317,0.0
LN-003755,0.0
LN-029224,0.0
LN-011760,0.0
LN-022384,0.0
LN-027204,0.0
LN-026946,0.0
LN-026238,0.0
LN-009049,0.0
LN-028014,0.0
LN-029307,0.0
LN-029288,0.0
LN-011524,0.0
LN-028970,0.0
LN-016647,0.0
LN-026972,0.0
LN-017013,0.0
LN-026563,0.0
LN-026938,0.0
LN-027128,0.0
LN-005947,0.0
LN-021449,0.0
LN-013628,0.0
LN-016010,0.0
LN-023020,0.0
LN-026426,0.0
LN-001548,0.0
LN-015053,0.0
LN-006157,0.0
LN-002761,0.0
LN-020358,0.0
LN-003505,0.0
LN-016973,0.0
LN-026465,0.0
LN-027183,0.0
LN-019290,0.0
LN-026485,0.0
LN-024994,0.0
LN-028663,0.0
LN-025012,0.0
LN-018540,0.0
LN-008334,0.0
LN-006478,0.0
LN-010304,0.0
LN-017714,0.0
LN-018213,0.0
LN-004160,0.0
LN-002459,0.0
LN-021889,0.0
LN-009055,0.0
LN-027762,0.0
LN-012228,0.0
LN-000650,0.0
LN-016099,0.0
LN-000205,0.0
LN-024625,0.0
LN-006150,0.0
LN-010375,0.0
LN-003756,0.0
LN-005240,0.0
LN-025599,0.0
LN-014290,0.0
LN-002044,0.0
LN-019387,0.0
LN-024697,0.0
LN-003113,0.0
LN-008386,0.0
LN-012380,0.0
LN-018548,0.0
LN-004563,0.0
LN-026105,0.0
LN-016532,0.0
LN-016651,0.0
LN-000941,0.0
LN-011230,0.0
LN-009898,0.0
LN-009391,0.0
LN-007700,0.0
LN-016613,0.0
LN-001515,0.0
LN-024660,0.0
LN-018567,0.0
LN-008464,0.0
LN-008679,0.0
LN-007384,0.0
LN-011415,0.0
LN-028228,0.0
LN-009548,0.0
LN-004888,0.0
LN-019503,0.0
LN-025656,0.0
LN-012876,0.0
LN-017662,0.0
LN-014680,0.0
LN-006684,0.0
LN-010887,0.0
LN-022106,0.0
LN-020599,0.0
LN-022383,0.0
LN-024114,0.0
LN-008413,0.0
LN-000761,0.0
LN-021828,0.0
LN-013940,0.0
LN-018537,0.0
LN-025544,0.0
LN-009322,0.0
LN-007354,0.0
LN-009333,0.0
LN-028129,0.0
LN-003351,0.0
LN-019258,0.0
LN-009178,0.0
LN-016147,0.0
LN-025551,0.0
LN-012041,0.0
LN-003782,0.0
LN-002105,0.0
LN-007350,0.0
LN-004524,0.0
LN-025628,0.0
LN-022644,0.0
LN-005018,0.0
LN-028173,0.0
LN-004897,0.0
LN-023743,0.0
LN-018154,0.0
LN-028305,0.0
LN-021909,0.0
LN-008604,0.0
LN-022358,0.0
LN-027737,0.0
LN-017341,0.0
LN-006442,0.0
LN-017723,0.0
LN-012850,0.0
LN-014313,0.0
LN-012560,0.0
LN-024888,0.0
LN-009740,0.0
LN-027236,0.0
LN-013996,0.0
LN-011657,0.0
LN-015300,0.0
LN-001283,0.0
LN-022397,0.0
LN-006168,0.0
LN-025898,0.0
LN-012473,0.0
LN-015780,0.0
LN-018670,0.0
LN-023611,0.0
LN-025076,0.0
LN-001056,0.0
LN-006734,0.0
LN-024537,0.0
LN-029193,0.0
LN-013843,0.0
LN-025150,0.0
LN-014374,0.0
LN-026870,0.0
LN-014449,0.0
LN-015205,0.0
LN-005670,0.0
LN-001187,0.0
LN-007985,0.0
LN-002935,0.0
LN-015394,0.0
LN-019342,0.0
LN-019843,0.0
LN-024717,0.0
LN-019109,0.0
LN-022748,0.0
LN-025764,0.0
LN-009489,0.0
LN-016683,0.0
LN-005432,0.0
LN-025329,0.0
LN-010835,0.0
LN-002515,0.0
LN-011579,0.0
LN-016499,0.0
LN-017107,0.0
LN-021796,0.0
LN-004931,0.0
LN-014226,0.0
LN-022708,0.0
LN-012666,0.0
LN-022713,0.0
LN-029250,0.0
LN-021785,0.0
LN-004766,0.0
LN-020220,0.0
LN-014017,0.0
LN-015806,0.0
LN-017823,0.0
LN-004207,0.0
LN-011936,0.0
LN-004881,0.0
LN-011066,0.0
LN-003326,0.0
LN-016507,0.0
LN-017916,0.0
LN-025209,0.0
LN-000162,0.0
LN-026274,0.0
LN-023851,0.0
LN-001224,0.0
LN-019954,0.0
LN-021188,0.0
LN-018727,0.0
LN-008146,0.0
LN-007325,0.0
LN-026447,0.0
LN-012394,0.0
LN-022311,0.0
LN-009479,0.0
LN-027565,0.0
LN-009165,0.0
LN-026449,0.0
LN-016152,0.0
LN-027734,0.0
LN-016874,0.0
LN-012191,0.0
LN-006438,0.0
LN-009407,0.0
LN-013372,0.0
LN-026033,0.0
LN-006101,0.0
LN-006462,0.0
LN-018332,0.0
LN-008236,0.0
LN-022938,0.0
LN-020080,0.0
LN-000971,0.0
LN-023916,0.0
LN-006858,0.0
LN-014014,0.0
LN-007575,0.0
LN-012200,0.0
LN-021006,0.0
LN-001649,0.0
LN-010080,0.0
LN-001299,0.0
LN-011395,0.0
LN-014653,0.0
LN-019465,0.0
LN-012806,0.0
LN-028237,0.0
LN-016203,0.0
LN-018704,0.0
LN-021673,0.0
LN-018196,0.0
LN-000873,0.0
LN-010968,0.0
LN-019419,0.0
LN-009416,0.0
LN-000127,0.0
LN-001270,0.0
LN-018838,0.0
LN-001562,0.0
LN-012053,0.0
LN-007349,0.0
LN-011494,0.0
LN-004342,0.0
LN-025068,0.0
LN-020269,0.0
LN-027989,0.0
LN-009896,0.0
LN-009498,0.0
LN-020020,0.0
LN-010197,0.0
LN-006316,0.0
LN-020464,0.0
LN-017216,0.0
LN-027310,0.0
LN-014590,0.0
LN-026587,0.0
LN-004260,0.0
LN-026467,0.0
LN-017834,0.0
LN-023073,0.0
LN-008824,0.0
LN-005055,0.0
LN-018149,0.0
LN-025887,0.0
LN-006263,0.0
LN-007546,0.0
LN-017962,0.0
LN-013150,0.0
LN-007929,0.0
LN-014100,0.0
LN-015014,0.0
LN-027352,0.0
LN-004891,0.0
LN-029265,0.0
LN-029264,0.0
LN-004545,0.0
LN-018534,0.0
LN-007011,0.0
LN-000524,0.0
LN-017575,0.0
LN-007218,0.0
LN-023467,0.0
LN-024910,0.0
LN-000380,0.0
LN-009409,0.0
LN-008331,0.0
LN-021543,0.0
LN-012043,0.0
LN-014023,0.0
LN-014466,0.0
LN-027039,0.0
LN-010141,0.0
LN-000512,0.0
LN-017926,0.0
LN-024380,0.0
LN-012125,0.0
LN-016534,0.0
LN-027918,0.0
LN-005446,0.0
LN-016467,0.0
LN-009705,0.0
LN-010472,0.0
LN-008030,0.0
LN-007878,0.0
LN-005054,0.0
LN-020954,0.0
LN-020883,0.0
LN-009263,0.0
LN-005107,0.0
LN-003709,0.0
LN-021912,0.0
LN-026681,0.0
LN-013352,0.0
LN-022361,0.0
LN-025202,0.0
LN-011496,0.0
LN-007777,0.0
LN-013078,0.0
LN-015088,0.0
LN-020862,0.0
LN-001549,0.0
LN-007064,0.0
LN-017301,0.0
LN-002178,0.0
LN-026691,0.0
LN-021786,0.0
LN-011271,0.0
LN-023244,0.0
LN-010944,0.0
LN-007304,0.0
LN-029110,0.0
LN-003008,0.0
LN-028154,0.0
LN-022775,0.0
LN-018687,0.0
LN-005317,0.0
LN-029234,0.0
LN-005897,0.0
LN-010076,0.0
LN-024052,0.0
LN-005417,0.0
LN-026082,0.0
LN-017841,0.0
LN-008474,0.0
LN-011051,0.0
LN-007526,0.0
LN-010914,0.0
LN-016596,0.0
LN-002736,0.0
LN-019527,0.0
LN-019914,0.0
LN-022782,0.0
LN-026706,0.0
LN-011878,0.0
LN-025646,0.0
LN-029299,0.0
LN-003989,0.0
LN-018230,0.0
LN-010358,0.0
LN-003652,0.0
LN-005749,0.0
LN-018650,0.0
LN-016801,0.0
LN-007238,0.0
LN-005445,0.0
LN-026738,0.0
LN-022273,0.0
LN-026128,0.0
LN-002967,0.0
LN-025934,0.0
LN-022457,0.0
LN-024416,0.0
LN-021485,0.0
LN-008502,0.0
LN-002064,0.0
LN-021547,0.0
LN-004331,0.0
LN-008940,0.0
LN-001160,0.0
LN-019460,0.0
LN-009928,0.0
LN-019430,0.0
LN-002056,0.0
LN-006518,0.0
LN-022270,0.0
LN-006842,0.0
LN-022051,0.0
LN-020204,0.0
LN-022705,0.0
LN-004599,0.0
LN-027063,0.0
LN-018435,0.0
LN-028343,0.0
LN-004697,0.0
LN-005790,0.0
LN-017131,0.0
LN-026728,0.0
LN-014635,0.0
LN-011278,0.0
LN-008060,0.0
LN-021551,0.0
LN-018986,0.0
LN-010439,0.0
LN-002792,0.0
LN-027014,0.0
LN-025474,0.0
LN-013361,0.0
LN-019984,0.0
LN-020692,0.0
LN-027416,0.0
LN-008912,0.0
LN-023918,0.0
LN-023043,0.0
LN-000376,0.0
LN-016616,0.0
LN-001108,0.0
LN-025894,0.0
LN-014703,0.0
LN-029201,0.0
LN-000425,0.0
LN-019854,0.0
LN-029238,0.0
LN-025069,0.0
LN-019136,0.0
LN-002732,0.0
LN-028027,0.0
LN-009530,0.0
LN-006717,0.0
LN-020180,0.0
LN-010435,0.0
LN-001441,0.0
LN-006406,0.0
LN-020053,0.0
LN-010518,0.0
LN-001226,0.0
LN-012071,0.0
LN-023241,0.0
LN-029162,0.0
LN-010019,0.0
LN-015921,0.0
LN-016337,0.0
LN-000846,0.0
LN-002426,0.0
LN-015687,0.0
LN-020130,0.0
LN-022739,0.0
LN-011203,0.0
LN-004754,0.0
LN-002077,0.0
LN-001003,0.0
LN-021304,0.0
LN-028268,0.0
LN-021274,0.0
LN-004454,0.0
LN-026194,0.0
LN-016705,0.0
LN-004330,0.0
LN-007408,0.0
LN-023441,0.0
LN-002221,0.0
LN-016631,0.0
LN-029132,0.0
LN-009256,0.0
LN-012446,0.0
LN-022340,0.0
LN-004737,0.0
LN-006623,0.0
LN-020609,0.0
LN-021919,0.0
LN-002603,0.0
LN-028069,0.0
LN-014468,0.0
LN-015423,0.0
LN-005490,0.0
LN-014516,0.0
LN-010667,0.0
LN-023341,0.0
LN-007453,0.0
LN-005253,0.0
LN-011156,0.0
LN-026524,0.0
LN-002444,0.0
LN-021342,0.0
LN-001516,0.0
LN-001523,0.0
LN-008955,0.0
LN-010685,0.0
LN-005635,0.0
LN-019568,0.0
LN-008985,0.0
LN-002581,0.0
LN-022727,0.0
LN-011403,0.0
LN-000778,0.0
LN-028342,0.0
LN-023684,0.0
LN-021659,0.0
LN-020138,0.0
LN-006573,0.0
LN-002117,0.0
LN-006452,0.0
LN-011618,0.0
LN-005799,0.0
LN-009837,0.0
LN-022752,0.0
LN-003456,0.0
LN-019509,0.0
LN-013094,0.0
LN-025567,0.0
LN-021843,0.0
LN-003698,0.0
LN-023717,0.0
LN-015739,0.0
LN-003123,0.0
LN-016302,0.0
LN-005062,0.0
LN-013014,0.0
LN-013955,0.0
LN-007567,0.0
LN-003418,0.0
LN-020473,0.0
LN-011248,0.0
LN-009424,0.0
LN-011360,0.0
LN-004793,0.0
LN-001890,0.0
LN-008370,0.0
LN-024669,0.0
LN-029013,0.0
LN-026453,0.0
LN-003920,0.0
LN-013754,0.0
LN-003478,0.0
LN-023111,0.0
LN-020394,0.0
LN-009026,0.0
LN-027041,0.0
LN-027457,0.0
LN-026945,0.0
LN-025309,0.0
LN-005899,0.0
LN-015352,0.0
LN-001799,0.0
LN-001082,0.0
LN-020793,0.0
LN-002763,0.0
LN-001313,0.0
LN-003551,0.0
LN-001885,0.0
LN-012787,0.0
LN-010672,0.0
LN-025006,0.0
LN-027383,0.0
LN-015837,0.0
LN-003716,0.0
LN-022211,0.0
LN-018089,0.0
LN-026462,0.0
LN-009749,0.0
LN-008276,0.0
LN-019128,0.0
LN-008617,0.0
LN-023544,0.0
LN-010663,0.0
LN-016913,0.0
LN-020432,0.0
LN-000029,0.0
LN-003804,0.0
LN-023593,0.0
LN-007733,0.0
LN-009775,0.0
LN-001888,0.0
LN-023632,0.0
LN-013713,0.0
LN-005526,0.0
LN-015904,0.0
LN-003393,0.0
LN-022135,0.0
LN-025051,0.0
LN-010612,0.0
LN-003600,0.0
LN-000769,0.0
LN-009361,0.0
LN-012778,0.0
LN-012640,0.0
LN-026652,0.0
LN-018014,0.0
LN-003400,0.0
LN-000933,0.0
LN-022385,0.0
LN-013710,0.0
LN-003466,0.0
LN-000264,0.0
LN-008427,0.0
LN-003969,0.0
LN-021159,0.0
LN-019883,0.0
LN-011335,0.0
LN-002351,0.0
LN-011983,0.0
LN-025626,0.0
LN-011104,0.0
LN-004733,0.0
LN-027456,0.0
LN-024824,0.0
LN-015636,0.0
LN-012483,0.0
LN-024519,0.0
LN-021708,0.0
LN-024823,0.0
LN-023770,0.0
LN-006255,0.0
LN-028846,0.0
LN-011483,0.0
LN-022428,0.0
LN-010000,0.0
LN-006532,0.0
LN-005957,0.0
LN-015609,0.0
LN-007406,0.0
LN-017896,0.0
LN-029053,0.0
LN-016599,0.0
LN-016096,0.0
LN-003293,0.0
LN-008043,0.0
LN-006178,0.0
LN-021109,0.0
LN-024315,0.0
LN-016430,0.0
LN-003440,0.0
LN-001787,0.0
LN-002853,0.0
LN-002931,0.0
LN-011678,0.0
LN-001009,0.0
LN-016845,0.0
LN-024728,0.0
LN-015411,0.0
LN-011258,0.0
LN-012004,0.0
LN-006693,0.0
LN-000458,0.0
LN-017713,0.0
LN-026790,0.0
LN-013242,0.0
LN-000351,0.0
LN-010030,0.0
LN-014478,0.0
LN-004716,0.0
LN-016445,0.0
LN-022368,0.0
LN-021376,0.0
LN-015865,0.0
LN-007183,0.0
LN-029023,0.0
LN-006404,0.0
LN-028886,0.0
LN-026684,0.0
LN-019644,0.0
LN-021325,0.0
LN-026181,0.0
LN-010154,0.0
LN-001754,0.0
LN-002265,0.0
LN-009308,0.0
LN-012845,0.0
LN-023163,0.0
LN-026642,0.0
LN-027711,0.0
LN-014589,0.0
LN-005872,0.0
LN-000690,0.0
LN-013190,0.0
LN-015793,0.0
LN-002741,0.0
LN-013006,0.0
LN-028402,0.0
LN-008742,0.0
LN-022298,0.0
LN-010895,0.0
LN-000887,0.0
LN-004093,0.0
LN-003579,0.0
LN-023394,0.0
LN-015871,0.0
LN-020110,0.0
LN-005976,0.0
LN-011540,0.0
LN-019078,0.0
LN-012686,0.0
LN-027973,0.0
LN-009911,0.0
LN-017433,0.0
LN-010756,0.0
LN-022039,0.0
LN-024154,0.0
LN-001069,0.0
LN-023834,0.0
LN-003692,0.0
LN-023618,0.0
LN-025882,0.0
LN-011703,0.0
LN-024667,0.0
LN-021042,0.0
LN-012822,0.0
LN-002648,0.0
LN-011157,0.0
LN-008378,0.0
LN-007287,0.0
LN-013576,0.0
LN-016783,0.0
LN-010891,0.0
LN-019851,0.0
LN-012154,0.0
LN-025885,0.0
LN-011004,0.0
LN-022058,0.0
LN-005929,0.0
LN-012862,0.0
LN-027606,0.0
LN-007382,0.0
LN-007059,0.0
LN-014428,0.0
LN-000202,0.0
LN-018754,0.0
LN-026921,0.0
LN-021584,0.0
LN-029040,0.0
LN-027260,0.0
LN-005927,0.0
LN-023097,0.0
LN-010942,0.0
LN-012526,0.0
LN-029249,0.0
LN-018150,0.0
LN-018041,0.0
LN-024011,0.0
LN-003309,0.0
LN-017933,0.0
LN-022061,0.0
LN-020626,0.0
LN-008432,0.0
LN-022571,0.0
LN-029270,0.0
LN-027821,0.0
LN-009994,0.0
LN-026380,0.0
LN-025364,0.0
LN-015055,0.0
LN-002428,0.0
LN-000368,0.0
LN-010408,0.0
LN-023577,0.0
LN-009405,0.0
LN-025250,0.0
LN-013220,0.0
LN-027269,0.0
LN-019275,0.0
LN-006305,0.0
LN-009232,0.0
LN-011828,0.0
LN-028706,0.0
LN-012506,0.0
LN-003044,0.0
LN-015566,0.0
LN-019287,0.0
LN-013418,0.0
LN-015252,0.0
LN-002585,0.0
LN-011630,0.0
LN-019042,0.0
LN-012805,0.0
LN-012264,0.0
LN-023524,0.0
LN-024101,0.0
LN-010577,0.0
LN-026367,0.0
LN-027284,0.0
LN-012425,0.0
LN-023368,0.0
LN-024305,0.0
LN-014916,0.0
LN-012090,0.0
LN-025460,0.0
LN-004488,0.0
LN-014677,0.0
LN-003815,0.0
LN-010222,0.0
LN-027899,0.0
LN-027618,0.0
LN-018425,0.0
LN-018007,0.0
LN-012224,0.0
LN-003097,0.0
LN-025668,0.0
LN-002289,0.0
LN-028216,0.0
LN-008014,0.0
LN-001757,0.0
LN-015822,0.0
LN-012022,0.0
LN-006158,0.0
LN-010656,0.0
LN-016587,0.0
LN-012198,0.0
LN-019814,0.0
LN-007668,0.0
LN-026178,0.0
LN-008760,0.0
LN-022585,0.0
LN-014630,0.0
LN-021824,0.0
LN-014164,0.0
LN-000297,0.0
LN-021532,0.0
LN-014834,0.0
LN-000004,0.0
LN-008570,0.0
LN-011543,0.0
LN-000250,0.0
LN-004329,0.0
LN-015734,0.0
LN-012276,0.0
LN-029074,0.0
LN-004109,0.0
LN-019265,0.0
LN-009835,0.0
LN-013521,0.0
LN-011945,0.0
LN-011052,0.0
LN-016710,0.0
LN-014584,0.0
LN-002061,0.0
LN-019813,0.0
LN-000811,0.0
LN-025487,0.0
LN-014336,0.0
LN-018050,0.0
LN-026852,0.0
LN-013738,0.0
LN-014695,0.0
LN-003201,0.0
LN-027582,0.0
LN-016703,0.0
LN-027496,0.0
LN-020338,0.0
LN-018440,0.0
LN-000957,0.0
LN-028010,0.0
LN-026424,0.0
LN-027458,0.0
LN-003419,0.0
LN-002489,0.0
LN-002798,0.0
LN-015902,0.0
LN-021212,0.0
LN-026250,0.0
LN-000347,0.0
LN-027348,0.0
LN-009473,0.0
LN-020108,0.0
LN-018991,0.0
LN-024595,0.0
LN-028398,0.0
LN-022842,0.0
LN-020697,0.0
LN-014442,0.0
LN-000226,0.0
LN-003468,0.0
LN-009229,0.0
LN-010703,0.0
LN-024848,0.0
LN-023496,0.0
LN-020655,0.0
LN-004150,0.0
LN-014299,0.0
LN-005764,0.0
LN-010760,0.0
LN-002023,0.0
LN-006161,0.0
LN-001998,0.0
LN-015876,0.0
LN-008383,0.0
LN-000599,0.0
LN-014048,0.0
LN-022322,0.0
LN-024626,0.0
LN-001776,0.0
LN-027442,0.0
LN-003046,0.0
LN-020254,0.0
LN-003750,0.0
LN-001059,0.0
LN-021578,0.0
LN-008902,0.0
LN-014445,0.0
LN-000498,0.0
LN-010453,0.0
LN-018166,0.0
LN-022852,0.0
LN-001128,0.0
LN-013878,0.0
LN-012831,0.0
LN-017851,0.0
LN-018167,0.0
LN-001066,0.0
LN-021081,0.0
LN-018048,0.0
LN-012719,0.0
LN-029183,0.0
LN-007141,0.0
LN-002131,0.0
LN-028924,0.0
LN-020191,0.0
LN-003995,0.0
LN-027562,0.0
LN-017037,0.0
LN-012858,0.0
LN-005966,0.0
LN-026036,0.0
LN-025192,0.0
LN-023050,0.0
LN-016032,0.0
LN-018204,0.0
LN-014534,0.0
LN-024223,0.0
LN-014875,0.0
LN-020081,0.0
LN-014762,0.0
LN-001870,0.0
LN-029034,0.0
LN-005810,0.0
LN-001170,0.0
LN-003649,0.0
LN-008440,0.0
LN-006821,0.0
LN-026296,0.0
LN-018202,0.0
LN-024206,0.0
LN-008813,0.0
LN-015801,0.0
LN-017138,0.0
LN-006931,0.0
LN-008787,0.0
LN-011958,0.0
LN-025050,0.0
LN-001688,0.0
LN-002670,0.0
LN-008212,0.0
LN-024071,0.0
LN-004127,0.0
LN-029278,0.0
LN-013497,0.0
LN-013731,0.0
LN-009974,0.0
LN-011003,0.0
LN-028864,0.0
LN-027514,0.0
LN-006252,0.0
LN-011079,0.0
LN-018771,0.0
LN-008439,0.0
LN-015607,0.0
LN-012911,0.0
LN-027605,0.0
LN-012930,0.0
LN-001367,0.0
LN-011378,0.0
LN-009527,0.0
LN-010175,0.0
LN-005629,0.0
LN-022791,0.0
LN-024251,0.0
LN-013863,0.0
LN-016248,0.0
LN-010083,0.0
LN-002336,0.0
LN-017524,0.0
LN-024550,0.0
LN-006533,0.0
LN-001496,0.0
LN-023202,0.0
LN-019003,0.0
LN-007796,0.0
LN-011921,0.0
LN-021979,0.0
LN-004354,0.0
LN-002754,0.0
LN-025453,0.0
LN-015639,0.0
LN-000847,0.0
LN-003540,0.0
LN-022523,0.0
LN-017607,0.0
LN-018514,0.0
LN-001123,0.0
LN-012839,0.0
LN-021219,0.0
LN-000107,0.0
LN-015356,0.0
LN-021203,0.0
LN-002277,0.0
LN-022142,0.0
LN-027969,0.0
LN-001632,0.0
LN-017283,0.0
LN-027251,0.0
LN-010511,0.0
LN-013331,0.0
LN-011990,0.0
LN-022700,0.0
LN-026974,0.0
LN-006241,0.0
LN-024558,0.0
LN-004818,0.0
LN-029308,0.0
LN-003345,0.0
LN-012633,0.0
LN-028540,0.0
LN-024426,0.0
LN-027159,0.0
LN-023430,0.0
LN-017860,0.0
LN-006551,0.0
LN-015078,0.0
LN-023098,0.0
LN-014372,0.0
LN-029068,0.0
LN-015163,0.0
LN-008807,0.0
LN-016702,0.0
LN-002139,0.0
LN-014287,0.0
LN-023757,0.0
LN-016796,0.0
LN-010323,0.0
LN-023764,0.0
LN-021605,0.0
LN-016511,0.0
LN-013755,0.0
LN-024739,0.0
LN-009717,0.0
LN-006115,0.0
LN-020016,0.0
LN-025245,0.0
LN-021890,0.0
LN-018208,0.0
LN-008848,0.0
LN-028520,0.0
LN-018555,0.0
LN-006289,0.0
LN-025308,0.0
LN-027076,0.0
LN-008265,0.0
LN-007748,0.0
LN-024505,0.0
LN-028325,0.0
LN-003931,0.0
LN-002524,0.0
LN-016272,0.0
LN-022444,0.0
LN-016491,0.0
LN-027634,0.0
LN-015614,0.0
LN-019991,0.0
LN-020858,0.0
LN-007563,0.0
LN-014911,0.0
LN-025644,0.0
LN-019284,0.0
LN-013776,0.0
LN-001510,0.0
LN-005183,0.0
LN-001202,0.0
LN-005685,0.0
LN-009482,0.0
LN-017409,0.0
LN-022065,0.0
LN-027087,0.0
LN-016299,0.0
LN-024479,0.0
LN-008572,0.0
LN-004688,0.0
LN-004941,0.0
LN-004232,0.0
LN-001844,0.0
LN-024734,0.0
LN-014758,0.0
LN-027412,0.0
LN-026820,0.0
LN-010337,0.0
LN-001213,0.0
LN-006042,0.0
LN-013826,0.0
LN-024817,0.0
LN-001296,0.0
LN-016910,0.0
LN-019715,0.0
LN-002442,0.0
LN-023399,0.0
LN-026335,0.0
LN-001064,0.0
LN-014464,0.0
LN-008515,0.0
LN-026720,0.0
LN-015164,0.0
LN-007732,0.0
LN-008381,0.0
LN-013551,0.0
LN-022684,0.0
LN-011227,0.0
LN-021656,0.0
LN-023330,0.0
LN-028631,0.0
LN-012232,0.0
LN-014943,0.0
LN-024579,0.0
LN-019192,0.0
LN-007633,0.0
LN-015176,0.0
LN-004901,0.0
LN-005129,0.0
LN-007451,0.0
LN-025549,0.0
LN-023372,0.0
LN-017140,0.0
LN-025417,0.0
LN-022877,0.0
LN-026596,0.0
LN-014530,0.0
LN-017650,0.0
LN-006232,0.0
LN-015777,0.0
LN-002204,0.0
LN-002526,0.0
LN-002703,0.0
LN-022821,0.0
LN-004582,0.0
LN-011383,0.0
LN-008355,0.0
LN-005427,0.0
LN-010519,0.0
LN-000931,0.0
LN-023708,0.0
LN-015606,0.0
LN-010847,0.0
LN-002744,0.0
LN-018045,0.0
LN-015141,0.0
LN-020686,0.0
LN-009529,0.0
LN-020334,0.0
LN-013527,0.0
LN-008402,0.0
LN-016545,0.0
LN-023638,0.0
LN-014533,0.0
LN-016963,0.0
LN-027622,0.0
LN-022787,0.0
LN-000019,0.0
LN-007825,0.0
LN-025468,0.0
LN-005595,0.0
LN-013561,0.0
LN-009773,0.0
LN-026469,0.0
LN-005057,0.0
LN-021045,0.0
LN-027616,0.0
LN-014610,0.0
LN-009078,0.0
LN-010740,0.0
LN-008852,0.0
LN-000068,0.0
LN-024004,0.0
LN-004532,0.0
LN-011679,0.0
LN-006073,0.0
LN-006055,0.0
LN-025044,0.0
LN-016993,0.0
LN-024733,0.0
LN-022685,0.0
LN-021959,0.0
LN-000016,0.0
LN-019829,0.0
LN-013499,0.0
LN-003338,0.0
LN-020042,0.0
LN-023692,0.0
LN-017868,0.0
LN-005226,0.0
LN-011833,0.0
LN-007548,0.0
LN-012140,0.0
LN-021486,0.0
LN-024049,0.0
LN-002831,0.0
LN-003598,0.0
LN-012491,0.0
LN-003429,0.0
LN-014002,0.0
LN-013154,0.0
LN-003096,0.0
LN-019672,0.0
LN-026925,0.0
LN-018363,0.0
LN-019475,0.0
LN-025237,0.0
LN-024844,0.0
LN-009275,0.0
LN-001823,0.0
LN-005766,0.0
LN-012112,0.0
LN-023273,0.0
LN-016586,0.0
LN-019319,0.0
LN-016146,0.0
LN-015715,0.0
LN-003378,0.0
LN-005161,0.0
LN-007469,0.0
LN-028867,0.0
LN-018671,0.0
LN-023556,0.0
LN-013829,0.0
LN-000780,0.0
LN-014931,0.0
LN-006014,0.0
LN-002625,0.0
LN-026663,0.0
LN-007297,0.0
LN-025035,0.0
LN-015368,0.0
LN-014241,0.0
LN-011295,0.0
LN-028797,0.0
LN-005292,0.0
LN-012093,0.0
LN-026990,0.0
LN-005186,0.0
LN-017571,0.0
LN-004975,0.0
LN-008497,0.0
LN-014964,0.0
LN-011523,0.0
LN-017384,0.0
LN-000710,0.0
LN-019169,0.0
LN-012742,0.0
LN-019773,0.0
LN-022549,0.0
LN-015727,0.0
LN-018919,0.0
LN-022899,0.0
LN-025200,0.0
LN-006088,0.0
LN-004915,0.0
LN-003628,0.0
LN-014140,0.0
LN-002907,0.0
LN-017751,0.0
LN-007273,0.0
LN-010905,0.0
LN-005967,0.0
LN-027802,0.0
LN-019408,0.0
LN-003476,0.0
LN-000910,0.0
LN-022023,0.0
LN-007589,0.0
LN-000313,0.0
LN-004859,0.0
LN-021693,0.0
LN-006891,0.0
LN-018427,0.0
LN-007363,0.0
LN-019060,0.0
LN-008974,0.0
LN-024132,0.0
LN-029296,0.0
LN-015612,0.0
LN-029271,0.0
LN-005908,0.0
LN-013939,0.0
LN-010243,0.0
LN-014334,0.0
LN-014739,0.0
LN-000241,0.0
LN-024636,0.0
LN-008996,0.0
LN-018778,0.0
LN-022552,0.0
LN-008681,0.0
LN-010459,0.0
LN-023024,0.0
LN-012299,0.0
LN-021863,0.0
LN-025579,0.0
LN-016406,0.0
LN-008945,0.0
LN-015819,0.0
LN-006303,0.0
LN-000999,0.0
LN-014443,0.0
LN-024181,0.0
LN-010153,0.0
LN-003955,0.0
LN-004671,0.0
LN-002986,0.0
LN-009282,0.0
LN-004738,0.0
LN-005559,0.0
LN-027425,0.0
LN-024023,0.0
LN-015887,0.0
LN-009968,0.0
LN-028673,0.0
LN-023167,0.0
LN-026549,0.0
LN-003089,0.0
LN-026848,0.0
LN-029151,0.0
LN-010005,0.0
LN-002724,0.0
LN-002794,0.0
LN-002422,0.0
LN-008249,0.0
LN-012324,0.0
LN-018491,0.0
LN-005369,0.0
LN-005217,0.0
LN-025663,0.0
LN-002067,0.0
LN-011619,0.0
LN-025783,0.0
LN-022793,0.0
LN-017366,0.0
LN-018043,0.0
LN-015709,0.0
LN-016785,0.0
LN-026041,0.0
LN-014333,0.0
LN-015450,0.0
LN-021898,0.0
LN-003833,0.0
LN-006125,0.0
LN-020073,0.0
LN-007955,0.0
LN-017052,0.0
LN-015156,0.0
LN-014929,0.0
LN-002740,0.0
LN-012794,0.0
LN-024597,0.0
LN-023711,0.0
LN-006318,0.0
LN-022859,0.0
LN-005401,0.0
LN-009379,0.0
LN-021179,0.0
LN-004299,0.0
LN-025836,0.0
LN-016650,0.0
LN-016446,0.0
LN-016376,0.0
LN-024359,0.0
LN-001166,0.0
LN-007079,0.0
LN-006796,0.0
LN-027966,0.0
LN-007201,0.0
LN-000506,0.0
LN-009997,0.0
LN-011054,0.0
LN-009557,0.0
LN-012709,0.0
LN-010722,0.0
LN-023690,0.0
LN-017065,0.0
LN-018865,0.0
LN-028152,0.0
LN-024814,0.0
LN-025755,0.0
LN-009585,0.0
LN-017670,0.0
LN-011734,0.0
LN-024747,0.0
LN-016043,0.0
LN-008510,0.0
LN-021927,0.0
LN-012809,0.0
LN-021681,0.0
LN-021902,0.0
LN-003485,0.0
LN-004155,0.0
LN-021314,0.0
LN-004750,0.0
LN-006279,0.0
LN-008508,0.0
LN-028368,0.0
LN-015712,0.0
LN-025491,0.0
LN-000636,0.0
LN-015305,0.0
LN-009812,0.0
LN-015239,0.0
LN-025498,0.0
LN-024255,0.0
LN-008041,0.0
LN-017387,0.0
LN-002610,0.0
LN-004929,0.0
LN-000746,0.0
LN-002497,0.0
LN-025040,0.0
LN-006444,0.0
LN-002658,0.0
LN-006921,0.0
LN-023322,0.0
LN-017025,0.0
LN-023742,0.0
LN-017125,0.0
LN-006529,0.0
LN-009457,0.0
LN-008599,0.0
LN-011138,0.0
LN-029121,0.0
LN-021635,0.0
LN-005328,0.0
LN-009326,0.0
LN-001143,0.0
LN-025135,0.0
LN-025879,0.0
LN-006628,0.0
LN-005042,0.0
LN-025872,0.0
LN-008575,0.0
LN-022769,0.0
LN-026237,0.0
LN-001316,0.0
LN-012598,0.0
LN-022083,0.0
LN-024120,0.0
LN-006384,0.0
LN-006282,0.0
LN-023854,0.0
LN-024746,0.0
LN-001588,0.0
LN-005421,0.0
LN-017963,0.0
LN-024884,0.0
LN-012485,0.0
LN-023224,0.0
LN-014574,0.0
LN-011784,0.0
LN-013663,0.0
LN-002274,0.0
LN-018219,0.0
LN-011670,0.0
LN-025570,0.0
LN-022897,0.0
LN-020489,0.0
LN-027147,0.0
LN-001443,0.0
LN-010218,0.0
LN-022237,0.0
LN-015429,0.0
LN-027307,0.0
LN-018370,0.0
LN-000118,0.0
LN-013529,0.0
LN-014461,0.0
LN-018449,0.0
LN-002368,0.0
LN-016003,0.0
LN-022651,0.0
LN-019431,0.0
LN-015653,0.0
LN-004012,0.0
LN-016850,0.0
LN-013289,0.0
LN-013682,0.0
LN-020596,0.0
LN-023487,0.0
LN-016529,0.0
LN-002588,0.0
LN-025258,0.0
LN-019729,0.0
LN-006994,0.0
LN-027837,0.0
LN-008395,0.0
LN-026215,0.0
LN-017174,0.0
LN-026092,0.0
LN-020511,0.0
LN-013270,0.0
LN-009647,0.0
LN-005507,0.0
LN-010816,0.0
LN-004292,0.0
LN-028941,0.0
LN-017760,0.0
LN-020779,0.0
LN-002843,0.0
LN-009383,0.0
LN-016447,0.0
LN-005152,0.0
LN-025188,0.0
LN-009186,0.0
LN-020082,0.0
LN-011183,0.0
LN-010796,0.0
LN-014182,0.0
LN-024240,0.0
LN-003615,0.0
LN-010378,0.0
LN-008478,0.0
LN-028954,0.0
LN-028788,0.0
LN-011029,0.0
LN-023964,0.0
LN-028611,0.0
LN-011746,0.0
LN-017311,0.0
LN-000683,0.0
LN-017451,0.0
LN-022495,0.0
LN-015151,0.0
LN-027028,0.0
LN-006790,0.0
LN-015371,0.0
LN-015550,0.0
LN-013194,0.0
LN-025925,0.0
LN-000105,0.0
LN-025049,0.0
LN-014393,0.0
LN-013375,0.0
LN-010931,0.0
LN-013613,0.0
LN-026114,0.0
LN-004235,0.0
LN-019026,0.0
LN-009359,0.0
LN-012266,0.0
LN-016209,0.0
LN-018716,0.0
LN-024074,0.0
LN-007920,0.0
LN-024421,0.0
LN-012062,0.0
LN-008970,0.0
LN-016775,0.0
LN-015758,0.0
LN-005716,0.0
LN-022230,0.0
LN-018858,0.0
LN-028057,0.0
LN-007072,0.0
LN-026901,0.0
LN-006776,0.0
LN-022021,0.0
LN-008856,0.0
LN-009459,0.0
LN-000597,0.0
LN-021008,0.0
LN-011863,0.0
LN-028051,0.0
LN-002930,0.0
LN-029048,0.0
LN-020613,0.0
LN-011551,0.0
LN-027663,0.0
LN-014240,0.0
LN-016106,0.0
LN-015950,0.0
LN-002990,0.0
LN-018298,0.0
LN-023873,0.0
LN-007291,0.0
LN-013542,0.0
LN-011565,0.0
LN-004916,0.0
LN-014391,0.0
LN-023595,0.0
LN-020425,0.0
LN-013062,0.0
LN-019934,0.0
LN-014420,0.0
LN-024917,0.0
LN-028926,0.0
LN-006084,0.0
LN-022610,0.0
LN-027797,0.0
LN-025303,0.0
LN-029146,0.0
LN-014279,0.0
LN-017696,0.0
LN-026321,0.0
LN-010607,0.0
LN-001821,0.0
LN-023318,0.0
LN-006523,0.0
LN-026496,0.0
LN-020933,0.0
LN-004050,0.0
LN-002760,0.0
LN-020592,0.0
LN-018588,0.0
LN-000431,0.0
LN-000163,0.0
LN-011959,0.0
LN-012630,0.0
LN-014822,0.0
LN-027239,0.0
LN-003275,0.0
LN-007833,0.0
LN-003376,0.0
LN-012467,0.0
LN-019805,0.0
LN-004213,0.0
LN-016506,0.0
LN-024365,0.0
LN-026437,0.0
LN-014909,0.0
LN-024980,0.0
LN-027165,0.0
LN-004253,0.0
LN-001374,0.0
LN-011937,0.0
LN-020155,0.0
LN-011590,0.0
LN-023670,0.0
LN-024207,0.0
LN-013013,0.0
LN-027218,0.0
LN-018340,0.0
LN-010712,0.0
LN-004816,0.0
LN-011493,0.0
LN-019081,0.0
LN-009303,0.0
LN-020691,0.0
LN-002749,0.0
LN-017079,0.0
LN-028604,0.0
LN-007214,0.0
LN-027947,0.0
LN-025566,0.0
LN-002071,0.0
LN-006172,0.0
LN-015496,0.0
LN-007651,0.0
LN-006601,0.0
LN-011293,0.0
LN-008377,0.0
LN-002717,0.0
LN-009307,0.0
LN-017752,0.0
LN-001958,0.0
LN-022125,0.0
LN-002797,0.0
LN-012002,0.0
LN-002384,0.0
LN-021563,0.0
LN-009368,0.0
LN-016706,0.0
LN-009540,0.0
LN-017092,0.0
LN-024902,0.0
LN-008429,0.0
LN-015486,0.0
LN-013213,0.0
LN-019280,0.0
LN-012559,0.0
LN-026231,0.0
LN-000613,0.0
LN-009296,0.0
LN-027830,0.0
LN-022711,0.0
LN-018692,0.0
LN-012273,0.0
LN-007280,0.0
LN-019892,0.0
LN-023793,0.0
LN-025021,0.0
LN-011511,0.0
LN-019683,0.0
LN-007770,0.0
LN-025683,0.0
LN-028409,0.0
LN-017979,0.0
LN-014504,0.0
LN-013474,0.0
LN-006063,0.0
LN-006186,0.0
LN-017816,0.0
LN-010970,0.0
LN-028142,0.0
LN-002911,0.0
LN-005601,0.0
LN-008878,0.0
LN-005028,0.0
LN-027114,0.0
LN-000261,0.0
LN-005309,0.0
LN-026796,0.0
LN-025519,0.0
LN-019345,0.0
LN-023280,0.0
LN-029105,0.0
LN-026086,0.0
LN-021267,0.0
LN-018817,0.0
LN-001646,0.0
LN-004590,0.0
LN-005608,0.0
LN-020527,0.0
LN-018697,0.0
LN-000023,0.0
LN-005433,0.0
LN-012120,0.0
LN-021030,0.0
LN-027313,0.0
LN-008138,0.0
LN-025451,0.0
LN-004421,0.0
LN-002800,0.0
LN-009092,0.0
LN-025276,0.0
LN-019115,0.0
LN-003822,0.0
LN-009334,0.0
LN-007760,0.0
LN-022912,0.0
LN-020062,0.0
LN-007320,0.0
LN-017946,0.0
LN-004119,0.0
LN-015383,0.0
LN-014573,0.0
LN-007970,0.0
LN-001487,0.0
LN-023765,0.0
LN-028786,0.0
LN-014029,0.0
LN-007728,0.0
LN-008736,0.0
LN-011231,0.0
LN-006426,0.0
LN-024622,0.0
LN-016116,0.0
LN-006827,0.0
LN-022463,0.0
LN-001615,0.0
LN-021073,0.0
LN-000036,0.0
LN-014191,0.0
LN-002731,0.0
LN-026558,0.0
LN-008881,0.0
LN-024162,0.0
LN-018321,0.0
LN-008070,0.0
LN-010526,0.0
LN-004972,0.0
LN-028123,0.0
LN-009048,0.0
LN-017318,0.0
LN-021732,0.0
LN-028407,0.0
LN-003454,0.0
LN-005340,0.0
LN-005031,0.0
LN-003829,0.0
LN-018763,0.0
LN-028978,0.0
LN-006577,0.0
LN-028179,0.0
LN-010353,0.0
LN-002881,0.0
LN-022013,0.0
LN-007827,0.0
LN-023724,0.0
LN-016359,0.0
LN-028078,0.0
LN-005185,0.0
LN-012488,0.0
LN-024866,0.0
LN-010580,0.0
LN-028654,0.0
LN-016265,0.0
LN-010418,0.0
LN-005545,0.0
LN-009782,0.0
LN-013191,0.0
LN-014081,0.0
LN-009496,0.0
LN-015323,0.0
LN-016327,0.0
LN-008991,0.0
LN-013323,0.0
LN-009050,0.0
LN-012421,0.0
LN-008114,0.0
LN-015076,0.0
LN-028615,0.0
LN-015895,0.0
LN-006375,0.0
LN-010130,0.0
LN-026018,0.0
LN-008369,0.0
LN-016083,0.0
LN-012891,0.0
LN-020395,0.0
LN-005467,0.0
LN-023737,0.0
LN-020595,0.0
LN-011566,0.0
LN-024021,0.0
LN-006177,0.0
LN-010010,0.0
LN-008099,0.0
LN-024938,0.0
LN-010473,0.0
LN-006023,0.0
LN-017877,0.0
LN-019369,0.0
LN-020302,0.0
LN-000632,0.0
LN-004805,0.0
LN-019714,0.0
LN-004396,0.0
LN-010229,0.0
LN-026996,0.0
LN-026863,0.0
LN-006726,0.0
LN-003657,0.0
LN-001145,0.0
LN-011648,0.0
LN-006530,0.0
LN-008157,0.0
LN-005082,0.0
LN-003415,0.0
LN-000119,0.0
LN-020370,0.0
LN-015682,0.0
LN-013460,0.0
LN-012219,0.0
LN-019613,0.0
LN-016553,0.0
LN-018664,0.0
LN-005392,0.0
LN-023291,0.0
LN-014678,0.0
LN-020646,0.0
LN-020446,0.0
LN-001952,0.0
LN-011749,0.0
LN-004967,0.0
LN-018438,0.0
LN-007193,0.0
LN-015684,0.0
LN-023112,0.0
LN-027130,0.0
LN-009430,0.0
LN-009366,0.0
LN-025977,0.0
LN-027813,0.0
LN-013780,0.0
LN-010838,0.0
LN-005036,0.0
LN-013577,0.0
LN-000475,0.0
LN-022218,0.0
LN-007798,0.0
LN-016576,0.0
LN-005710,0.0
LN-029106,0.0
LN-012091,0.0
LN-020617,0.0
LN-005362,0.0
LN-007483,0.0
LN-003601,0.0
LN-014078,0.0
LN-016799,0.0
LN-001910,0.0
LN-018004,0.0
LN-018691,0.0
LN-014244,0.0
LN-024263,0.0
LN-003209,0.0
LN-002820,0.0
LN-024765,0.0
LN-018894,0.0
LN-022258,0.0
LN-016326,0.0
LN-018231,0.0
LN-026696,0.0
LN-013690,0.0
LN-024718,0.0
LN-017740,0.0
LN-009054,0.0
LN-017610,0.0
LN-028651,0.0
LN-000046,0.0
LN-008203,0.0
LN-027148,0.0
LN-020559,0.0
LN-000074,0.0
LN-003217,0.0
LN-024143,0.0
LN-014526,0.0
LN-026363,0.0
LN-013988,0.0
LN-010461,0.0
LN-016863,0.0
LN-003174,0.0
LN-016462,0.0
LN-024414,0.0
LN-017044,0.0
LN-014284,0.0
LN-028534,0.0
LN-028563,0.0
LN-002199,0.0
LN-021370,0.0
LN-020776,0.0
LN-026451,0.0
LN-010161,0.0
LN-021276,0.0
LN-022206,0.0
LN-018889,0.0
LN-013918,0.0
LN-001919,0.0
LN-024279,0.0
LN-002416,0.0
LN-018505,0.0
LN-012039,0.0
LN-007474,0.0
LN-026338,0.0
LN-005573,0.0
LN-014255,0.0
LN-020407,0.0
LN-024950,0.0
LN-010410,0.0
LN-024080,0.0
LN-002282,0.0
LN-021719,0.0
LN-004110,0.0
LN-016630,0.0
LN-015956,0.0
LN-024544,0.0
LN-001265,0.0
LN-016852,0.0
LN-024302,0.0
LN-013986,0.0
LN-012385,0.0
LN-018013,0.0
LN-014599,0.0
LN-027001,0.0
LN-008901,0.0
LN-000730,0.0
LN-005928,0.0
LN-020772,0.0
LN-000053,0.0
LN-013771,0.0
LN-017883,0.0
LN-016638,0.0
LN-007925,0.0
LN-026949,0.0
LN-007278,0.0
LN-011343,0.0
LN-025229,0.0
LN-014205,0.0
LN-011713,0.0
LN-022445,0.0
LN-021305,0.0
LN-001137,0.0
LN-012407,0.0
LN-002677,0.0
LN-008368,0.0
LN-021242,0.0
LN-009543,0.0
LN-008838,0.0
LN-021414,0.0
LN-000831,0.0
LN-018886,0.0
LN-015896,0.0
LN-019474,0.0
LN-017170,0.0
LN-024332,0.0
LN-007355,0.0
LN-005543,0.0
LN-017189,0.0
LN-006644,0.0
LN-020677,0.0
LN-002672,0.0
LN-001718,0.0
LN-028535,0.0
LN-025654,0.0
LN-002380,0.0
LN-012606,0.0
LN-015538,0.0
LN-005609,0.0
LN-001385,0.0
LN-023780,0.0
LN-018666,0.0
LN-023228,0.0
LN-016853,0.0
LN-001948,0.0
LN-025102,0.0
LN-014337,0.0
LN-018083,0.0
LN-020208,0.0
LN-012406,0.0
LN-017323,0.0
LN-004551,0.0
LN-013327,0.0
LN-012349,0.0
LN-009621,0.0
LN-013847,0.0
LN-026236,0.0
LN-013519,0.0
LN-009524,0.0
LN-009772,0.0
LN-005279,0.0
LN-015331,0.0
LN-001026,0.0
LN-025785,0.0
LN-014654,0.0
LN-020581,0.0
LN-002046,0.0
LN-009570,0.0
LN-019657,0.0
LN-027181,0.0
LN-014763,0.0
LN-026965,0.0
LN-020672,0.0
LN-019427,0.0
LN-003737,0.0
LN-020731,0.0
LN-015241,0.0
LN-024184,0.0
LN-004010,0.0
LN-011064,0.0
LN-001536,0.0
LN-019930,0.0
LN-008777,0.0
LN-008726,0.0
LN-005521,0.0
LN-018901,0.0
LN-029287,0.0
LN-010805,0.0
LN-019667,0.0
LN-006597,0.0
LN-016478,0.0
LN-017735,0.0
LN-002205,0.0
LN-023212,0.0
LN-022250,0.0
LN-013703,0.0
LN-021493,0.0
LN-016525,0.0
LN-024981,0.0
LN-007097,0.0
LN-002947,0.0
LN-002829,0.0
LN-010649,0.0
LN-025142,0.0
LN-020522,0.0
LN-028860,0.0
LN-012359,0.0
LN-013846,0.0
LN-021393,0.0
LN-005380,0.0
LN-017750,0.0
LN-019980,0.0
LN-016402,0.0
LN-014093,0.0
LN-023439,0.0
LN-015005,0.0
LN-013411,0.0
LN-019493,0.0
LN-023242,0.0
LN-015692,0.0
LN-018318,0.0
LN-025771,0.0
LN-024581,0.0
LN-011506,0.0
LN-002355,0.0
LN-010966,0.0
LN-014247,0.0
LN-015066,0.0
LN-004114,0.0
LN-012393,0.0
LN-011268,0.0
LN-003892,0.0
LN-026328,0.0
LN-023785,0.0
LN-013296,0.0
LN-011728,0.0
LN-009163,0.0
LN-014025,0.0
LN-015925,0.0
LN-015808,0.0
LN-026141,0.0
LN-010765,0.0
LN-021327,0.0
LN-006308,0.0
LN-006967,0.0
LN-007665,0.0
LN-011236,0.0
LN-005296,0.0
LN-013695,0.0
LN-014669,0.0
LN-018681,0.0
LN-008112,0.0
LN-006405,0.0
LN-025756,0.0
LN-012227,0.0
LN-027623,0.0
LN-010490,0.0
LN-000364,0.0
LN-015829,0.0
LN-000951,0.0
LN-010431,0.0
LN-020219,0.0
LN-026477,0.0
LN-002964,0.0
LN-023065,0.0
LN-022071,0.0
LN-007523,0.0
LN-028516,0.0
LN-028783,0.0
LN-000305,0.0
LN-018379,0.0
LN-029182,0.0
LN-008362,0.0
LN-001033,0.0
LN-010642,0.0
LN-011466,0.0
LN-000182,0.0
LN-006750,0.0
LN-006440,0.0
LN-025233,0.0
LN-015215,0.0
LN-001373,0.0
LN-018393,0.0
LN-008987,0.0
LN-025995,0.0
LN-027985,0.0
LN-009380,0.0
LN-027868,0.0
LN-000561,0.0
LN-026868,0.0
LN-008715,0.0
LN-003208,0.0
LN-013670,0.0
LN-015399,0.0
LN-005357,0.0
LN-026545,0.0
LN-024006,0.0
LN-013689,0.0
LN-022079,0.0
LN-002181,0.0
LN-028376,0.0
LN-025921,0.0
LN-008712,0.0
LN-012492,0.0
LN-022520,0.0
LN-023891,0.0
LN-029282,0.0
LN-004410,0.0
LN-005652,0.0
LN-024215,0.0
LN-011174,0.0
LN-024465,0.0
LN-012821,0.0
LN-022544,0.0
LN-021727,0.0
LN-001558,0.0
LN-008452,0.0
LN-029086,0.0
LN-024037,0.0
LN-016137,0.0
LN-023146,0.0
LN-009468,0.0
LN-025341,0.0
LN-009105,0.0
LN-003662,0.0
LN-024374,0.0
LN-007389,0.0
LN-025725,0.0
LN-002594,0.0
LN-011647,0.0
LN-021400,0.0
LN-019202,0.0
LN-001597,0.0
LN-026373,0.0
LN-026896,0.0
LN-013891,0.0
LN-021630,0.0
LN-008771,0.0
LN-022219,0.0
LN-017177,0.0
LN-016781,0.0
LN-001560,0.0
LN-022760,0.0
LN-008176,0.0
LN-010050,0.0
LN-008079,0.0
LN-013125,0.0
LN-013864,0.0
LN-028052,0.0
LN-014058,0.0
LN-009090,0.0
LN-006968,0.0
LN-000494,0.0
LN-002757,0.0
LN-023641,0.0
LN-000885,0.0
LN-001669,0.0
LN-014165,0.0
LN-012040,0.0
LN-012424,0.0
LN-017683,0.0
LN-004799,0.0
LN-009283,0.0
LN-001426,0.0
LN-000484,0.0
LN-017108,0.0
LN-021234,0.0
LN-014488,0.0
LN-019609,0.0
LN-014838,0.0
LN-004535,0.0
LN-019578,0.0
LN-027930,0.0
LN-008571,0.0
LN-025542,0.0
LN-003178,0.0
LN-005488,0.0
LN-015722,0.0
LN-010795,0.0
LN-011424,0.0
LN-000011,0.0
LN-020914,0.0
LN-028366,0.0
LN-018437,0.0
LN-006024,0.0
LN-008607,0.0
LN-013271,0.0
LN-019447,0.0
LN-020060,0.0
LN-019975,0.0
LN-020823,0.0
LN-022580,0.0
LN-001881,0.0
LN-023718,0.0
LN-027176,0.0
LN-007826,0.0
LN-002134,0.0
LN-029029,0.0
LN-025536,0.0
LN-007477,0.0
LN-015899,0.0
LN-023974,0.0
LN-015942,0.0
LN-003352,0.0
LN-018275,0.0
LN-016448,0.0
LN-007559,0.0
LN-012437,0.0
LN-007621,0.0
LN-028626,0.0
LN-001658,0.0
LN-019690,0.0
LN-021946,0.0
LN-002657,0.0
LN-028498,0.0
LN-009517,0.0
LN-021170,0.0
LN-000473,0.0
LN-021892,0.0
LN-014320,0.0
LN-013586,0.0
LN-020094,0.0
LN-008118,0.0
LN-012077,0.0
LN-015203,0.0
LN-027449,0.0
LN-005974,0.0
LN-010315,0.0
LN-009858,0.0
LN-001690,0.0
LN-021200,0.0
LN-026576,0.0
LN-022329,0.0
LN-014487,0.0
LN-019198,0.0
LN-025113,0.0
LN-021930,0.0
LN-013058,0.0
LN-003733,0.0
LN-004817,0.0
LN-023082,0.0
LN-010332,0.0
LN-002895,0.0
LN-008727,0.0
LN-014742,0.0
LN-021769,0.0
LN-006777,0.0
LN-013326,0.0
LN-015032,0.0
LN-021879,0.0
LN-024741,0.0
LN-025186,0.0
LN-010301,0.0
LN-025173,0.0
LN-004175,0.0
LN-002055,0.0
LN-023214,0.0
LN-026679,0.0
LN-022141,0.0
LN-012469,0.0
LN-007261,0.0
LN-010147,0.0
LN-024903,0.0
LN-001450,0.0
LN-010579,0.0
LN-002660,0.0
LN-026922,0.0
LN-024774,0.0
LN-019735,0.0
LN-012546,0.0
LN-023194,0.0
LN-016370,0.0
LN-003819,0.0
LN-003890,0.0
LN-023086,0.0
LN-025923,0.0
LN-016429,0.0
LN-010481,0.0
LN-011059,0.0
LN-024576,0.0
LN-029263,0.0
LN-022777,0.0
LN-018450,0.0
LN-023649,0.0
LN-011492,0.0
LN-008743,0.0
LN-021964,0.0
LN-016283,0.0
LN-020310,0.0
LN-022907,0.0
LN-028853,0.0
LN-022646,0.0
LN-001100,0.0
LN-024891,0.0
LN-015647,0.0
LN-000320,0.0
LN-022639,0.0
LN-025411,0.0
LN-009559,0.0
LN-009513,0.0
LN-004506,0.0
LN-008424,0.0
LN-006677,0.0
LN-003611,0.0
LN-025637,0.0
LN-025165,0.0
LN-000282,0.0
LN-012549,0.0
LN-022553,0.0
LN-019105,0.0
LN-003793,0.0
LN-012073,0.0
LN-028259,0.0
LN-007140,0.0
LN-002883,0.0
LN-012939,0.0
LN-003104,0.0
LN-025769,0.0
LN-015536,0.0
LN-002249,0.0
LN-020397,0.0
LN-003212,0.0
LN-022019,0.0
LN-022564,0.0
LN-025359,0.0
LN-004498,0.0
LN-026614,0.0
LN-000179,0.0
LN-017691,0.0
LN-004921,0.0
LN-013978,0.0
LN-005612,0.0
LN-028190,0.0
LN-008806,0.0
LN-021623,0.0
LN-015254,0.0
LN-025289,0.0
LN-023100,0.0
LN-021553,0.0
LN-003524,0.0
LN-025941,0.0
LN-015627,0.0
LN-023010,0.0
LN-011199,0.0
LN-005871,0.0
LN-020804,0.0
LN-011707,0.0
LN-023843,0.0
LN-010743,0.0
LN-025987,0.0
LN-016391,0.0
LN-002376,0.0
LN-026815,0.0
LN-026978,0.0
LN-023948,0.0
LN-001866,0.0
LN-022053,0.0
LN-005202,0.0
LN-009895,0.0
LN-004705,0.0
LN-019495,0.0
LN-019817,0.0
LN-007584,0.0
LN-020508,0.0
LN-002237,0.0
LN-008691,0.0
LN-002330,0.0
LN-010834,0.0
LN-002643,0.0
LN-028354,0.0
LN-001262,0.0
LN-028821,0.0
LN-007986,0.0
LN-015452,0.0
LN-022138,0.0
LN-001867,0.0
LN-025557,0.0
LN-019564,0.0
LN-024889,0.0
LN-008982,0.0
LN-019573,0.0
LN-018521,0.0
LN-005642,0.0
LN-010362,0.0
LN-020512,0.0
LN-027330,0.0
LN-002860,0.0
LN-022480,0.0
LN-009645,0.0
LN-000630,0.0
LN-027436,0.0
LN-016333,0.0
LN-019911,0.0
LN-003667,0.0
LN-015519,0.0
LN-021331,0.0
LN-021794,0.0
LN-016667,0.0
LN-012443,0.0
LN-014892,0.0
LN-020880,0.0
LN-015766,0.0
LN-020554,0.0
LN-024325,0.0
LN-010893,0.0
LN-004565,0.0
LN-027325,0.0
LN-002431,0.0
LN-019441,0.0
LN-003038,0.0
LN-000956,0.0
LN-011344,0.0
LN-000526,0.0
LN-024992,0.0
LN-000661,0.0
LN-007138,0.0
LN-015473,0.0
LN-022126,0.0
LN-018845,0.0
LN-008904,0.0
LN-022359,0.0
LN-019444,0.0
LN-010768,0.0
LN-021715,0.0
LN-012768,0.0
LN-029283,0.0
LN-011322,0.0
LN-022151,0.0
LN-027653,0.0
LN-024423,0.0
LN-018953,0.0
LN-001854,0.0
LN-017270,0.0
LN-012530,0.0
LN-013101,0.0
LN-011605,0.0
LN-008842,0.0
LN-003618,0.0
LN-004129,0.0
LN-026386,0.0
LN-018182,0.0
LN-003329,0.0
LN-025958,0.0
LN-004338,0.0
LN-023521,0.0
LN-006039,0.0
LN-015599,0.0
LN-019661,0.0
LN-006138,0.0
LN-020828,0.0
LN-009641,0.0
LN-022507,0.0
LN-019932,0.0
LN-028669,0.0
LN-000195,0.0
LN-003139,0.0
LN-015085,0.0
LN-015558,0.0
LN-000991,0.0
LN-022059,0.0
LN-022342,0.0
LN-011676,0.0
LN-008851,0.0
LN-019579,0.0
LN-007680,0.0
LN-007165,0.0
LN-010525,0.0
LN-024256,0.0
LN-005755,0.0
LN-026375,0.0
LN-022318,0.0
LN-009264,0.0
LN-020447,0.0
LN-016810,0.0
LN-011432,0.0
LN-005413,0.0
LN-015248,0.0
LN-002856,0.0
LN-008606,0.0
LN-018093,0.0
LN-014997,0.0
LN-017684,0.0
LN-009886,0.0
LN-008180,0.0
LN-009258,0.0
LN-001301,0.0
LN-018009,0.0
LN-007513,0.0
LN-006480,0.0
LN-019582,0.0
LN-011150,0.0
LN-000234,0.0
LN-027197,0.0
LN-004022,0.0
LN-000216,0.0
LN-011774,0.0
LN-019194,0.0
LN-006837,0.0
LN-017180,0.0
LN-003459,0.0
LN-005167,0.0
LN-003908,0.0
LN-011642,0.0
LN-027648,0.0
LN-020421,0.0
LN-024986,0.0
LN-008027,0.0
LN-001348,0.0
LN-009330,0.0
LN-026809,0.0
LN-026143,0.0
LN-027318,0.0
LN-020202,0.0
LN-028588,0.0
LN-028861,0.0
LN-025762,0.0
LN-020171,0.0
LN-011967,0.0
LN-028583,0.0
LN-014356,0.0
LN-026639,0.0
LN-021936,0.0
LN-015796,0.0
LN-015931,0.0
LN-015287,0.0
LN-013971,0.0
LN-027289,0.0
LN-012965,0.0
LN-013943,0.0
LN-010710,0.0
LN-029044,0.0
LN-013311,0.0
LN-010349,0.0
LN-029016,0.0
LN-028593,0.0
LN-018036,0.0
LN-021161,0.0
LN-022622,0.0
LN-013004,0.0
LN-019587,0.0
LN-020885,0.0
LN-011041,0.0
LN-020931,0.0
LN-013465,0.0
LN-003146,0.0
LN-013295,0.0
LN-015125,0.0
LN-015753,0.0
LN-017849,0.0
LN-002062,0.0
LN-011194,0.0
LN-015960,0.0
LN-011614,0.0
LN-022768,0.0
LN-023910,0.0
LN-020031,0.0
LN-029173,0.0
LN-026522,0.0
LN-022352,0.0
LN-025893,0.0
LN-015903,0.0
LN-005737,0.0
LN-002902,0.0
LN-027591,0.0
LN-001845,0.0
LN-017817,0.0
LN-018058,0.0
LN-016357,0.0
LN-016558,0.0
LN-003344,0.0
LN-019572,0.0
LN-000063,0.0
LN-023126,0.0
LN-017269,0.0
LN-026076,0.0
LN-013750,0.0
LN-018171,0.0
LN-026817,0.0
LN-012150,0.0
LN-003596,0.0
LN-005006,0.0
LN-015470,0.0
LN-023729,0.0
LN-008655,0.0
LN-026446,0.0
LN-028215,0.0
LN-019590,0.0
LN-004030,0.0
LN-021290,0.0
LN-022364,0.0
LN-022286,0.0
LN-008790,0.0
LN-023661,0.0
LN-005331,0.0
LN-007937,0.0
LN-021531,0.0
LN-017229,0.0
LN-002575,0.0
LN-013719,0.0
LN-003975,0.0
LN-009342,0.0
LN-028956,0.0
LN-000587,0.0
LN-006261,0.0
LN-021128,0.0
LN-018535,0.0
LN-017819,0.0
LN-003533,0.0
LN-004107,0.0
LN-008074,0.0
LN-027877,0.0
LN-012110,0.0
LN-009354,0.0
LN-022452,0.0
LN-011917,0.0
LN-001744,0.0
LN-025611,0.0
LN-013198,0.0
LN-022067,0.0
LN-015067,0.0
LN-013845,0.0
LN-006587,0.0
LN-015858,0.0
LN-005276,0.0
LN-001937,0.0
LN-006629,0.0
LN-025891,0.0
LN-022962,0.0
LN-009741,0.0
LN-006222,0.0
LN-025166,0.0
LN-006054,0.0
LN-011389,0.0
LN-011668,0.0
LN-009902,0.0
LN-022683,0.0
LN-016522,0.0
LN-029126,0.0
LN-020500,0.0
LN-016526,0.0
LN-003797,0.0
LN-008274,0.0
LN-005281,0.0
LN-012570,0.0
LN-003202,0.0
LN-022939,0.0
LN-005486,0.0
LN-026330,0.0
LN-001756,0.0
LN-028773,0.0
LN-028627,0.0
LN-006007,0.0
LN-018921,0.0
LN-000959,0.0
LN-023667,0.0
LN-024778,0.0
LN-023880,0.0
LN-026874,0.0
LN-027932,0.0
LN-004082,0.0
LN-025768,0.0
LN-011771,0.0
LN-004137,0.0
LN-013288,0.0
LN-023586,0.0
LN-010254,0.0
LN-015049,0.0
LN-019671,0.0
LN-017106,0.0
LN-008678,0.0
LN-012811,0.0
LN-000718,0.0
LN-016296,0.0
LN-005234,0.0
LN-012740,0.0
LN-003553,0.0
LN-020476,0.0
LN-014411,0.0
LN-010620,0.0
LN-017215,0.0
LN-000601,0.0
LN-012173,0.0
LN-028838,0.0
LN-014252,0.0
LN-014794,0.0
LN-000238,0.0
LN-020131,0.0
LN-015012,0.0
LN-028486,0.0
LN-004525,0.0
LN-007803,0.0
LN-001354,0.0
LN-014722,0.0
LN-007792,0.0
LN-019297,0.0
LN-001028,0.0
LN-024798,0.0
LN-026294,0.0
LN-013984,0.0
LN-022248,0.0
LN-000974,0.0
LN-007794,0.0
LN-015257,0.0
LN-027981,0.0
LN-004349,0.0
LN-000398,0.0
LN-011385,0.0
LN-011894,0.0
LN-013697,0.0
LN-013200,0.0
LN-000700,0.0
LN-025403,0.0
LN-009821,0.0
LN-023727,0.0
LN-022117,0.0
LN-006479,0.0
LN-023852,0.0
LN-003616,0.0
LN-011831,0.0
LN-004384,0.0
LN-026369,0.0
LN-000298,0.0
LN-014852,0.0
LN-025860,0.0
LN-010263,0.0
LN-014643,0.0
LN-005671,0.0
LN-002813,0.0
LN-000080,0.0
LN-014760,0.0
LN-021530,0.0
LN-008328,0.0
LN-001294,0.0
LN-001199,0.0
LN-024118,0.0
LN-026659,0.0
LN-004234,0.0
LN-014639,0.0
LN-005220,0.0
LN-011147,0.0
LN-015812,0.0
LN-002315,0.0
LN-011409,0.0
LN-007842,0.0
LN-029144,0.0
LN-006811,0.0
LN-004238,0.0
LN-005414,0.0
LN-005698,0.0
LN-028283,0.0
LN-003543,0.0
LN-009017,0.0
LN-017014,0.0
LN-013973,0.0
LN-000892,0.0
LN-028029,0.0
LN-026284,0.0
LN-000184,0.0
LN-023007,0.0
LN-026147,0.0
LN-014111,0.0
LN-022921,0.0
LN-025874,0.0
LN-010280,0.0
LN-004493,0.0
LN-015713,0.0
LN-000834,0.0
LN-024759,0.0
LN-017284,0.0
LN-017706,0.0
LN-020603,0.0
LN-015242,0.0
LN-014954,0.0
LN-004182,0.0
LN-028939,0.0
LN-027346,0.0
LN-018467,0.0
LN-020746,0.0
LN-026042,0.0
LN-025030,0.0
LN-001923,0.0
LN-023263,0.0
LN-001708,0.0
LN-027631,0.0
LN-026986,0.0
LN-026586,0.0
LN-019651,0.0
LN-013760,0.0
LN-002248,0.0
LN-006013,0.0
LN-024415,0.0
LN-028991,0.0
LN-028557,0.0
LN-007098,0.0
LN-006800,0.0
LN-009320,0.0
LN-019858,0.0
LN-004038,0.0
LN-012253,0.0
LN-013877,0.0
LN-021544,0.0
LN-005726,0.0
LN-026641,0.0
LN-028963,0.0
LN-008503,0.0
LN-026730,0.0
LN-006401,0.0
LN-009194,0.0
LN-005089,0.0
LN-004664,0.0
LN-006908,0.0
LN-002244,0.0
LN-005480,0.0
LN-003458,0.0
LN-016991,0.0
LN-005827,0.0
LN-005838,0.0
LN-005262,0.0
LN-004424,0.0
LN-023365,0.0
LN-012143,0.0
LN-017543,0.0
LN-010343,0.0
LN-029266,0.0
LN-011901,0.0
LN-004630,0.0
LN-019818,0.0
LN-024722,0.0
LN-006655,0.0
LN-015891,0.0
LN-008191,0.0
LN-009170,0.0
LN-001739,0.0
LN-001397,0.0
LN-019969,0.0
LN-003964,0.0
LN-026754,0.0
LN-022031,0.0
LN-019534,0.0
LN-003007,0.0
LN-026719,0.0
LN-026805,0.0
LN-018885,0.0
LN-026729,0.0
LN-016857,0.0
LN-019311,0.0
LN-028314,0.0
LN-020941,0.0
LN-012682,0.0
LN-013041,0.0
LN-006256,0.0
LN-017093,0.0
LN-003167,0.0
LN-027195,0.0
LN-001714,0.0
LN-007637,0.0
LN-001594,0.0
LN-023447,0.0
LN-024082,0.0
LN-020537,0.0
LN-007851,0.0
LN-020668,0.0
LN-009199,0.0
LN-001573,0.0
LN-018615,0.0
LN-006102,0.0
LN-027846,0.0
LN-004529,0.0
LN-018574,0.0
LN-002156,0.0
LN-008577,0.0
LN-020400,0.0
LN-019768,0.0
LN-027198,0.0
LN-005965,0.0
LN-028250,0.0
LN-019316,0.0
LN-016387,0.0
LN-028794,0.0
LN-002917,0.0
LN-005289,0.0
LN-008394,0.0
LN-025353,0.0
LN-008925,0.0
LN-026879,0.0
LN-028041,0.0
LN-000348,0.0
LN-006710,0.0
LN-005346,0.0
LN-009983,0.0
LN-025294,0.0
LN-021817,0.0
LN-027143,0.0
LN-000505,0.0
LN-012114,0.0
LN-016424,0.0
LN-023981,0.0
LN-020753,0.0
LN-008426,0.0
LN-005656,0.0
LN-023795,0.0
LN-011243,0.0
LN-003694,0.0
LN-027755,0.0
LN-022712,0.0
LN-009572,0.0
LN-025386,0.0
LN-006627,0.0
LN-020699,0.0
LN-028059,0.0
LN-009013,0.0
LN-017141,0.0
LN-029158,0.0
LN-020715,0.0
LN-011262,0.0
LN-024350,0.0
LN-005193,0.0
LN-006646,0.0
LN-023412,0.0
LN-011298,0.0
LN-006483,0.0
LN-002927,0.0
LN-011643,0.0
LN-011452,0.0
LN-010864,0.0
LN-014291,0.0
LN-022542,0.0
LN-010052,0.0
LN-017869,0.0
LN-012776,0.0
LN-003641,0.0
LN-023332,0.0
LN-018353,0.0
LN-020649,0.0
LN-026998,0.0
LN-012489,0.0
LN-010626,0.0
LN-026020,0.0
LN-026372,0.0
LN-024974,0.0
LN-018891,0.0
LN-005449,0.0
LN-003191,0.0
LN-019598,0.0
LN-026578,0.0
LN-025939,0.0
LN-022179,0.0
LN-009625,0.0
LN-000090,0.0
LN-013236,0.0
LN-011316,0.0
LN-011586,0.0
LN-023656,0.0
LN-003620,0.0
LN-020485,0.0
LN-023426,0.0
LN-028219,0.0
LN-020945,0.0
LN-028905,0.0
LN-027057,0.0
LN-024784,0.0
LN-015510,0.0
LN-020876,0.0
LN-016719,0.0
LN-009271,0.0
LN-016212,0.0
LN-005623,0.0
LN-003876,0.0
LN-017514,0.0
LN-000416,0.0
LN-015996,0.0
LN-025008,0.0
LN-022736,0.0
LN-011091,0.0
LN-025635,0.0
LN-019972,0.0
LN-014706,0.0
LN-012226,0.0
LN-008954,0.0
LN-020736,0.0
LN-007096,0.0
LN-013650,0.0
LN-011943,0.0
LN-024461,0.0
LN-013974,0.0
LN-010916,0.0
LN-005035,0.0
LN-005556,0.0
LN-010578,0.0
LN-015046,0.0
LN-014811,0.0
LN-005295,0.0
LN-024221,0.0
LN-002996,0.0
LN-002314,0.0
LN-023053,0.0
LN-021415,0.0
LN-005939,0.0
LN-009694,0.0
LN-028877,0.0
LN-014856,0.0
LN-014930,0.0
LN-012279,0.0
LN-011508,0.0
LN-007580,0.0
LN-013457,0.0
LN-009556,0.0
LN-017654,0.0
LN-019917,0.0
LN-007150,0.0
LN-027810,0.0
LN-015006,0.0
LN-009827,0.0
LN-010318,0.0
LN-001781,0.0
LN-021658,0.0
LN-012395,0.0
LN-013674,0.0
LN-010977,0.0
LN-027322,0.0
LN-007284,0.0
LN-017778,0.0
LN-012190,0.0
LN-000108,0.0
LN-015283,0.0
LN-023606,0.0
LN-027065,0.0
LN-004983,0.0
LN-015448,0.0
LN-015675,0.0
LN-026831,0.0
LN-014984,0.0
LN-016042,0.0
LN-011635,0.0
LN-011401,0.0
LN-006136,0.0
LN-003588,0.0
LN-024318,0.0
LN-007779,0.0
LN-002780,0.0
LN-019448,0.0
LN-027592,0.0
LN-025709,0.0
LN-021278,0.0
LN-012929,0.0
LN-006003,0.0
LN-018054,0.0
LN-020990,0.0
LN-019238,0.0
LN-015309,0.0
LN-012576,0.0
LN-027011,0.0
LN-024536,0.0
LN-024252,0.0
LN-003527,0.0
LN-023490,0.0
LN-019451,0.0
LN-008505,0.0
LN-017078,0.0
LN-013849,0.0
LN-019937,0.0
LN-027702,0.0
LN-017315,0.0
LN-022527,0.0
LN-008179,0.0
LN-000796,0.0
LN-028760,0.0
LN-019606,0.0
LN-000278,0.0
LN-020790,0.0
LN-018897,0.0
LN-023450,0.0
LN-008500,0.0
LN-028295,0.0
LN-013735,0.0
LN-022238,0.0
LN-021260,0.0
LN-023008,0.0
LN-028601,0.0
LN-019429,0.0
LN-005410,0.0
LN-001868,0.0
LN-008695,0.0
LN-026623,0.0
LN-026797,0.0
LN-014886,0.0
LN-004548,0.0
LN-006301,0.0
LN-005915,0.0
LN-022491,0.0
LN-002728,0.0
LN-026869,0.0
LN-012914,0.0
LN-014010,0.0
LN-015770,0.0
LN-026483,0.0
LN-023002,0.0
LN-009804,0.0
LN-016383,0.0
LN-027992,0.0
LN-001763,0.0
LN-005603,0.0
LN-023635,0.0
LN-015026,0.0
LN-009566,0.0
LN-017031,0.0
LN-028975,0.0
LN-015418,0.0
LN-015769,0.0
LN-000837,0.0
LN-021594,0.0
LN-018750,0.0
LN-029122,0.0
LN-001532,0.0
LN-018984,0.0
LN-004074,0.0
LN-004502,0.0
LN-014316,0.0
LN-016380,0.0
LN-023427,0.0
LN-021837,0.0
LN-016557,0.0
LN-002374,0.0
LN-016234,0.0
LN-022522,0.0
LN-024927,0.0
LN-026243,0.0
LN-005580,0.0
LN-021736,0.0
LN-003477,0.0
LN-024451,0.0
LN-015706,0.0
LN-000327,0.0
LN-007890,0.0
LN-016486,0.0
LN-007254,0.0
LN-008128,0.0
LN-016167,0.0
LN-021831,0.0
LN-008850,0.0
LN-022977,0.0
LN-000461,0.0
LN-019423,0.0
LN-021766,0.0
LN-002861,0.0
LN-010123,0.0
LN-012550,0.0
LN-026602,0.0
LN-017417,0.0
LN-018346,0.0
LN-017167,0.0
LN-018917,0.0
LN-019803,0.0
LN-015700,0.0
LN-022487,0.0
LN-010508,0.0
LN-007841,0.0
LN-017182,0.0
LN-018700,0.0
LN-019877,0.0
LN-016597,0.0
LN-026777,0.0
LN-013887,0.0
LN-002866,0.0
LN-012738,0.0
LN-014298,0.0
LN-027450,0.0
LN-010868,0.0
LN-003341,0.0
LN-008123,0.0
LN-005278,0.0
LN-019888,0.0
LN-002710,0.0
LN-009673,0.0
LN-002161,0.0
LN-018486,0.0
LN-004953,0.0
LN-016885,0.0
LN-024967,0.0
LN-008261,0.0
LN-015194,0.0
LN-015982,0.0
LN-015202,0.0
LN-025742,0.0
LN-029199,0.0
LN-026595,0.0
LN-024503,0.0
LN-012670,0.0
LN-012677,0.0
LN-007210,0.0
LN-005315,0.0
LN-016849,0.0
LN-029285,0.0
LN-018508,0.0
LN-007979,0.0
LN-013281,0.0
LN-027664,0.0
LN-010402,0.0
LN-012463,0.0
LN-026199,0.0
LN-014015,0.0
LN-016071,0.0
LN-020211,0.0
LN-015894,0.0
LN-002674,0.0
LN-022221,0.0
LN-023520,0.0
LN-020541,0.0
LN-004559,0.0
LN-017911,0.0
LN-007428,0.0
LN-012604,0.0
LN-003207,0.0
LN-026360,0.0
LN-000676,0.0
LN-005163,0.0
LN-001358,0.0
LN-028270,0.0
LN-011426,0.0
LN-016497,0.0
LN-000285,0.0
LN-009700,0.0
LN-016931,0.0
LN-021848,0.0
LN-008814,0.0
LN-002407,0.0
LN-021542,0.0
LN-026285,0.0
LN-011468,0.0
LN-020268,0.0
LN-019468,0.0
LN-018728,0.0
LN-012310,0.0
LN-012255,0.0
LN-000055,0.0
LN-022509,0.0
LN-027224,0.0
LN-003228,0.0
LN-024525,0.0
LN-024896,0.0
LN-014268,0.0
LN-003983,0.0
LN-028348,0.0
LN-002945,0.0
LN-016556,0.0
LN-023755,0.0
LN-011770,0.0
LN-009396,0.0
LN-016641,0.0
LN-008626,0.0
LN-003099,0.0
LN-016210,0.0
LN-019823,0.0
LN-024919,0.0
LN-016809,0.0
LN-020629,0.0
LN-008365,0.0
LN-016487,0.0
LN-020884,0.0
LN-007622,0.0
LN-007026,0.0
LN-011297,0.0
LN-013118,0.0
LN-023936,0.0
LN-006433,0.0
LN-005098,0.0
LN-009251,0.0
LN-029107,0.0
LN-008160,0.0
LN-022213,0.0
LN-001173,0.0
LN-007216,0.0
LN-020161,0.0
LN-013655,0.0
LN-012094,0.0
LN-001973,0.0
LN-008957,0.0
LN-028711,0.0
LN-026814,0.0
LN-007867,0.0
LN-013365,0.0
LN-014925,0.0
LN-020315,0.0
LN-000977,0.0
LN-017243,0.0
LN-013803,0.0
LN-027090,0.0
LN-028207,0.0
LN-007429,0.0
LN-020203,0.0
LN-027890,0.0
LN-026123,0.0
LN-029178,0.0
LN-010750,0.0
LN-003744,0.0
LN-025711,0.0
LN-008642,0.0
LN-016293,0.0
LN-009472,0.0
LN-018087,0.0
LN-029260,0.0
LN-011081,0.0
LN-023398,0.0
LN-022724,0.0
LN-020467,0.0
LN-013787,0.0
LN-001567,0.0
LN-019719,0.0
LN-005772,0.0
LN-027853,0.0
LN-016224,0.0
LN-009181,0.0
LN-022849,0.0
LN-015361,0.0
LN-021402,0.0
LN-014037,0.0
LN-015017,0.0
LN-005969,0.0
LN-011982,0.0
LN-000688,0.0
LN-027256,0.0
LN-027275,0.0
LN-028753,0.0
LN-005958,0.0
LN-001079,0.0
LN-018931,0.0
LN-003369,0.0
LN-023188,0.0
LN-021860,0.0
LN-028916,0.0
LN-025907,0.0
LN-012315,0.0
LN-028095,0.0
LN-000352,0.0
LN-008106,0.0
LN-027803,0.0
LN-001696,0.0
LN-015667,0.0
LN-019483,0.0
LN-019118,0.0
LN-028332,0.0
LN-003538,0.0
LN-028661,0.0
LN-023408,0.0
LN-020624,0.0
LN-027231,0.0
LN-003499,0.0
LN-009826,0.0
LN-015080,0.0
LN-008324,0.0
LN-015404,0.0
LN-001976,0.0
LN-023698,0.0
LN-006215,0.0
LN-023961,0.0
LN-015886,0.0
LN-023529,0.0
LN-009592,0.0
LN-010047,0.0
LN-011531,0.0
LN-011849,0.0
LN-018892,0.0
LN-001698,0.0
LN-006331,0.0
LN-001882,0.0
LN-020810,0.0
LN-003679,0.0
LN-011238,0.0
LN-011461,0.0
LN-022780,0.0
LN-006916,0.0
LN-027054,0.0
LN-018263,0.0
LN-029225,0.0
LN-018085,0.0
LN-018381,0.0
LN-020270,0.0
LN-017430,0.0
LN-000300,0.0
LN-019772,0.0
LN-017002,0.0
LN-011789,0.0
LN-001996,0.0
LN-001742,0.0
LN-002502,0.0
LN-012484,0.0
LN-005110,0.0
LN-020959,0.0
LN-019673,0.0
LN-000781,0.0
LN-008989,0.0
LN-026977,0.0
LN-001984,0.0
LN-026644,0.0
LN-028044,0.0
LN-016219,0.0
LN-019650,0.0
LN-013614,0.0
LN-017148,0.0
LN-026979,0.0
LN-016344,0.0
LN-005762,0.0
LN-009183,0.0
LN-000471,0.0
LN-026463,0.0
LN-023255,0.0
LN-018814,0.0
LN-027827,0.0
LN-009803,0.0
LN-002366,0.0
LN-027922,0.0
LN-012727,0.0
LN-003549,0.0
LN-018551,0.0
LN-012672,0.0
LN-004185,0.0
LN-015359,0.0
LN-001601,0.0
LN-008632,0.0
LN-003786,0.0
LN-003325,0.0
LN-022189,0.0
LN-019492,0.0
LN-001356,0.0
LN-005273,0.0
LN-017560,0.0
LN-015031,0.0
LN-025031,0.0
LN-014528,0.0
LN-019769,0.0
LN-021494,0.0
LN-002098,0.0
LN-016398,0.0
LN-005347,0.0
LN-011346,0.0
LN-014979,0.0
LN-002094,0.0
LN-003149,0.0
LN-015337,0.0
LN-029228,0.0
LN-029240,0.0
LN-010029,0.0
LN-006615,0.0
LN-024840,0.0
LN-007905,0.0
LN-020861,0.0
LN-025574,0.0
LN-028185,0.0
LN-021436,0.0
LN-026064,0.0
LN-000207,0.0
LN-010138,0.0
LN-023359,0.0
LN-000749,0.0
LN-028338,0.0
LN-017477,0.0
LN-004368,0.0
LN-023909,0.0
LN-019816,0.0
LN-000854,0.0
LN-016786,0.0
LN-022315,0.0
LN-009130,0.0
LN-003960,0.0
LN-017910,0.0
LN-007898,0.0
LN-018856,0.0
LN-009214,0.0
LN-019404,0.0
LN-026480,0.0
LN-025390,0.0
LN-009371,0.0
LN-010631,0.0
LN-022140,0.0
LN-029125,0.0
LN-007951,0.0
LN-006265,0.0
LN-018977,0.0
LN-001018,0.0
LN-016006,0.0
LN-017266,0.0
LN-018749,0.0
LN-015434,0.0
LN-010665,0.0
LN-003525,0.0
LN-002827,0.0
LN-017795,0.0
LN-006557,0.0
LN-016972,0.0
LN-010167,0.0
LN-025475,0.0
LN-021088,0.0
LN-007849,0.0
LN-027083,0.0
LN-006694,0.0
LN-007030,0.0
LN-005384,0.0
LN-007395,0.0
LN-016548,0.0
LN-019794,0.0
LN-011094,0.0
LN-017392,0.0
LN-025273,0.0
LN-020115,0.0
LN-023549,0.0
LN-003689,0.0
LN-014922,0.0
LN-011106,0.0
LN-006845,0.0
LN-010025,0.0
LN-014780,0.0
LN-010545,0.0
LN-000906,0.0
LN-013852,0.0
LN-013751,0.0
LN-013985,0.0
LN-008980,0.0
LN-006825,0.0
LN-004104,0.0
LN-013251,0.0
LN-013556,0.0
LN-003723,0.0
LN-009817,0.0
LN-022276,0.0
LN-003423,0.0
LN-009369,0.0
LN-029088,0.0
LN-010095,0.0
LN-004141,0.0
LN-023633,0.0
LN-009961,0.0
LN-017365,0.0
LN-022301,0.0
LN-015237,0.0
LN-010963,0.0
LN-004585,0.0
LN-009219,0.0
LN-008235,0.0
LN-005943,0.0
LN-028213,0.0
LN-013757,0.0
LN-021171,0.0
LN-014671,0.0
LN-015001,0.0
LN-013155,0.0
LN-020608,0.0
LN-001104,0.0
LN-028400,0.0
LN-013612,0.0
LN-011047,0.0
LN-001909,0.0
LN-002177,0.0
LN-013595,0.0
LN-029165,0.0
LN-020801,0.0
LN-016979,0.0
LN-002008,0.0
LN-009431,0.0
LN-014991,0.0
LN-009708,0.0
LN-020383,0.0
LN-011726,0.0
LN-026836,0.0
LN-001177,0.0
LN-027157,0.0
LN-024260,0.0
LN-012612,0.0
LN-000344,0.0
LN-007764,0.0
LN-020547,0.0
LN-009420,0.0
LN-027347,0.0
LN-002252,0.0
LN-018086,0.0
LN-028012,0.0
LN-023444,0.0
LN-017552,0.0
LN-011301,0.0
LN-014865,0.0
LN-017224,0.0
LN-008007,0.0
LN-001647,0.0
LN-003898,0.0
LN-015441,0.0
LN-022081,0.0
LN-022080,0.0
LN-012940,0.0
LN-014982,0.0
LN-025490,0.0
LN-027588,0.0
LN-008672,0.0
LN-015166,0.0
LN-018783,0.0
LN-026944,0.0
LN-018661,0.0
LN-004866,0.0
LN-027248,0.0
LN-024456,0.0
LN-019343,0.0
LN-024573,0.0
LN-011338,0.0
LN-003324,0.0
LN-028820,0.0
LN-010079,0.0
LN-004219,0.0
LN-003589,0.0
LN-019669,0.0
LN-013512,0.0
LN-023517,0.0
LN-022796,0.0
LN-002933,0.0
LN-019457,0.0
LN-019630,0.0
LN-021054,0.0
LN-004309,0.0
LN-022732,0.0
LN-001819,0.0
LN-014658,0.0
LN-013648,0.0
LN-004016,0.0
LN-006690,0.0
LN-013571,0.0
LN-014362,0.0
LN-021467,0.0
LN-010801,0.0
LN-016904,0.0
LN-027103,0.0
LN-020588,0.0
LN-000017,0.0
LN-015217,0.0
LN-022372,0.0
LN-011187,0.0
LN-027872,0.0
LN-001983,0.0
LN-013836,0.0
LN-009300,0.0
LN-012508,0.0
LN-018002,0.0
LN-019689,0.0
LN-021193,0.0
LN-005411,0.0
LN-020392,0.0
LN-010699,0.0
LN-020888,0.0
LN-008621,0.0
LN-002193,0.0
LN-009653,0.0
LN-023037,0.0
LN-002295,0.0
LN-009084,0.0
LN-009727,0.0
LN-003614,0.0
LN-005542,0.0
LN-024677,0.0
LN-008530,0.0
LN-014150,0.0
LN-014825,0.0
LN-012644,0.0
LN-006221,0.0
LN-007687,0.0
LN-024015,0.0
LN-007351,0.0
LN-009515,0.0
LN-003871,0.0
LN-015157,0.0
LN-005206,0.0
LN-000109,0.0
LN-023481,0.0
LN-011816,0.0
LN-011696,0.0
LN-028929,0.0
LN-009224,0.0
LN-027539,0.0
LN-017308,0.0
LN-022162,0.0
LN-014853,0.0
LN-009373,0.0
LN-011284,0.0
LN-010036,0.0
LN-000304,0.0
LN-000645,0.0
LN-013794,0.0
LN-000924,0.0
LN-025809,0.0
LN-011570,0.0
LN-026491,0.0
LN-002340,0.0
LN-027506,0.0
LN-027278,0.0
LN-013709,0.0
LN-014544,0.0
LN-004418,0.0
LN-012381,0.0
LN-018035,0.0
LN-002382,0.0
LN-028940,0.0
LN-000835,0.0
LN-027175,0.0
LN-028742,0.0
LN-017376,0.0
LN-011020,0.0
LN-019422,0.0
LN-024402,0.0
LN-018909,0.0
LN-003370,0.0
LN-007577,0.0
LN-028981,0.0
LN-023217,0.0
LN-002453,0.0
LN-024387,0.0
LN-005221,0.0
LN-024860,0.0
LN-000066,0.0
LN-025926,0.0
LN-018329,0.0
LN-001661,0.0
LN-027253,0.0
LN-012964,0.0
LN-003941,0.0
LN-017256,0.0
LN-012808,0.0
LN-028789,0.0
LN-023697,0.0
LN-019201,0.0
LN-019910,0.0
LN-028359,0.0
LN-027688,0.0
LN-021975,0.0
LN-008264,0.0
LN-023201,0.0
LN-002788,0.0
LN-020263,0.0
LN-001847,0.0
LN-007839,0.0
LN-018730,0.0
LN-004072,0.0
LN-005242,0.0
LN-000151,0.0
LN-011652,0.0
LN-027900,0.0
LN-017265,0.0
LN-006849,0.0
LN-024353,0.0
LN-023830,0.0
LN-007522,0.0
LN-012704,0.0
LN-005848,0.0
LN-024286,0.0
LN-009785,0.0
LN-026153,0.0
LN-029150,0.0
LN-022566,0.0
LN-003534,0.0
LN-007228,0.0
LN-002040,0.0
LN-002962,0.0
LN-011255,0.0
LN-014423,0.0
LN-008266,0.0
LN-005443,0.0
LN-002150,0.0
LN-011620,0.0
LN-010455,0.0
LN-026866,0.0
LN-027713,0.0
LN-002733,0.0
LN-016609,0.0
LN-025242,0.0
LN-023436,0.0
LN-029177,0.0
LN-000185,0.0
LN-019171,0.0
LN-016015,0.0
LN-006912,0.0
LN-003270,0.0
LN-000183,0.0
LN-020123,0.0
LN-025932,0.0
LN-011324,0.0
LN-019880,0.0
LN-023349,0.0
LN-024330,0.0
LN-025956,0.0
LN-027725,0.0
LN-002721,0.0
LN-023410,0.0
LN-010625,0.0
LN-002100,0.0
LN-016737,0.0
LN-000192,0.0
LN-029019,0.0
LN-029186,0.0
LN-025077,0.0
LN-012431,0.0
LN-016385,0.0
LN-018293,0.0
LN-010066,0.0
LN-001302,0.0
LN-019360,0.0
LN-017681,0.0
LN-020558,0.0
LN-026512,0.0
LN-025122,0.0
LN-003009,0.0
LN-007882,0.0
LN-015666,0.0
LN-002685,0.0
LN-017299,0.0
LN-019246,0.0
LN-016450,0.0
LN-027630,0.0
LN-011072,0.0
LN-019731,0.0
LN-003071,0.0
LN-022992,0.0
LN-020029,0.0
LN-020544,0.0
LN-014479,0.0
LN-027836,0.0
LN-026880,0.0
LN-000395,0.0
LN-013139,0.0
LN-008910,0.0
LN-001512,0.0
LN-010908,0.0
LN-003121,0.0
LN-005889,0.0
LN-009211,0.0
LN-010436,0.0
LN-005582,0.0
LN-001427,0.0
LN-017008,0.0
LN-019631,0.0
LN-012296,0.0
LN-027444,0.0
LN-007695,0.0
LN-007277,0.0
LN-005339,0.0
LN-013341,0.0
LN-006606,0.0
LN-011122,0.0
LN-012624,0.0
LN-013283,0.0
LN-024816,0.0
LN-026302,0.0
LN-016701,0.0
LN-001971,0.0
LN-024829,0.0
LN-001620,0.0
LN-007381,0.0
LN-019211,0.0
LN-019069,0.0
LN-012318,0.0
LN-005860,0.0
LN-010099,0.0
LN-001249,0.0
LN-027430,0.0
LN-001382,0.0
LN-010896,0.0
LN-020827,0.0
LN-029083,0.0
LN-028765,0.0
LN-024968,0.0
LN-014283,0.0
LN-011447,0.0
LN-008611,0.0
LN-010573,0.0
LN-002210,0.0
LN-011133,0.0
LN-011517,0.0
LN-021363,0.0
LN-018680,0.0
LN-009798,0.0
LN-021838,0.0
LN-022302,0.0
LN-028024,0.0
LN-013507,0.0
LN-020792,0.0
LN-010112,0.0
LN-012218,0.0
LN-012754,0.0
LN-002887,0.0
LN-027910,0.0
LN-016549,0.0
LN-008675,0.0
LN-000100,0.0
LN-017856,0.0
LN-009193,0.0
LN-016717,0.0
LN-001058,0.0
LN-019008,0.0
LN-013290,0.0
LN-019756,0.0
LN-017782,0.0
LN-012353,0.0
LN-005368,0.0
LN-020246,0.0
LN-014769,0.0
LN-002408,0.0
LN-019025,0.0
LN-023815,0.0
LN-019204,0.0
LN-018457,0.0
LN-013769,0.0
LN-016899,0.0
LN-010922,0.0
LN-027470,0.0
LN-018927,0.0
LN-023347,0.0
LN-005349,0.0
LN-008414,0.0
LN-013857,0.0
LN-026087,0.0
LN-017582,0.0
LN-027095,0.0
LN-010510,0.0
LN-006719,0.0
LN-002812,0.0
LN-018038,0.0
LN-017598,0.0
LN-001175,0.0
LN-003939,0.0
LN-008673,0.0
LN-025855,0.0
LN-005017,0.0
LN-027053,0.0
LN-005683,0.0
LN-005780,0.0
LN-004911,0.0
LN-015660,0.0
LN-026011,0.0
LN-027051,0.0
LN-007407,0.0
LN-004268,0.0
LN-011455,0.0
LN-016765,0.0
LN-027006,0.0
LN-002024,0.0
LN-020479,0.0
LN-019268,0.0
LN-011808,0.0
LN-011539,0.0
LN-022186,0.0
LN-024790,0.0
LN-000783,0.0
LN-002863,0.0
LN-010898,0.0
LN-024683,0.0
LN-025796,0.0
LN-009941,0.0
LN-011700,0.0
LN-016425,0.0
LN-015214,0.0
LN-020502,0.0
LN-003108,0.0
LN-022999,0.0
LN-005702,0.0
LN-016978,0.0
LN-018735,0.0
LN-021587,0.0
LN-021359,0.0
LN-015850,0.0
LN-026061,0.0
LN-000149,0.0
LN-028908,0.0
LN-006056,0.0
LN-002979,0.0
LN-011659,0.0
LN-009628,0.0
LN-002562,0.0
LN-013064,0.0
LN-007400,0.0
LN-012729,0.0
LN-007426,0.0
LN-017115,0.0
LN-000187,0.0
LN-013934,0.0
LN-027970,0.0
LN-021149,0.0
LN-025908,0.0
LN-008674,0.0
LN-002859,0.0
LN-025264,0.0
LN-004662,0.0
LN-018736,0.0
LN-018949,0.0
LN-003164,0.0
LN-017853,0.0
LN-004567,0.0
LN-013047,0.0
LN-025862,0.0
LN-006723,0.0
LN-025837,0.0
LN-029115,0.0
LN-019157,0.0
LN-003826,0.0
LN-010746,0.0
LN-007045,0.0
LN-010820,0.0
LN-008566,0.0
LN-023677,0.0
LN-028453,0.0
LN-016466,0.0
LN-021952,0.0
LN-008082,0.0
LN-019597,0.0
LN-024655,0.0
LN-000277,0.0
LN-027875,0.0
LN-005127,0.0
LN-003197,0.0
LN-010414,0.0
LN-005072,0.0
LN-021269,0.0
LN-004512,0.0
LN-004892,0.0
LN-004166,0.0
LN-003522,0.0
LN-007790,0.0
LN-028872,0.0
LN-008423,0.0
LN-007850,0.0
LN-005204,0.0
LN-006284,0.0
LN-008492,0.0
LN-007357,0.0
LN-014764,0.0
LN-004144,0.0
LN-017694,0.0
LN-001389,0.0
LN-015106,0.0
LN-000099,0.0
LN-010057,0.0
LN-012851,0.0
LN-006602,0.0
LN-016589,0.0
LN-026436,0.0
LN-022567,0.0
LN-009690,0.0
LN-004690,0.0
LN-016259,0.0
LN-026206,0.0
LN-011014,0.0
LN-005801,0.0
LN-018215,0.0
LN-020514,0.0
LN-022128,0.0
LN-009571,0.0
LN-022350,0.0
LN-026808,0.0
LN-016336,0.0
LN-007778,0.0
LN-001972,0.0
LN-022573,0.0
LN-022405,0.0
LN-019007,0.0
LN-021259,0.0
LN-005138,0.0
LN-016101,0.0
LN-027560,0.0
LN-004228,0.0
LN-022338,0.0
LN-007844,0.0
LN-004300,0.0
LN-024978,0.0
LN-010236,0.0
LN-027131,0.0
LN-003839,0.0
LN-028986,0.0
LN-029058,0.0
LN-009280,0.0
LN-011555,0.0
LN-000468,0.0
LN-002389,0.0
LN-018261,0.0
LN-011012,0.0
LN-006315,0.0
LN-024729,0.0
LN-021906,0.0
LN-011382,0.0
LN-013248,0.0
LN-012881,0.0
LN-016723,0.0
LN-016189,0.0
LN-016304,0.0
LN-010849,0.0
LN-003914,0.0
LN-016815,0.0
LN-027983,0.0
LN-012641,0.0
LN-021378,0.0
LN-016055,0.0
LN-011119,0.0
LN-010415,0.0
LN-028728,0.0
LN-027381,0.0
LN-008882,0.0
LN-029279,0.0
LN-000530,0.0
LN-020494,0.0
LN-011376,0.0
LN-010644,0.0
LN-006713,0.0
LN-018195,0.0
LN-025449,0.0
LN-006847,0.0
LN-010007,0.0
LN-023824,0.0
LN-022371,0.0
LN-006731,0.0
LN-018239,0.0
LN-019702,0.0
LN-028131,0.0
LN-000635,0.0
LN-017173,0.0
LN-006471,0.0
LN-000426,0.0
LN-016027,0.0
LN-007659,0.0
LN-022263,0.0
LN-008288,0.0
LN-009277,0.0
LN-017292,0.0
LN-017120,0.0
LN-021643,0.0
LN-023153,0.0
LN-025282,0.0
LN-018459,0.0
LN-026191,0.0
LN-001121,0.0
LN-027276,0.0
LN-023634,0.0
LN-025496,0.0
LN-025675,0.0
LN-023405,0.0
LN-019618,0.0
LN-015581,0.0
LN-015084,0.0
LN-010860,0.0
LN-022661,0.0
LN-012963,0.0
LN-012098,0.0
LN-006707,0.0
LN-019241,0.0
LN-011538,0.0
LN-021900,0.0
LN-022519,0.0
LN-014105,0.0
LN-015551,0.0
LN-014484,0.0
LN-015638,0.0
LN-000823,0.0
LN-026499,0.0
LN-006429,0.0
LN-028646,0.0
LN-007870,0.0
LN-011941,0.0
LN-025227,0.0
LN-004685,0.0
LN-000604,0.0
LN-010346,0.0
LN-011173,0.0
LN-003248,0.0
LN-007082,0.0
LN-025348,0.0
LN-026244,0.0
LN-018061,0.0
LN-010179,0.0
LN-005880,0.0
LN-019716,0.0
LN-022587,0.0
LN-008389,0.0
LN-001014,0.0
LN-010046,0.0
LN-023226,0.0
LN-029050,0.0
LN-015181,0.0
LN-004987,0.0
LN-012897,0.0
LN-008906,0.0
LN-028582,0.0
LN-010912,0.0
LN-023971,0.0
LN-025413,0.0
LN-022271,0.0
LN-024295,0.0
LN-023179,0.0
LN-008190,0.0
LN-000639,0.0
LN-016727,0.0
LN-029175,0.0
LN-011646,0.0
LN-025633,0.0
LN-027764,0.0
LN-019663,0.0
LN-026315,0.0
LN-006425,0.0
LN-000288,0.0
LN-015764,0.0
LN-007418,0.0
LN-024289,0.0
LN-020929,0.0
LN-017873,0.0
LN-021855,0.0
LN-017330,0.0
LN-017207,0.0
LN-018269,0.0
LN-004756,0.0
LN-019928,0.0
LN-005742,0.0
LN-006594,0.0
LN-026160,0.0
LN-021306,0.0
LN-011019,0.0
LN-012283,0.0
LN-026758,0.0
LN-028675,0.0
LN-006516,0.0
LN-024495,0.0
LN-003432,0.0
LN-019693,0.0
LN-016455,0.0
LN-028094,0.0
LN-014046,0.0
LN-026183,0.0
LN-008855,0.0
LN-001285,0.0
LN-022416,0.0
LN-027199,0.0
LN-017326,0.0
LN-009345,0.0
LN-020109,0.0
LN-015695,0.0
LN-001237,0.0
LN-027049,0.0
LN-006233,0.0
LN-013603,0.0
LN-004243,0.0
LN-027906,0.0
LN-022203,0.0
LN-025324,0.0
LN-027805,0.0
LN-020516,0.0
LN-000235,0.0
LN-014458,0.0
LN-013888,0.0
LN-005904,0.0
LN-028251,0.0
LN-015188,0.0
LN-001916,0.0
LN-006166,0.0
LN-003470,0.0
LN-017562,0.0
LN-015321,0.0
LN-016632,0.0
LN-006332,0.0
LN-012927,0.0
LN-026316,0.0
LN-010586,0.0
LN-024418,0.0
LN-016713,0.0
LN-025034,0.0
LN-003381,0.0
LN-007609,0.0
LN-001041,0.0
LN-019037,0.0
LN-021152,0.0
LN-020091,0.0
LN-023760,0.0
LN-006924,0.0
LN-004861,0.0
LN-009676,0.0
LN-013643,0.0
LN-005876,0.0
LN-023997,0.0
LN-024961,0.0
LN-015443,0.0
LN-027718,0.0
LN-000346,0.0
LN-020175,0.0
LN-019944,0.0
LN-027610,0.0
LN-013147,0.0
LN-010938,0.0
LN-028155,0.0
LN-008641,0.0
LN-028194,0.0
LN-011822,0.0
LN-015955,0.0
LN-024818,0.0
LN-018462,0.0
LN-018620,0.0
LN-024837,0.0
LN-016225,0.0
LN-021526,0.0
LN-016675,0.0
LN-015465,0.0
LN-003161,0.0
LN-006517,0.0
LN-015703,0.0
LN-006173,0.0
LN-007222,0.0
LN-027355,0.0
LN-001773,0.0
LN-011327,0.0
LN-011391,0.0
LN-007306,0.0
LN-020786,0.0
LN-003988,0.0
LN-015415,0.0
LN-014482,0.0
LN-017244,0.0
LN-006185,0.0
LN-024376,0.0
LN-006322,0.0
LN-020244,0.0
LN-025705,0.0
LN-003272,0.0
LN-005613,0.0
LN-000301,0.0
LN-024531,0.0
LN-016427,0.0
LN-007529,0.0
LN-002852,0.0
LN-026170,0.0
LN-015087,0.0
LN-023679,0.0
LN-019694,0.0
LN-006143,0.0
LN-013741,0.0
LN-014309,0.0
LN-007855,0.0
LN-023026,0.0
LN-007484,0.0
LN-018603,0.0
LN-027674,0.0
LN-004438,0.0
LN-008092,0.0
LN-010194,0.0
LN-023591,0.0
LN-012153,0.0
LN-024220,0.0
LN-004265,0.0
LN-003006,0.0
LN-003319,0.0
LN-015488,0.0
LN-017228,0.0
LN-010235,0.0
LN-028605,0.0
LN-012433,0.0
LN-005178,0.0
LN-026308,0.0
LN-006754,0.0
LN-004293,0.0
LN-005728,0.0
LN-016421,0.0
LN-012655,0.0
LN-026418,0.0
LN-003835,0.0
LN-021315,0.0
LN-019452,0.0
LN-003630,0.0
LN-008558,0.0
LN-027498,0.0
LN-011845,0.0
LN-025876,0.0
LN-006610,0.0
LN-012830,0.0
LN-003626,0.0
LN-020966,0.0
LN-017467,0.0
LN-018430,0.0
LN-001465,0.0
LN-027744,0.0
LN-010319,0.0
LN-027857,0.0
LN-014258,0.0
LN-005112,0.0
LN-019326,0.0
LN-003627,0.0
LN-021320,0.0
LN-011664,0.0
LN-019394,0.0
LN-013471,0.0
LN-014694,0.0
LN-008403,0.0
LN-027003,0.0
LN-002445,0.0
LN-017130,0.0
LN-023231,0.0
LN-022707,0.0
LN-020760,0.0
LN-028364,0.0
LN-018115,0.0
LN-015756,0.0
LN-020393,0.0
LN-009000,0.0
LN-015880,0.0
LN-020298,0.0
LN-006692,0.0
LN-027272,0.0
LN-000217,0.0
LN-026969,0.0
LN-029102,0.0
LN-028585,0.0
LN-025305,0.0
LN-009247,0.0
LN-010341,0.0
LN-003177,0.0
LN-020147,0.0
LN-007171,0.0
LN-013683,0.0
LN-016029,0.0
LN-029119,0.0
LN-003306,0.0
LN-012357,0.0
LN-007984,0.0
LN-006995,0.0
LN-018060,0.0
LN-015373,0.0
LN-002607,0.0
LN-026075,0.0
LN-029220,0.0
LN-008931,0.0
LN-022016,0.0
LN-002324,0.0
LN-002070,0.0
LN-024704,0.0
LN-024466,0.0
LN-008062,0.0
LN-004497,0.0
LN-017945,0.0
LN-008245,0.0
LN-025280,0.0
LN-026216,0.0
LN-029085,0.0
LN-006522,0.0
LN-028456,0.0
LN-003823,0.0
LN-019304,0.0
LN-020009,0.0
LN-025469,0.0
LN-020165,0.0
LN-028686,0.0
LN-027886,0.0
LN-000386,0.0
LN-014469,0.0
LN-011690,0.0
LN-010287,0.0
LN-014627,0.0
LN-004172,0.0
LN-022981,0.0
LN-024323,0.0
LN-024607,0.0
LN-024063,0.0
LN-025286,0.0
LN-029054,0.0
LN-028915,0.0
LN-007541,0.0
LN-005485,0.0
LN-015056,0.0
LN-004822,0.0
LN-013600,0.0
LN-001171,0.0
LN-014709,0.0
LN-002620,0.0
LN-015526,0.0
LN-008949,0.0
LN-012750,0.0
LN-009481,0.0
LN-009606,0.0
LN-007257,0.0
LN-026059,0.0
LN-012983,0.0
LN-002011,0.0
LN-000033,0.0
LN-009534,0.0
LN-008005,0.0
LN-001755,0.0
LN-021873,0.0
LN-013224,0.0
LN-012287,0.0
LN-028876,0.0
LN-019867,0.0
LN-011604,0.0
LN-000087,0.0
LN-025988,0.0
LN-018107,0.0
LN-017576,0.0
LN-003143,0.0
LN-019909,0.0
LN-028747,0.0
LN-019206,0.0
LN-011448,0.0
LN-006197,0.0
LN-028979,0.0
LN-020414,0.0
LN-012505,0.0
LN-010164,0.0
LN-028526,0.0
LN-004623,0.0
LN-011695,0.0
LN-004879,0.0
LN-009985,0.0
LN-006439,0.0
LN-012138,0.0
LN-001970,0.0
LN-024481,0.0
LN-012909,0.0
LN-012650,0.0
LN-003243,0.0
LN-019013,0.0
LN-025547,0.0
LN-010734,0.0
LN-013950,0.0
LN-024167,0.0
LN-009871,0.0
LN-001955,0.0
LN-026115,0.0
LN-010600,0.0
LN-025692,0.0
LN-012029,0.0
LN-021481,0.0
LN-025602,0.0
LN-000926,0.0
LN-006574,0.0
LN-010465,0.0
LN-019559,0.0
LN-007318,0.0
LN-019741,0.0
LN-006094,0.0
LN-006340,0.0
LN-004622,0.0
LN-016623,0.0
LN-026829,0.0
LN-001556,0.0
LN-019384,0.0
LN-003704,0.0
LN-020714,0.0
LN-004428,0.0
LN-022464,0.0
LN-014370,0.0
LN-010202,0.0
LN-025618,0.0
LN-013774,0.0
LN-023284,0.0
LN-011222,0.0
LN-001642,0.0
LN-014302,0.0
LN-018544,0.0
LN-021833,0.0
LN-004066,0.0
LN-024108,0.0
LN-005419,0.0
LN-028085,0.0
LN-002920,0.0
LN-015641,0.0
LN-000739,0.0
LN-012571,0.0
LN-020341,0.0
LN-019675,0.0
LN-024277,0.0
LN-000684,0.0
LN-014668,0.0
LN-006260,0.0
LN-018260,0.0
LN-016442,0.0
LN-005636,0.0
LN-006012,0.0
LN-004031,0.0
LN-005706,0.0
LN-007646,0.0
LN-012413,0.0
LN-000550,0.0
LN-026089,0.0
LN-005102,0.0
LN-022033,0.0
LN-023821,0.0
LN-001332,0.0
LN-017317,0.0
LN-027927,0.0
LN-018205,0.0
LN-019700,0.0
LN-011867,0.0
LN-013604,0.0
LN-016808,0.0
LN-013421,0.0
LN-017613,0.0
LN-012937,0.0
LN-028569,0.0
LN-013436,0.0
LN-008052,0.0
LN-016520,0.0
LN-009357,0.0
LN-000103,0.0
LN-024032,0.0
LN-024061,0.0
LN-011191,0.0
LN-025235,0.0
LN-009228,0.0
LN-006417,0.0
LN-005356,0.0
LN-001542,0.0
LN-010870,0.0
LN-013432,0.0
LN-010184,0.0
LN-017351,0.0
LN-025066,0.0
LN-014621,0.0
LN-021718,0.0
LN-018075,0.0
LN-023261,0.0
LN-008843,0.0
LN-004999,0.0
LN-017316,0.0
LN-025437,0.0
LN-027894,0.0
LN-009058,0.0
LN-009546,0.0
LN-008524,0.0
LN-027661,0.0
LN-004456,0.0
LN-002207,0.0
LN-002528,0.0
LN-006005,0.0
LN-006946,0.0
LN-028365,0.0
LN-017748,0.0
LN-028960,0.0
LN-028223,0.0
LN-010419,0.0
LN-010551,0.0
LN-006562,0.0
LN-007112,0.0
LN-022813,0.0
LN-026247,0.0
LN-025992,0.0
LN-001758,0.0
LN-019755,0.0
LN-006550,0.0
LN-028320,0.0
LN-005073,0.0
LN-029195,0.0
LN-023602,0.0
LN-022269,0.0
LN-024577,0.0
LN-025032,0.0
LN-000073,0.0
LN-004448,0.0
LN-017703,0.0
LN-022883,0.0
LN-001616,0.0
LN-017588,0.0
LN-025502,0.0
LN-028899,0.0
LN-021098,0.0
LN-011864,0.0
LN-020854,0.0
LN-023747,0.0
LN-019217,0.0
LN-025266,0.0
LN-011885,0.0
LN-021068,0.0
LN-010955,0.0
LN-008533,0.0
LN-008775,0.0
LN-002817,0.0
LN-020960,0.0
LN-026267,0.0
LN-014271,0.0
LN-009266,0.0
LN-026861,0.0
LN-022545,0.0
LN-021792,0.0
LN-016756,0.0
LN-027667,0.0
LN-028065,0.0
LN-010769,0.0
LN-024053,0.0
LN-011780,0.0
LN-012427,0.0
LN-013337,0.0
LN-016206,0.0
LN-019179,0.0
LN-021850,0.0
LN-002833,0.0
LN-024646,0.0
LN-028462,0.0
LN-022725,0.0
LN-019743,0.0
LN-016273,0.0
LN-018106,0.0
LN-022539,0.0
LN-013275,0.0
LN-024018,0.0
LN-014580,0.0
LN-006806,0.0
LN-008711,0.0
LN-026464,0.0
LN-003714,0.0
LN-014019,0.0
LN-014326,0.0
LN-020782,0.0
LN-023222,0.0
LN-008909,0.0
LN-001918,0.0
LN-012844,0.0
LN-021451,0.0
LN-007211,0.0
LN-009119,0.0
LN-008361,0.0
LN-024730,0.0
LN-018719,0.0
LN-003757,0.0
LN-011525,0.0
LN-011441,0.0
LN-028206,0.0
LN-023428,0.0
LN-019863,0.0
LN-002923,0.0
LN-004067,0.0
LN-009323,0.0
LN-026342,0.0
LN-003673,0.0
LN-000897,0.0
LN-001400,0.0
LN-026258,0.0
LN-020625,0.0
LN-014433,0.0
LN-004907,0.0
LN-005093,0.0
LN-014889,0.0
LN-006133,0.0
LN-026031,0.0
LN-017206,0.0
LN-000643,0.0
LN-012068,0.0
LN-007467,0.0
LN-012257,0.0
LN-006742,0.0
LN-028977,0.0
LN-015004,0.0
LN-004246,0.0
LN-013424,0.0
LN-027490,0.0
LN-020214,0.0
LN-022834,0.0
LN-015461,0.0
LN-028937,0.0
LN-017909,0.0
LN-020955,0.0
LN-009802,0.0
LN-028680,0.0
LN-015757,0.0
LN-002113,0.0
LN-006972,0.0
LN-002018,0.0
LN-018570,0.0
LN-000330,0.0
LN-025702,0.0
LN-019685,0.0
LN-018747,0.0
LN-000595,0.0
LN-019244,0.0
LN-003291,0.0
LN-022119,0.0
LN-016051,0.0
LN-024150,0.0
LN-022472,0.0
LN-000703,0.0
LN-003795,0.0
LN-022709,0.0
LN-027675,0.0
LN-017361,0.0
LN-014188,0.0
LN-026584,0.0
LN-021808,0.0
LN-026495,0.0
LN-024014,0.0
LN-007482,0.0
LN-018966,0.0
LN-021476,0.0
LN-003020,0.0
LN-027902,0.0
LN-006940,0.0
LN-018734,0.0
LN-011806,0.0
LN-014012,0.0
LN-012578,0.0
LN-007816,0.0
LN-009560,0.0
LN-001493,0.0
LN-004460,0.0
LN-020897,0.0
LN-023693,0.0
LN-006229,0.0
LN-010590,0.0
LN-027293,0.0
LN-019611,0.0
LN-027636,0.0
LN-029056,0.0
LN-023446,0.0
LN-021702,0.0
LN-000812,0.0
LN-003789,0.0
LN-007099,0.0
LN-028001,0.0
LN-000150,0.0
LN-017214,0.0
LN-016975,0.0
LN-010489,0.0
LN-021868,0.0
LN-015885,0.0
LN-003494,0.0
LN-010028,0.0
LN-022275,0.0
LN-005426,0.0
LN-008071,0.0
LN-014970,0.0
LN-023384,0.0
LN-015862,0.0
LN-019736,0.0
LN-012006,0.0
LN-005669,0.0
LN-000618,0.0
LN-023848,0.0
LN-015043,0.0
LN-013081,0.0
LN-017646,0.0
LN-028100,0.0
LN-022830,0.0
LN-001013,0.0
LN-026046,0.0
LN-010894,0.0
LN-026947,0.0
LN-023527,0.0
LN-017692,0.0
LN-017072,0.0
LN-004044,0.0
LN-007212,0.0
LN-026186,0.0
LN-023066,0.0
LN-012626,0.0
LN-005520,0.0
LN-015874,0.0
LN-007024,0.0
LN-010728,0.0
LN-028433,0.0
LN-017049,0.0
LN-027216,0.0
LN-008034,0.0
LN-028091,0.0
LN-025446,0.0
LN-021973,0.0
LN-005578,0.0
LN-007811,0.0
LN-009295,0.0
LN-000480,0.0
LN-017374,0.0
LN-024357,0.0
LN-023545,0.0
LN-028509,0.0
LN-012958,0.0
LN-029022,0.0
LN-006681,0.0
LN-008525,0.0
LN-000750,0.0
LN-007239,0.0
LN-000863,0.0
LN-022182,0.0
LN-016073,0.0
LN-026229,0.0
LN-004761,0.0
LN-024843,0.0
LN-020642,0.0
LN-027976,0.0
LN-017240,0.0
LN-006793,0.0
LN-024979,0.0
LN-018481,0.0
LN-023953,0.0
LN-005729,0.0
LN-024046,0.0
LN-000225,0.0
LN-022178,0.0
LN-007932,0.0
LN-006482,0.0
LN-021679,0.0
LN-000735,0.0
LN-021895,0.0
LN-025048,0.0
LN-017936,0.0
LN-021652,0.0
LN-009234,0.0
LN-027604,0.0
LN-017861,0.0
LN-028447,0.0
LN-013302,0.0
LN-003972,0.0
LN-009382,0.0
LN-003965,0.0
LN-013399,0.0
LN-005888,0.0
LN-011330,0.0
LN-027923,0.0
LN-023223,0.0
LN-019424,0.0
LN-028666,0.0
LN-012334,0.0
LN-005013,0.0
LN-009532,0.0
LN-012105,0.0
LN-024112,0.0
LN-003690,0.0
LN-011753,0.0
LN-021682,0.0
LN-015358,0.0
LN-021574,0.0
LN-025520,0.0
LN-017251,0.0
LN-024110,0.0
LN-005863,0.0
LN-019286,0.0
LN-012752,0.0
LN-009698,0.0
LN-022070,0.0
LN-023296,0.0
LN-025706,0.0
LN-024105,0.0
LN-020803,0.0
LN-003880,0.0
LN-028550,0.0
LN-027337,0.0
LN-009753,0.0
LN-003693,0.0
LN-027410,0.0
LN-012417,0.0
LN-005448,0.0
LN-009160,0.0
LN-008863,0.0
LN-007856,0.0
LN-003057,0.0
LN-023616,0.0
LN-027118,0.0
LN-011632,0.0
LN-014810,0.0
LN-021934,0.0
LN-005283,0.0
LN-003267,0.0
LN-005140,0.0
LN-016366,0.0
LN-024647,0.0
LN-018373,0.0
LN-005203,0.0
LN-025629,0.0
LN-021382,0.0
LN-024804,0.0
LN-013473,0.0
LN-028016,0.0
LN-015539,0.0
LN-003899,0.0
LN-000309,0.0
LN-014148,0.0
LN-001664,0.0
LN-010274,0.0
LN-015082,0.0
LN-015928,0.0
LN-010658,0.0
LN-025645,0.0
LN-024906,0.0
LN-004736,0.0
LN-008456,0.0
LN-020017,0.0
LN-020075,0.0
LN-016128,0.0
LN-012521,0.0
LN-005657,0.0
LN-023438,0.0
LN-023335,0.0
LN-010376,0.0
LN-018867,0.0
LN-001635,0.0
LN-014328,0.0
LN-005458,0.0
LN-013121,0.0
LN-001205,0.0
LN-008470,0.0
LN-004345,0.0
LN-025118,0.0
LN-014345,0.0
LN-008382,0.0
LN-027343,0.0
LN-026297,0.0
LN-013478,0.0
LN-007949,0.0
LN-007780,0.0
LN-023303,0.0
LN-004873,0.0
LN-020930,0.0
LN-012579,0.0
LN-023011,0.0
LN-018725,0.0
LN-010181,0.0
LN-028638,0.0
LN-010732,0.0
LN-014519,0.0
LN-004163,0.0
LN-002985,0.0
LN-026224,0.0
LN-023413,0.0
LN-009161,0.0
LN-014054,0.0
LN-009385,0.0
LN-021442,0.0
LN-002578,0.0
LN-021005,0.0
LN-021338,0.0
LN-007571,0.0
LN-028656,0.0
LN-027129,0.0
LN-025560,0.0
LN-008927,0.0
LN-000222,0.0
LN-007021,0.0
LN-005842,0.0
LN-024430,0.0
LN-006762,0.0
LN-019333,0.0
LN-006783,0.0
LN-010136,0.0
LN-026825,0.0
LN-012275,0.0
LN-017426,0.0
LN-002955,0.0
LN-008104,0.0
LN-006807,0.0
LN-003442,0.0
LN-026362,0.0
LN-026026,0.0
LN-028695,0.0
LN-022783,0.0
LN-015617,0.0
LN-023581,0.0
LN-018841,0.0
LN-026422,0.0
LN-008291,0.0
LN-024707,0.0
LN-021852,0.0
LN-004853,0.0
LN-004800,0.0
LN-012962,0.0
LN-018721,0.0
LN-021478,0.0
LN-022531,0.0
LN-020288,0.0
LN-024490,0.0
LN-016541,0.0
LN-027368,0.0
LN-003166,0.0
LN-016280,0.0
LN-015108,0.0
LN-006145,0.0
LN-006979,0.0
LN-021089,0.0
LN-027027,0.0
LN-007968,0.0
LN-000528,0.0
LN-021117,0.0
LN-019929,0.0
LN-019113,0.0
LN-024197,0.0
LN-028722,0.0
LN-018399,0.0
LN-006206,0.0
LN-021215,0.0
LN-003320,0.0
LN-016144,0.0
LN-020292,0.0
LN-022902,0.0
LN-025063,0.0
LN-010022,0.0
LN-026382,0.0
LN-028072,0.0
LN-007132,0.0
LN-006391,0.0
LN-008849,0.0
LN-006109,0.0
LN-004170,0.0
LN-006698,0.0
LN-017349,0.0
LN-004749,0.0
LN-012874,0.0
LN-002936,0.0
LN-028459,0.0
LN-024303,0.0
LN-012712,0.0
LN-002559,0.0
LN-023937,0.0
LN-000189,0.0
LN-008865,0.0
LN-019640,0.0
LN-006844,0.0
LN-021907,0.0
LN-025830,0.0
LN-021894,0.0
LN-001922,0.0
LN-000243,0.0
LN-001434,0.0
LN-022822,0.0
LN-026177,0.0
LN-009666,0.0
LN-021621,0.0
LN-009675,0.0
LN-007521,0.0
LN-011282,0.0
LN-015787,0.0
LN-014272,0.0
LN-013444,0.0
LN-025240,0.0
LN-010324,0.0
LN-000850,0.0
LN-024141,0.0
LN-024727,0.0
LN-003857,0.0
LN-008552,0.0
LN-006961,0.0
LN-015964,0.0
LN-015375,0.0
LN-028527,0.0
LN-002505,0.0
LN-020765,0.0
LN-003277,0.0
LN-010875,0.0
LN-024270,0.0
LN-024851,0.0
LN-009480,0.0
LN-007620,0.0
LN-022334,0.0
LN-011363,0.0
LN-000409,0.0
LN-000881,0.0
LN-023127,0.0
LN-028134,0.0
LN-028220,0.0
LN-027974,0.0
LN-016048,0.0
LN-000018,0.0
LN-015784,0.0
LN-023445,0.0
LN-005724,0.0
LN-009933,0.0
LN-025501,0.0
LN-013848,0.0
LN-000095,0.0
LN-020556,0.0
LN-000767,0.0
LN-000359,0.0
LN-011240,0.0
LN-001011,0.0
LN-023626,0.0
LN-011158,0.0
LN-010941,0.0
LN-018976,0.0
LN-013463,0.0
LN-011061,0.0
LN-015678,0.0
LN-025447,0.0
LN-015138,0.0
LN-003607,0.0
LN-008127,0.0
LN-023657,0.0
LN-010738,0.0
LN-025843,0.0
LN-018621,0.0
LN-007144,0.0
LN-017709,0.0
LN-007372,0.0
LN-016037,0.0
LN-008259,0.0
LN-021962,0.0
LN-014130,0.0
LN-004430,0.0
LN-015102,0.0
LN-014543,0.0
LN-027082,0.0
LN-018842,0.0
LN-012341,0.0
LN-000269,0.0
LN-017700,0.0
LN-013300,0.0
LN-000935,0.0
LN-024633,0.0
LN-017155,0.0
LN-014986,0.0
LN-011787,0.0
LN-027235,0.0
LN-002776,0.0
LN-014682,0.0
LN-028878,0.0
LN-020775,0.0
LN-019022,0.0
LN-008373,0.0
LN-006755,0.0
LN-018705,0.0
LN-011673,0.0
LN-005550,0.0
LN-013831,0.0
LN-005015,0.0
LN-006155,0.0
LN-015069,0.0
LN-003037,0.0
LN-017800,0.0
LN-023932,0.0
LN-024486,0.0
LN-006773,0.0
LN-021127,0.0
LN-023402,0.0
LN-009668,0.0
LN-010404,0.0
LN-004896,0.0
LN-021204,0.0
LN-019349,0.0
LN-025336,0.0
LN-014872,0.0
LN-000861,0.0
LN-023823,0.0
LN-011260,0.0
LN-021432,0.0
LN-001834,0.0
LN-028969,0.0
LN-004315,0.0
LN-019825,0.0
LN-028971,0.0
LN-028397,0.0
LN-028119,0.0
LN-010321,0.0
LN-003144,0.0
LN-011568,0.0
LN-020663,0.0
LN-017787,0.0
LN-007416,0.0
LN-004335,0.0
LN-022076,0.0
LN-024273,0.0
LN-010830,0.0
LN-009761,0.0
LN-024861,0.0
LN-003258,0.0
LN-022575,0.0
LN-018717,0.0
LN-005091,0.0
LN-004060,0.0
LN-022933,0.0
LN-015888,0.0
LN-010999,0.0
LN-005430,0.0
LN-027570,0.0
LN-027299,0.0
LN-010767,0.0
LN-012050,0.0
LN-017852,0.0
LN-010730,0.0
LN-029317,0.0
LN-008349,0.0
LN-018816,0.0
LN-028553,0.0
LN-019824,0.0
LN-013100,0.0
LN-027072,0.0
LN-026210,0.0
LN-027367,0.0
LN-028725,0.0
LN-011397,0.0
LN-002470,0.0
LN-028848,0.0
LN-012326,0.0
LN-000728,0.0
LN-007313,0.0
LN-022572,0.0
LN-005519,0.0
LN-002472,0.0
LN-012617,0.0
LN-004857,0.0
LN-017619,0.0
LN-001279,0.0
LN-021217,0.0
LN-018685,0.0
LN-027743,0.0
LN-007554,0.0
LN-006147,0.0
LN-008135,0.0
LN-023161,0.0
LN-005379,0.0
LN-023796,0.0
LN-023792,0.0
LN-006286,0.0
LN-022975,0.0
LN-023518,0.0
LN-009311,0.0
LN-007956,0.0
LN-010492,0.0
LN-021110,0.0
LN-022971,0.0
LN-000167,0.0
LN-016848,0.0
LN-011995,0.0
LN-022197,0.0
LN-023885,0.0
LN-020961,0.0
LN-014846,0.0
LN-010726,0.0
LN-008714,0.0
LN-018210,0.0
LN-008845,0.0
LN-026742,0.0
LN-001315,0.0
LN-008117,0.0
LN-019585,0.0
LN-008512,0.0
LN-007495,0.0
LN-018718,0.0
LN-001752,0.0
LN-025425,0.0
LN-028408,0.0
LN-022223,0.0
LN-012352,0.0
LN-010673,0.0
LN-002106,0.0
LN-026619,0.0
LN-010704,0.0
LN-022696,0.0
LN-012737,0.0
LN-008330,0.0
LN-014399,0.0
LN-015171,0.0
LN-000271,0.0
LN-011221,0.0
LN-009131,0.0
LN-003893,0.0
LN-002318,0.0
LN-006565,0.0
LN-018569,0.0
LN-024410,0.0
LN-005393,0.0
LN-026240,0.0
LN-014918,0.0
LN-012084,0.0
LN-014116,0.0
LN-001832,0.0
LN-013547,0.0
LN-024040,0.0
LN-001966,0.0
LN-012134,0.0
LN-029129,0.0
LN-027446,0.0
LN-016531,0.0
LN-001872,0.0
LN-026399,0.0
LN-007579,0.0
LN-005344,0.0
LN-007290,0.0
LN-016554,0.0
LN-002635,0.0
LN-015683,0.0
LN-008545,0.0
LN-014419,0.0
LN-005268,0.0
LN-026804,0.0
LN-025767,0.0
LN-001353,0.0
LN-014974,0.0
LN-026084,0.0
LN-019049,0.0
LN-012332,0.0
LN-003769,0.0
LN-027511,0.0
LN-028367,0.0
LN-020351,0.0
LN-012397,0.0
LN-025504,0.0
LN-024872,0.0
LN-026752,0.0
LN-015674,0.0
LN-018530,0.0
LN-004698,0.0
LN-021502,0.0
LN-014134,0.0
LN-013362,0.0
LN-011460,0.0
LN-023588,0.0
LN-004099,0.0
LN-012088,0.0
LN-012012,0.0
LN-026430,0.0
LN-018242,0.0
LN-003401,0.0
LN-023759,0.0
LN-023088,0.0
LN-022450,0.0
LN-007957,0.0
LN-016345,0.0
LN-015253,0.0
LN-022814,0.0
LN-005783,0.0
LN-014473,0.0
LN-005222,0.0
LN-020008,0.0
LN-001440,0.0
LN-018907,0.0
LN-010608,0.0
LN-021445,0.0
LN-011148,0.0
LN-020720,0.0
LN-002671,0.0
LN-022864,0.0
LN-013966,0.0
LN-000312,0.0
LN-024571,0.0
LN-001331,0.0
LN-025955,0.0
LN-000049,0.0
LN-000474,0.0
LN-026255,0.0
LN-018429,0.0
LN-021787,0.0
LN-025013,0.0
LN-000015,0.0
LN-010109,0.0
LN-025671,0.0
LN-006774,0.0
LN-021433,0.0
LN-009795,0.0
LN-024354,0.0
LN-006491,0.0
LN-004578,0.0
LN-020212,0.0
LN-006682,0.0
LN-021942,0.0
LN-003656,0.0
LN-004259,0.0
LN-007455,0.0
LN-022538,0.0
LN-028912,0.0
LN-020477,0.0
LN-016860,0.0
LN-003834,0.0
LN-013480,0.0
LN-022755,0.0
LN-019482,0.0
LN-018217,0.0
LN-021760,0.0
LN-024590,0.0
LN-007649,0.0
LN-029318,0.0
LN-016459,0.0
LN-000801,0.0
LN-015522,0.0
LN-007572,0.0
LN-024229,0.0
LN-013569,0.0
LN-016020,0.0
LN-009164,0.0
LN-003327,0.0
LN-014079,0.0
LN-028304,0.0
LN-018954,0.0
LN-002236,0.0
LN-007524,0.0
LN-006558,0.0
LN-013587,0.0
LN-017193,0.0
LN-024347,0.0
LN-026516,0.0
LN-016751,0.0
LN-003599,0.0
LN-000938,0.0
LN-000326,0.0
LN-016894,0.0
LN-015338,0.0
LN-015326,0.0
LN-009245,0.0
LN-008405,0.0
LN-015101,0.0
LN-001191,0.0
LN-025255,0.0
LN-025888,0.0
LN-019879,0.0
LN-017939,0.0
LN-026171,0.0
LN-021951,0.0
LN-008907,0.0
LN-015132,0.0
LN-007308,0.0
LN-014921,0.0
LN-017385,0.0
LN-028630,0.0
LN-008603,0.0
LN-019526,0.0
LN-004626,0.0
LN-015041,0.0
LN-022245,0.0
LN-011095,0.0
LN-008161,0.0
LN-016540,0.0
LN-015988,0.0
LN-021995,0.0
LN-019871,0.0
LN-006098,0.0
LN-017721,0.0
LN-006688,0.0
LN-008943,0.0
LN-000361,0.0
LN-010411,0.0
LN-018626,0.0
LN-023731,0.0
LN-003023,0.0
LN-014118,0.0
LN-027402,0.0
LN-028859,0.0
LN-014753,0.0
LN-001089,0.0
LN-028858,0.0
LN-014031,0.0
LN-022326,0.0
LN-008359,0.0
LN-028374,0.0
LN-013635,0.0
LN-020758,0.0
LN-022854,0.0
LN-015533,0.0
LN-002868,0.0
LN-026438,0.0
LN-003216,0.0
LN-026766,0.0
LN-007019,0.0
LN-008666,0.0
LN-002372,0.0
LN-000165,0.0
LN-008919,0.0
LN-018351,0.0
LN-014202,0.0
LN-024772,0.0
LN-026208,0.0
LN-011537,0.0
LN-019737,0.0
LN-017622,0.0
LN-026806,0.0
LN-025979,0.0
LN-006658,0.0
LN-024690,0.0
LN-013024,0.0
LN-000256,0.0
LN-018999,0.0
LN-025298,0.0
LN-028200,0.0
LN-004136,0.0
LN-008772,0.0
LN-003559,0.0
LN-028813,0.0
LN-027731,0.0
LN-009535,0.0
LN-004062,0.0
LN-015466,0.0
LN-021144,0.0
LN-015968,0.0
LN-021091,0.0
LN-023378,0.0
LN-017666,0.0
LN-021780,0.0
LN-019321,0.0
LN-020648,0.0
LN-008756,0.0
LN-011532,0.0
LN-007915,0.0
LN-027840,0.0
LN-005187,0.0
LN-003514,0.0
LN-000902,0.0
LN-006962,0.0
LN-013223,0.0
LN-022655,0.0
LN-004985,0.0
LN-014908,0.0
LN-004339,0.0
LN-005261,0.0
LN-021714,0.0
LN-008102,0.0
LN-016111,0.0
LN-017880,0.0
LN-015414,0.0
LN-003005,0.0
LN-011465,0.0
LN-017656,0.0
LN-006234,0.0
LN-019876,0.0
LN-012248,0.0
LN-008804,0.0
LN-003722,0.0
LN-018160,0.0
LN-012996,0.0
LN-023366,0.0
LN-004646,0.0
LN-009029,0.0
LN-012048,0.0
LN-007805,0.0
LN-012487,0.0
LN-008744,0.0
LN-024069,0.0
LN-006211,0.0
LN-009097,0.0
LN-003281,0.0
LN-010737,0.0
LN-021580,0.0
LN-027462,0.0
LN-014368,0.0
LN-028521,0.0
LN-011853,0.0
LN-004556,0.0
LN-015438,0.0
LN-010993,0.0
LN-024748,0.0
LN-015825,0.0
LN-018896,0.0
LN-018441,0.0
LN-009172,0.0
LN-028785,0.0
LN-011458,0.0
LN-027745,0.0
LN-017581,0.0
LN-005212,0.0
LN-003719,0.0
LN-027825,0.0
LN-011751,0.0
LN-015699,0.0
LN-014145,0.0
LN-009809,0.0
LN-025997,0.0
LN-016784,0.0
LN-017727,0.0
LN-016208,0.0
LN-006534,0.0
LN-022413,0.0
LN-015843,0.0
LN-021163,0.0
LN-028946,0.0
LN-027156,0.0
LN-006896,0.0
LN-015824,0.0
LN-028771,0.0
LN-020498,0.0
LN-000774,0.0
LN-016205,0.0
LN-016501,0.0
LN-000440,0.0
LN-010458,0.0
LN-024022,0.0
LN-016246,0.0
LN-027512,0.0
LN-028151,0.0
LN-018545,0.0
LN-002235,0.0
LN-028613,0.0
LN-009718,0.0
LN-019709,0.0
LN-007300,0.0
LN-010879,0.0
LN-019130,0.0
LN-020238,0.0
LN-021639,0.0
LN-002582,0.0
LN-011450,0.0
LN-004783,0.0
LN-026985,0.0
LN-026893,0.0
LN-005208,0.0
LN-011834,0.0
LN-002897,0.0
LN-016728,0.0
LN-004484,0.0
LN-017989,0.0
LN-020170,0.0
LN-006617,0.0
LN-016470,0.0
LN-024593,0.0
LN-009710,0.0
LN-005839,0.0
LN-001312,0.0
LN-028183,0.0
LN-022987,0.0
LN-023845,0.0
LN-016791,0.0
LN-017806,0.0
LN-027929,0.0
LN-008548,0.0
LN-007740,0.0
LN-003748,0.0
LN-010267,0.0
LN-025810,0.0
LN-010716,0.0
LN-016691,0.0
LN-000258,0.0
LN-008748,0.0
LN-012543,0.0
LN-024386,0.0
LN-017961,0.0
LN-027459,0.0
LN-014171,0.0
LN-006588,0.0
LN-010777,0.0
LN-010915,0.0
LN-004142,0.0
LN-015803,0.0
LN-001474,0.0
LN-018651,0.0
LN-000220,0.0
LN-028417,0.0
LN-009075,0.0
LN-027100,0.0
LN-002138,0.0
LN-028021,0.0
LN-017289,0.0
LN-022716,0.0
LN-014937,0.0
LN-015792,0.0
LN-013968,0.0
LN-011846,0.0
LN-000622,0.0
LN-012422,0.0
LN-026509,0.0
LN-001083,0.0
LN-023266,0.0
LN-022818,0.0
LN-012121,0.0
LN-025465,0.0
LN-019449,0.0
LN-001455,0.0
LN-020548,0.0
LN-017496,0.0
LN-020405,0.0
LN-004173,0.0
LN-015698,0.0
LN-001975,0.0
LN-025984,0.0
LN-021949,0.0
LN-022424,0.0
LN-015592,0.0
LN-017171,0.0
LN-004784,0.0
LN-008959,0.0
LN-003945,0.0
LN-012225,0.0
LN-011527,0.0
LN-027473,0.0
LN-015587,0.0
LN-025396,0.0
LN-027489,0.0
LN-009561,0.0
LN-028153,0.0
LN-004803,0.0
LN-026361,0.0
LN-025595,0.0
LN-021557,0.0
LN-024794,0.0
LN-000047,0.0
LN-001873,0.0
LN-028023,0.0
LN-019261,0.0
LN-000731,0.0
LN-013055,0.0
LN-008390,0.0
LN-006583,0.0
LN-006336,0.0
LN-019875,0.0
LN-020415,0.0
LN-007697,0.0
LN-011440,0.0
LN-015515,0.0
LN-014755,0.0
LN-018639,0.0
LN-019111,0.0
LN-022792,0.0
LN-012057,0.0
LN-002580,0.0
LN-013102,0.0
LN-001896,0.0
LN-019407,0.0
LN-009972,0.0
LN-006609,0.0
LN-017373,0.0
LN-021255,0.0
LN-016191,0.0
LN-027534,0.0
LN-028011,0.0
LN-018701,0.0
LN-003787,0.0
LN-027059,0.0
LN-026727,0.0
LN-028565,0.0
LN-020865,0.0
LN-014554,0.0
LN-015600,0.0
LN-027210,0.0
LN-024117,0.0
LN-029004,0.0
LN-003052,0.0
LN-004427,0.0
LN-012714,0.0
LN-007721,0.0
LN-011160,0.0
LN-009466,0.0
LN-013329,0.0
LN-005272,0.0
LN-008197,0.0
LN-007749,0.0
LN-010042,0.0
LN-027980,0.0
LN-020591,0.0
LN-009287,0.0
LN-023542,0.0
LN-000969,0.0
LN-028341,0.0
LN-025391,0.0
LN-022681,0.0
LN-028404,0.0
LN-024484,0.0
LN-028622,0.0
LN-027850,0.0
LN-009706,0.0
LN-027370,0.0
LN-012230,0.0
LN-027046,0.0
LN-023134,0.0
LN-014987,0.0
LN-011093,0.0
LN-013722,0.0
LN-028007,0.0
LN-000946,0.0
LN-018562,0.0
LN-010333,0.0
LN-025409,0.0
LN-011285,0.0
LN-010441,0.0
LN-021505,0.0
LN-015349,0.0
LN-003150,0.0
LN-008340,0.0
LN-015095,0.0
LN-018114,0.0
LN-013881,0.0
LN-027407,0.0
LN-006419,0.0
LN-025623,0.0
LN-018101,0.0
LN-001921,0.0
LN-018517,0.0
LN-019403,0.0
LN-019357,0.0
LN-026072,0.0
LN-016171,0.0
LN-025990,0.0
LN-022590,0.0
LN-010705,0.0
LN-004092,0.0
LN-006508,0.0
LN-004962,0.0
LN-005870,0.0
LN-010780,0.0
LN-004948,0.0
LN-022297,0.0
LN-024175,0.0
LN-010646,0.0
LN-021186,0.0
LN-014531,0.0
LN-008770,0.0
LN-009021,0.0
LN-014521,0.0
LN-012321,0.0
LN-008652,0.0
LN-007223,0.0
LN-008304,0.0
LN-026126,0.0
LN-025852,0.0
LN-019120,0.0
LN-015121,0.0
LN-007436,0.0
LN-026828,0.0
LN-001640,0.0
LN-019129,0.0
LN-012080,0.0
LN-028111,0.0
LN-024258,0.0
LN-003322,0.0
LN-020396,0.0
LN-023682,0.0
LN-023071,0.0
LN-018423,0.0
LN-025931,0.0
LN-005680,0.0
LN-008066,0.0
LN-022241,0.0
LN-014295,0.0
LN-014063,0.0
LN-029103,0.0
LN-028510,0.0
LN-005066,0.0
LN-025863,0.0
LN-002299,0.0
LN-016925,0.0
LN-015193,0.0
LN-008031,0.0
LN-020848,0.0
LN-029130,0.0
LN-008745,0.0
LN-011113,0.0
LN-008734,0.0
LN-023835,0.0
LN-010867,0.0
LN-004717,0.0
LN-003026,0.0
LN-021250,0.0
LN-022020,0.0
LN-002695,0.0
LN-006092,0.0
LN-019723,0.0
LN-027341,0.0
LN-010614,0.0
LN-008131,0.0
LN-001346,0.0
LN-019664,0.0
LN-015127,0.0
LN-002137,0.0
LN-011101,0.0
LN-026671,0.0
LN-013380,0.0
LN-017980,0.0
LN-011930,0.0
LN-002398,0.0
LN-028746,0.0
LN-017099,0.0
LN-024815,0.0
LN-009981,0.0
LN-006467,0.0
LN-013312,0.0
LN-019653,0.0
LN-024663,0.0
LN-023881,0.0
LN-005311,0.0
LN-020853,0.0
LN-027258,0.0
LN-002583,0.0
LN-005119,0.0
LN-013470,0.0
LN-019565,0.0
LN-008495,0.0
LN-007642,0.0
LN-026428,0.0
LN-015407,0.0
LN-024965,0.0
LN-018634,0.0
LN-007100,0.0
LN-025586,0.0
LN-024657,0.0
LN-002900,0.0
LN-019989,0.0
LN-027556,0.0
LN-024578,0.0
LN-015187,0.0
LN-027255,0.0
LN-015424,0.0
LN-025404,0.0
LN-028294,0.0
LN-026678,0.0
LN-003169,0.0
LN-008730,0.0
LN-023198,0.0
LN-028299,0.0
LN-025115,0.0
LN-008134,0.0
LN-016233,0.0
LN-026967,0.0
LN-000254,0.0
LN-022191,0.0
LN-023817,0.0
LN-011654,0.0
LN-021688,0.0
LN-019370,0.0
LN-005750,0.0
LN-019309,0.0
LN-012081,0.0
LN-021637,0.0
LN-005299,0.0
LN-021554,0.0
LN-022945,0.0
LN-016367,0.0
LN-000680,0.0
LN-009610,0.0
LN-001947,0.0
LN-012946,0.0
LN-027965,0.0
LN-006873,0.0
LN-009541,0.0
LN-005708,0.0
LN-028933,0.0
LN-028109,0.0
LN-018257,0.0
LN-001634,0.0
LN-020570,0.0
LN-002078,0.0
LN-004886,0.0
LN-022869,0.0
LN-013744,0.0
LN-027172,0.0
LN-018463,0.0
LN-003944,0.0
LN-023898,0.0
LN-018884,0.0
LN-007248,0.0
LN-028887,0.0
LN-023052,0.0
LN-012533,0.0
LN-026846,0.0
LN-028708,0.0
LN-013539,0.0
LN-005461,0.0
LN-007781,0.0
LN-006953,0.0
LN-027328,0.0
LN-026311,0.0
LN-021606,0.0
LN-019510,0.0
LN-026116,0.0
LN-016465,0.0
LN-002051,0.0
LN-023860,0.0
LN-027814,0.0
LN-010755,0.0
LN-016923,0.0
LN-004165,0.0
LN-007873,0.0
LN-003444,0.0
LN-006832,0.0
LN-007507,0.0
LN-001161,0.0
LN-028389,0.0
LN-016314,0.0
LN-010929,0.0
LN-011387,0.0
LN-008516,0.0
LN-013535,0.0
LN-028009,0.0
LN-028263,0.0
LN-028857,0.0
LN-018018,0.0
LN-004576,0.0
LN-019757,0.0
LN-026638,0.0
LN-025909,0.0
LN-023299,0.0
LN-026528,0.0
LN-015680,0.0
LN-002918,0.0
LN-005560,0.0
LN-017232,0.0
LN-017403,0.0
LN-001144,0.0
LN-014412,0.0
LN-023449,0.0
LN-000784,0.0
LN-003862,0.0
LN-021085,0.0
LN-009964,0.0
LN-014197,0.0
LN-022970,0.0
LN-024470,0.0
LN-007289,0.0
LN-025636,0.0
LN-007267,0.0
LN-020814,0.0
LN-025883,0.0
LN-014561,0.0
LN-004305,0.0
LN-026319,0.0
LN-011585,0.0
LN-014451,0.0
LN-001470,0.0
LN-027852,0.0
LN-025492,0.0
LN-015387,0.0
LN-006666,0.0
LN-000037,0.0
LN-011972,0.0
LN-024405,0.0
LN-009746,0.0
LN-024567,0.0
LN-005416,0.0
LN-019142,0.0
LN-024715,0.0
LN-009089,0.0
LN-020126,0.0
LN-009596,0.0
LN-008537,0.0
LN-025127,0.0
LN-000853,0.0
LN-007433,0.0
LN-021537,0.0
LN-013389,0.0
LN-009859,0.0
LN-004090,0.0
LN-023159,0.0
LN-007603,0.0
LN-016726,0.0
LN-014471,0.0
LN-024198,0.0
LN-014756,0.0
LN-026645,0.0
LN-010422,0.0
LN-017912,0.0
LN-002369,0.0
LN-019734,0.0
LN-010014,0.0
LN-015542,0.0
LN-000423,0.0
LN-000060,0.0
LN-021666,0.0
LN-013015,0.0
LN-006784,0.0
LN-001186,0.0
LN-022346,0.0
LN-020688,0.0
LN-008797,0.0
LN-006735,0.0
LN-009390,0.0
LN-024789,0.0
LN-000869,0.0
LN-020474,0.0
LN-029155,0.0
LN-022980,0.0
LN-020030,0.0
LN-001785,0.0
LN-012783,0.0
LN-000564,0.0
LN-000357,0.0
LN-015198,0.0
LN-011291,0.0
LN-016243,0.0
LN-023653,0.0
LN-019210,0.0
LN-015260,0.0
LN-023901,0.0
LN-008194,0.0
LN-007863,0.0
LN-012129,0.0
LN-026744,0.0
LN-006002,0.0
LN-006329,0.0
LN-024476,0.0
LN-024911,0.0
LN-008011,0.0
LN-028274,0.0
LN-025634,0.0
LN-027975,0.0
LN-012639,0.0
LN-006488,0.0
LN-000369,0.0
LN-024995,0.0
LN-007936,0.0
LN-000876,0.0
LN-027305,0.0
LN-027940,0.0
LN-015630,0.0
LN-010697,0.0
LN-000265,0.0
LN-026799,0.0
LN-018006,0.0
LN-006250,0.0
LN-027350,0.0
LN-006191,0.0
LN-004990,0.0
LN-014436,0.0
LN-022007,0.0
LN-024457,0.0
LN-026009,0.0
LN-024869,0.0
LN-016438,0.0
LN-004764,0.0
LN-015949,0.0
LN-003555,0.0
LN-004295,0.0
LN-023069,0.0
LN-018352,0.0
LN-001506,0.0
LN-015646,0.0
LN-000920,0.0
LN-020491,0.0
LN-009552,0.0
LN-006475,0.0
LN-013676,0.0
LN-014517,0.0
LN-018173,0.0
LN-000131,0.0
LN-008767,0.0
LN-029258,0.0
LN-013301,0.0
LN-012706,0.0
LN-006582,0.0
LN-015324,0.0
LN-022656,0.0
LN-027779,0.0
LN-001258,0.0
LN-004100,0.0
LN-006738,0.0
LN-008171,0.0
LN-001156,0.0
LN-013591,0.0
LN-019354,0.0
LN-007441,0.0
LN-000200,0.0
LN-023963,0.0
LN-016997,0.0
LN-010958,0.0
LN-008944,0.0
LN-027244,0.0
LN-002291,0.0
LN-023820,0.0
LN-015951,0.0
LN-019923,0.0
LN-018484,0.0
LN-016770,0.0
LN-015631,0.0
LN-021095,0.0
LN-025641,0.0
LN-000726,0.0
LN-007263,0.0
LN-011761,0.0
LN-004316,0.0
LN-028614,0.0
LN-016512,0.0
LN-023739,0.0
LN-012102,0.0
LN-025456,0.0
LN-013291,0.0
LN-003993,0.0
LN-004204,0.0
LN-014784,0.0
LN-021209,0.0
LN-011799,0.0
LN-013143,0.0
LN-007911,0.0
LN-012083,0.0
LN-003821,0.0
LN-027387,0.0
LN-000302,0.0
LN-024511,0.0
LN-011514,0.0
LN-026069,0.0
LN-021997,0.0
LN-005394,0.0
LN-013980,0.0
LN-000544,0.0
LN-027553,0.0
LN-016192,0.0
LN-004392,0.0
LN-024196,0.0
LN-021328,0.0
LN-004719,0.0
LN-005570,0.0
LN-028163,0.0
LN-013095,0.0
LN-017839,0.0
LN-017879,0.0
LN-011662,0.0
LN-008866,0.0
LN-007188,0.0
LN-016031,0.0
LN-025778,0.0
LN-001934,0.0
LN-022740,0.0
LN-006354,0.0
LN-007496,0.0
LN-021721,0.0
LN-001691,0.0
LN-007868,0.0
LN-026503,0.0
LN-012994,0.0
LN-001106,0.0
LN-008644,0.0
LN-004054,0.0
LN-026995,0.0
LN-022348,0.0
LN-013099,0.0
LN-011522,0.0
LN-025312,0.0
LN-002232,0.0
LN-006016,0.0
LN-011308,0.0
LN-009656,0.0
LN-028612,0.0
LN-007992,0.0
LN-027678,0.0
LN-025211,0.0
LN-013783,0.0
LN-010452,0.0
LN-014966,0.0
LN-022800,0.0
LN-018003,0.0
LN-016471,0.0
LN-002546,0.0
LN-013144,0.0
LN-019654,0.0
LN-016851,0.0
LN-004612,0.0
LN-027829,0.0
LN-008754,0.0
LN-014808,0.0
LN-023861,0.0
LN-011513,0.0
LN-017468,0.0
LN-029152,0.0
LN-020375,0.0
LN-022483,0.0
LN-028076,0.0
LN-018024,0.0
LN-019239,0.0
LN-001222,0.0
LN-007478,0.0
LN-006758,0.0
LN-008196,0.0
LN-012269,0.0
LN-000139,0.0
LN-019558,0.0
LN-018746,0.0
LN-009967,0.0
LN-020675,0.0
LN-010177,0.0
LN-000578,0.0
LN-020313,0.0
LN-019434,0.0
LN-007078,0.0
LN-020162,0.0
LN-001901,0.0
LN-019110,0.0
LN-014034,0.0
LN-019999,0.0
LN-023185,0.0
LN-010555,0.0
LN-004419,0.0
LN-016426,0.0
LN-008425,0.0
LN-024970,0.0
LN-019377,0.0
LN-016944,0.0
LN-011351,0.0
LN-024649,0.0
LN-003700,0.0
LN-018996,0.0
LN-011425,0.0
LN-014147,0.0
LN-009867,0.0
LN-016291,0.0
LN-018130,0.0
LN-015720,0.0
LN-024850,0.0
LN-018546,0.0
LN-013777,0.0
LN-013860,0.0
LN-014224,0.0
LN-018360,0.0
LN-011911,0.0
LN-014797,0.0
LN-005097,0.0
LN-010331,0.0
LN-010226,0.0
LN-027871,0.0
LN-017345,0.0
LN-024770,0.0
LN-024446,0.0
LN-019395,0.0
LN-004610,0.0
LN-007262,0.0
LN-026871,0.0
LN-028032,0.0
LN-014700,0.0
LN-018873,0.0
LN-000658,0.0
LN-012302,0.0
LN-009003,0.0
LN-027889,0.0
LN-019659,0.0
LN-009504,0.0
LN-008896,0.0
LN-021928,0.0
LN-018053,0.0
LN-012074,0.0
LN-022164,0.0
LN-026054,0.0
LN-013886,0.0
LN-007965,0.0
LN-022356,0.0
LN-023716,0.0
LN-011910,0.0
LN-006175,0.0
LN-021083,0.0
LN-024926,0.0
LN-023411,0.0
LN-023993,0.0
LN-001977,0.0
LN-006665,0.0
LN-020977,0.0
LN-008589,0.0
LN-023777,0.0
LN-010188,0.0
LN-020757,0.0
LN-028909,0.0
LN-009819,0.0
LN-012245,0.0
LN-001141,0.0
LN-000446,0.0
LN-011790,0.0
LN-008567,0.0
LN-021028,0.0
LN-010964,0.0
LN-000507,0.0
LN-011076,0.0
LN-026481,0.0
LN-002026,0.0
LN-005667,0.0
LN-020896,0.0
LN-006620,0.0
LN-022904,0.0
LN-020964,0.0
LN-005500,0.0
LN-000709,0.0
LN-004969,0.0
LN-000614,0.0
LN-017260,0.0
LN-020101,0.0
LN-013472,0.0
LN-005218,0.0
LN-025686,0.0
LN-005510,0.0
LN-000268,0.0
LN-020323,0.0
LN-001334,0.0
LN-020924,0.0
LN-028767,0.0
LN-005576,0.0
LN-015851,0.0
LN-005523,0.0
LN-009436,0.0
LN-004198,0.0
LN-014702,0.0
LN-018645,0.0
LN-001010,0.0
LN-013992,0.0
LN-019584,0.0
LN-001451,0.0
LN-023106,0.0
LN-014381,0.0
LN-023290,0.0
LN-010400,0.0
LN-014377,0.0
LN-023477,0.0
LN-013046,0.0
LN-013631,0.0
LN-020891,0.0
LN-007845,0.0
LN-025791,0.0
LN-008327,0.0
LN-008144,0.0
LN-007510,0.0
LN-007578,0.0
LN-027909,0.0
LN-011400,0.0
LN-007200,0.0
LN-021352,0.0
LN-011196,0.0
LN-013485,0.0
LN-003138,0.0
LN-021667,0.0
LN-028307,0.0
LN-026070,0.0
LN-015077,0.0
LN-016594,0.0
LN-006539,0.0
LN-023022,0.0
LN-024806,0.0
LN-002737,0.0
LN-015264,0.0
LN-024543,0.0
LN-018303,0.0
LN-005469,0.0
LN-009730,0.0
LN-005196,0.0
LN-015410,0.0
LN-013506,0.0
LN-017530,0.0
LN-006826,0.0
LN-013559,0.0
LN-013773,0.0
LN-020481,0.0
LN-019761,0.0
LN-022815,0.0
LN-004178,0.0
LN-023807,0.0
LN-023977,0.0
LN-008319,0.0
LN-008965,0.0
LN-016420,0.0
LN-006622,0.0
LN-012555,0.0
LN-027301,0.0
LN-014263,0.0
LN-001779,0.0
LN-014733,0.0
LN-019273,0.0
LN-012151,0.0
LN-002877,0.0
LN-006244,0.0
LN-019904,0.0
LN-028819,0.0
LN-012741,0.0
LN-014218,0.0
LN-013804,0.0
LN-007445,0.0
LN-001330,0.0
LN-022561,0.0
LN-009843,0.0
LN-023414,0.0
LN-022114,0.0
LN-014305,0.0
LN-006249,0.0
LN-015033,0.0
LN-014821,0.0
LN-001383,0.0
LN-001813,0.0
LN-016254,0.0
LN-004451,0.0
LN-014375,0.0
LN-004032,0.0
LN-015114,0.0
LN-017636,0.0
LN-016081,0.0
LN-016131,0.0
LN-008947,0.0
LN-020148,0.0
LN-007050,0.0
LN-023568,0.0
LN-007723,0.0
LN-022886,0.0
LN-029078,0.0
LN-015378,0.0
LN-005000,0.0
LN-027598,0.0
LN-011534,0.0
LN-018988,0.0
LN-008306,0.0
LN-002009,0.0
LN-015504,0.0
LN-022234,0.0
LN-015040,0.0
LN-002313,0.0
LN-010652,0.0
LN-014518,0.0
LN-028020,0.0
LN-010846,0.0
LN-002915,0.0
LN-010557,0.0
LN-019556,0.0
LN-020163,0.0
LN-014417,0.0
LN-027223,0.0
LN-009086,0.0
LN-021921,0.0
LN-006759,0.0
LN-015312,0.0
LN-017082,0.0
LN-005746,0.0
LN-016415,0.0
LN-006911,0.0
LN-004829,0.0
LN-008796,0.0
LN-005405,0.0
LN-010633,0.0
LN-007866,0.0
LN-024549,0.0
LN-021857,0.0
LN-024846,0.0
LN-022132,0.0
LN-010217,0.0
LN-010386,0.0
LN-014771,0.0
LN-000197,0.0
LN-013716,0.0
LN-008467,0.0
LN-000552,0.0
LN-002655,0.0
LN-001791,0.0
LN-020398,0.0
LN-023055,0.0
LN-019828,0.0
LN-029198,0.0
LN-022458,0.0
LN-017718,0.0
LN-014001,0.0
LN-005997,0.0
LN-004874,0.0
LN-006402,0.0
LN-015251,0.0
LN-001607,0.0
LN-003711,0.0
LN-022366,0.0
LN-005918,0.0
LN-025558,0.0
LN-021191,0.0
LN-004684,0.0
LN-012335,0.0
LN-019632,0.0
LN-020452,0.0
LN-003949,0.0
LN-016919,0.0
LN-009792,0.0
LN-021974,0.0
LN-010432,0.0
LN-010563,0.0
LN-022819,0.0
LN-005170,0.0
LN-011730,0.0
LN-020789,0.0
LN-007307,0.0
LN-022990,0.0
LN-020301,0.0
LN-016771,0.0
LN-020606,0.0
LN-016001,0.0
LN-024964,0.0
LN-016481,0.0
LN-028413,0.0
LN-009820,0.0
LN-009924,0.0
LN-019400,0.0
LN-016595,0.0
LN-007142,0.0
LN-002807,0.0
LN-013157,0.0
LN-023947,0.0
LN-010881,0.0
LN-029069,0.0
LN-010509,0.0
LN-001936,0.0
LN-019046,0.0
LN-002043,0.0
LN-025116,0.0
LN-016547,0.0
LN-005903,0.0
LN-005168,0.0
LN-023319,0.0
LN-001076,0.0
LN-001236,0.0
LN-021385,0.0
LN-014791,0.0
LN-013844,0.0
LN-011957,0.0
LN-006519,0.0
LN-019223,0.0
LN-014404,0.0
LN-013969,0.0
LN-020064,0.0
LN-011190,0.0
LN-003255,0.0
LN-001333,0.0
LN-009637,0.0
LN-019551,0.0
LN-014775,0.0
LN-007831,0.0
LN-003883,0.0
LN-022022,0.0
LN-015520,0.0
LN-021346,0.0
LN-015970,0.0
LN-005124,0.0
LN-017263,0.0
LN-026722,0.0
LN-006264,0.0
LN-008455,0.0
LN-011817,0.0
LN-010253,0.0
LN-008786,0.0
LN-002283,0.0
LN-012164,0.0
LN-019263,0.0
LN-022851,0.0
LN-011622,0.0
LN-004343,0.0
LN-002307,0.0
LN-022540,0.0
LN-001806,0.0
LN-008109,0.0
LN-015685,0.0
LN-003088,0.0
LN-013768,0.0
LN-002230,0.0
LN-013240,0.0
LN-018408,0.0
LN-028678,0.0
LN-028884,0.0
LN-021640,0.0
LN-027044,0.0
LN-000215,0.0
LN-024488,0.0
LN-006313,0.0
LN-010674,0.0
LN-005548,0.0
LN-001050,0.0
LN-026803,0.0
LN-012618,0.0
LN-008854,0.0
LN-023479,0.0
LN-003290,0.0
LN-005001,0.0
LN-012355,0.0
LN-007720,0.0
LN-014104,0.0
LN-028606,0.0
LN-029248,0.0
LN-004262,0.0
LN-013941,0.0
LN-005090,0.0
LN-025647,0.0
LN-016655,0.0
LN-022738,0.0
LN-025754,0.0
LN-000886,0.0
LN-024136,0.0
LN-022434,0.0
LN-019079,0.0
LN-017218,0.0
LN-003101,0.0
LN-008357,0.0
LN-017905,0.0
LN-014807,0.0
LN-003439,0.0
LN-025730,0.0
LN-005477,0.0
LN-017146,0.0
LN-002748,0.0
LN-000907,0.0
LN-014641,0.0
LN-013030,0.0
LN-006449,0.0
LN-026445,0.0
LN-007670,0.0
LN-019796,0.0
LN-001120,0.0
LN-023715,0.0
LN-022057,0.0
LN-025596,0.0
LN-027140,0.0
LN-028936,0.0
LN-020748,0.0
LN-012368,0.0
LN-006078,0.0
LN-014401,0.0
LN-006595,0.0
LN-026541,0.0
LN-003051,0.0
LN-002516,0.0
LN-026111,0.0
LN-021458,0.0
LN-011694,0.0
LN-004614,0.0
LN-017790,0.0
LN-008289,0.0
LN-021086,0.0
LN-025275,0.0
LN-012713,0.0
LN-022901,0.0
LN-019341,0.0
LN-002226,0.0
LN-011533,0.0
LN-007940,0.0
LN-000722,0.0
LN-007449,0.0
LN-023631,0.0
LN-023712,0.0
LN-003619,0.0
LN-002501,0.0
LN-026203,0.0
LN-004562,0.0
LN-025408,0.0
LN-018383,0.0
LN-025875,0.0
LN-011824,0.0
LN-012477,0.0
LN-022941,0.0
LN-005931,0.0
LN-026646,0.0
LN-000806,0.0
LN-012510,0.0
LN-003520,0.0
LN-012673,0.0
LN-003582,0.0
LN-024712,0.0
LN-026715,0.0
LN-006262,0.0
LN-029011,0.0
LN-022426,0.0
LN-022719,0.0
LN-025347,0.0
LN-011505,0.0
LN-021539,0.0
LN-025930,0.0
LN-009945,0.0
LN-023148,0.0
LN-026574,0.0
LN-026844,0.0
LN-014262,0.0
LN-021425,0.0
LN-012691,0.0
LN-019332,0.0
LN-019190,0.0
LN-023354,0.0
LN-008435,0.0
LN-011978,0.0
LN-003303,0.0
LN-018815,0.0
LN-026392,0.0
LN-014456,0.0
LN-027371,0.0
LN-012486,0.0
LN-005788,0.0
LN-028297,0.0
LN-009169,0.0
LN-010139,0.0
LN-004257,0.0
LN-013260,0.0
LN-023512,0.0
LN-021148,0.0
LN-020117,0.0
LN-019435,0.0
LN-018469,0.0
LN-010117,0.0
LN-024516,0.0
LN-000866,0.0
LN-027369,0.0
LN-004194,0.0
LN-015782,0.0
LN-008188,0.0
LN-002141,0.0
LN-020459,0.0
LN-015778,0.0
LN-023147,0.0
LN-009851,0.0
LN-009648,0.0
LN-011631,0.0
LN-003083,0.0
LN-021764,0.0
LN-006918,0.0
LN-004633,0.0
LN-014917,0.0
LN-006877,0.0
LN-012280,0.0
LN-013442,0.0
LN-027720,0.0
LN-013632,0.0
LN-011528,0.0
LN-019881,0.0
LN-008591,0.0
LN-015310,0.0
LN-003900,0.0
LN-001366,0.0
LN-007625,0.0
LN-000133,0.0
LN-014062,0.0
LN-027019,0.0
LN-014160,0.0
LN-015718,0.0
LN-002678,0.0
LN-015623,0.0
LN-021497,0.0
LN-005095,0.0
LN-026008,0.0
LN-013057,0.0
LN-003573,0.0
LN-024569,0.0
LN-001725,0.0
LN-019159,0.0
LN-027438,0.0
LN-000365,0.0
LN-012388,0.0
LN-017505,0.0
LN-029309,0.0
LN-005841,0.0
LN-017064,0.0
LN-004252,0.0
LN-008894,0.0
LN-013412,0.0
LN-016309,0.0
LN-023204,0.0
LN-028067,0.0
LN-022966,0.0
LN-006791,0.0
LN-010935,0.0
LN-005814,0.0
LN-003504,0.0
LN-012428,0.0
LN-024751,0.0
LN-005142,0.0
LN-000691,0.0
LN-010033,0.0
LN-029242,0.0
LN-018762,0.0
LN-012636,0.0
LN-016953,0.0
LN-017205,0.0
LN-022024,0.0
LN-003583,0.0
LN-011362,0.0
LN-010479,0.0
LN-015240,0.0
LN-006775,0.0
LN-007990,0.0
LN-003379,0.0
LN-004509,0.0
LN-003684,0.0
LN-006428,0.0
LN-017362,0.0
LN-025003,0.0
LN-019200,0.0
LN-008433,0.0
LN-008430,0.0
LN-011801,0.0
LN-024930,0.0
LN-017642,0.0
LN-002948,0.0
LN-006589,0.0
LN-005673,0.0
LN-002143,0.0
LN-016940,0.0
LN-028959,0.0
LN-022578,0.0
LN-001590,0.0
LN-008668,0.0
LN-004180,0.0
LN-014645,0.0
LN-010151,0.0
LN-026657,0.0
LN-023039,0.0
LN-015391,0.0
LN-019787,0.0
LN-016172,0.0
LN-026341,0.0
LN-019478,0.0
LN-023483,0.0
LN-027213,0.0
LN-000911,0.0
LN-020230,0.0
LN-004862,0.0
LN-001188,0.0
LN-022172,0.0
LN-021972,0.0
LN-026940,0.0
LN-006116,0.0
LN-020881,0.0
LN-011399,0.0
LN-008055,0.0
LN-020068,0.0
LN-020737,0.0
LN-025267,0.0
LN-011794,0.0
LN-027580,0.0
LN-013904,0.0
LN-017631,0.0
LN-028008,0.0
LN-007717,0.0
LN-001770,0.0
LN-022779,0.0
LN-027870,0.0
LN-017726,0.0
LN-022003,0.0
LN-024557,0.0
LN-001300,0.0
LN-025107,0.0
LN-023174,0.0
LN-012739,0.0
LN-009142,0.0
LN-008924,0.0
LN-015320,0.0
LN-017859,0.0
LN-003190,0.0
LN-012344,0.0
LN-001905,0.0
LN-010885,0.0
LN-009882,0.0
LN-022169,0.0
LN-008853,0.0
LN-018341,0.0
LN-024362,0.0
LN-020915,0.0
LN-011341,0.0
LN-021238,0.0
LN-019957,0.0
LN-006676,0.0
LN-020194,0.0
LN-021411,0.0
LN-027789,0.0
LN-003042,0.0
LN-011128,0.0
LN-005598,0.0
LN-025443,0.0
LN-007213,0.0
LN-019612,0.0
LN-000518,0.0
LN-011137,0.0
LN-029149,0.0
LN-001035,0.0
LN-009362,0.0
LN-001579,0.0
LN-006455,0.0
LN-027535,0.0
LN-002201,0.0
LN-015676,0.0
LN-009217,0.0
LN-002346,0.0
LN-026379,0.0
LN-005176,0.0
LN-028195,0.0
LN-003841,0.0
LN-028618,0.0
LN-007189,0.0
LN-017489,0.0
LN-028036,0.0
LN-006082,0.0
LN-022866,0.0
LN-004376,0.0
LN-007761,0.0
LN-011207,0.0
LN-011966,0.0
LN-007639,0.0
LN-008437,0.0
LN-019352,0.0
LN-018542,0.0
LN-020132,0.0
LN-022920,0.0
LN-004575,0.0
LN-016432,0.0
LN-002079,0.0
LN-026314,0.0
LN-017069,0.0
LN-028002,0.0
LN-023671,0.0
LN-007857,0.0
LN-024795,0.0
LN-005622,0.0
LN-003742,0.0
LN-023976,0.0
LN-001435,0.0
LN-009881,0.0
LN-026057,0.0
LN-020904,0.0
LN-009101,0.0
LN-018786,0.0
LN-022116,0.0
LN-011504,0.0
LN-015946,0.0
LN-015482,0.0
LN-019742,0.0
LN-001502,0.0
LN-015402,0.0
LN-025183,0.0
LN-017473,0.0
LN-027315,0.0
LN-009549,0.0
LN-026707,0.0
LN-012507,0.0
LN-022577,0.0
LN-010800,0.0
LN-002960,0.0
LN-004225,0.0
LN-011510,0.0
LN-000570,0.0
LN-018314,0.0
LN-029012,0.0
LN-009828,0.0
LN-022710,0.0
LN-020577,0.0
LN-025053,0.0
LN-011132,0.0
LN-020160,0.0
LN-025299,0.0
LN-018662,0.0
LN-021617,0.0
LN-019305,0.0
LN-027296,0.0
LN-016603,0.0
LN-017624,0.0
LN-010077,0.0
LN-002527,0.0
LN-009200,0.0
LN-021804,0.0
LN-002028,0.0
LN-021066,0.0
LN-019168,0.0
LN-023507,0.0
LN-020183,0.0
LN-003741,0.0
LN-012184,0.0
LN-014674,0.0
LN-026956,0.0
LN-021657,0.0
LN-028491,0.0
LN-021070,0.0
LN-019595,0.0
LN-004940,0.0
LN-023879,0.0
LN-006700,0.0
LN-013570,0.0
LN-019036,0.0
LN-026599,0.0
LN-007894,0.0
LN-024445,0.0
LN-004220,0.0
LN-013203,0.0
LN-023899,0.0
LN-018834,0.0
LN-002296,0.0
LN-006118,0.0
LN-001185,0.0
LN-012503,0.0
LN-024714,0.0
LN-003713,0.0
LN-002886,0.0
LN-027594,0.0
LN-001492,0.0
LN-013262,0.0
LN-015853,0.0
LN-004600,0.0
LN-012542,0.0
LN-017398,0.0
LN-007329,0.0
LN-010669,0.0
LN-012314,0.0
LN-003984,0.0
LN-010002,0.0
LN-008234,0.0
LN-008308,0.0
LN-006379,0.0
LN-028805,0.0
LN-026577,0.0
LN-025660,0.0
LN-020863,0.0
LN-011500,0.0
LN-006867,0.0
LN-014003,0.0
LN-013051,0.0
LN-015385,0.0
LN-003738,0.0
LN-011509,0.0
LN-017420,0.0
LN-021244,0.0
LN-009509,0.0
LN-010054,0.0
LN-003606,0.0
LN-025043,0.0
LN-001943,0.0
LN-026000,0.0
LN-016126,0.0
LN-026912,0.0
LN-016533,0.0
LN-016258,0.0
LN-016222,0.0
LN-011886,0.0
LN-000523,0.0
LN-012517,0.0
LN-011251,0.0
LN-005080,0.0
LN-006395,0.0
LN-002035,0.0
LN-004344,0.0
LN-011366,0.0
LN-011487,0.0
LN-018971,0.0
LN-027953,0.0
LN-000790,0.0
LN-008411,0.0
LN-006737,0.0
LN-005786,0.0
LN-003302,0.0
LN-011090,0.0
LN-001101,0.0
LN-024473,0.0
LN-022583,0.0
LN-011944,0.0
LN-012452,0.0
LN-011407,0.0
LN-025648,0.0
LN-016484,0.0
LN-017908,0.0
LN-017915,0.0
LN-029230,0.0
LN-005291,0.0
LN-027417,0.0
LN-028738,0.0
LN-012970,0.0
LN-018532,0.0
LN-013477,0.0
LN-010937,0.0
LN-003043,0.0
LN-025239,0.0
LN-008299,0.0
LN-020248,0.0
LN-024764,0.0
LN-003355,0.0
LN-005522,0.0
LN-028875,0.0
LN-005113,0.0
LN-004395,0.0
LN-021516,0.0
LN-028750,0.0
LN-018755,0.0
LN-026164,0.0
LN-023889,0.0
LN-023805,0.0
LN-018102,0.0
LN-019660,0.0
LN-005646,0.0
LN-024377,0.0
LN-011549,0.0
LN-010148,0.0
LN-027893,0.0
LN-016065,0.0
LN-008018,0.0
LN-028721,0.0
LN-006900,0.0
LN-027551,0.0
LN-028073,0.0
LN-003013,0.0
LN-018501,0.0
LN-004715,0.0
LN-004083,0.0
LN-023555,0.0
LN-002014,0.0
LN-010021,0.0
LN-010210,0.0
LN-016920,0.0
LN-003079,0.0
LN-010884,0.0
LN-009269,0.0
LN-023015,0.0
LN-028470,0.0
LN-019125,0.0
LN-028591,0.0
LN-005499,0.0
LN-020934,0.0
LN-027308,0.0
LN-009885,0.0
LN-005743,0.0
LN-014809,0.0
LN-014923,0.0
LN-012616,0.0
LN-006743,0.0
LN-007462,0.0
LN-002443,0.0
LN-010515,0.0
LN-003930,0.0
LN-015707,0.0
LN-026484,0.0
LN-012922,0.0
LN-017801,0.0
LN-011073,0.0
LN-017578,0.0
LN-027624,0.0
LN-012860,0.0
LN-010951,0.0
LN-025185,0.0
LN-020684,0.0
LN-002266,0.0
LN-019748,0.0
LN-005564,0.0
LN-022112,0.0
LN-005502,0.0
LN-010866,0.0
LN-005678,0.0
LN-019421,0.0
LN-019499,0.0
LN-000515,0.0
LN-016660,0.0
LN-008206,0.0
LN-006957,0.0
LN-000934,0.0
LN-007961,0.0
LN-028647,0.0
LN-011296,0.0
LN-004084,0.0
LN-003480,0.0
LN-017418,0.0
LN-010837,0.0
LN-000757,0.0
LN-028335,0.0
LN-020457,0.0
LN-025610,0.0
LN-009497,0.0
LN-015986,0.0
LN-015273,0.0
LN-009580,0.0
LN-004954,0.0
LN-020499,0.0
LN-003062,0.0
LN-007235,0.0
LN-020574,0.0
LN-012295,0.0
LN-014304,0.0
LN-025405,0.0
LN-004588,0.0
LN-002999,0.0
LN-013532,0.0
LN-001962,0.0
LN-025472,0.0
LN-021876,0.0
LN-004154,0.0
LN-010724,0.0
LN-021916,0.0
LN-003873,0.0
LN-028514,0.0
LN-018426,0.0
LN-027766,0.0
LN-016551,0.0
LN-012978,0.0
LN-012657,0.0
LN-021618,0.0
LN-002623,0.0
LN-002904,0.0
LN-023461,0.0
LN-003323,0.0
LN-016694,0.0
LN-021627,0.0
LN-004706,0.0
LN-012179,0.0
LN-013640,0.0
LN-020569,0.0
LN-003970,0.0
LN-010450,0.0
LN-020186,0.0
LN-010474,0.0
LN-002360,0.0
LN-008995,0.0
LN-011908,0.0
LN-009975,0.0
LN-020766,0.0
LN-004643,0.0
LN-027440,0.0
LN-011848,0.0
LN-003106,0.0
LN-011545,0.0
LN-018611,0.0
LN-007089,0.0
LN-024283,0.0
LN-001712,0.0
LN-028133,0.0
LN-027600,0.0
LN-001368,0.0
LN-014198,0.0
LN-020172,0.0
LN-026487,0.0
LN-004847,0.0
LN-020229,0.0
LN-008009,0.0
LN-026077,0.0
LN-021561,0.0
LN-027139,0.0
LN-029261,0.0
LN-011077,0.0
LN-017226,0.0
LN-007547,0.0
LN-018172,0.0
LN-007945,0.0
LN-005877,0.0
LN-015289,0.0
LN-004174,0.0
LN-004836,0.0
LN-020083,0.0
LN-001290,0.0
LN-013946,0.0
LN-020769,0.0
LN-003294,0.0
LN-013707,0.0
LN-014843,0.0
LN-014833,0.0
LN-021638,0.0
LN-004273,0.0
LN-007241,0.0
LN-010664,0.0
LN-005992,0.0
LN-004162,0.0
LN-025659,0.0
LN-005045,0.0
LN-026384,0.0
LN-018589,0.0
LN-024098,0.0
LN-010369,0.0
LN-018194,0.0
LN-003280,0.0
LN-004722,0.0
LN-009451,0.0
LN-004373,0.0
LN-021202,0.0
LN-000428,0.0
LN-021729,0.0
LN-008169,0.0
LN-003967,0.0
LN-021685,0.0
LN-011018,0.0
LN-016996,0.0
LN-023559,0.0
LN-023478,0.0
LN-009931,0.0
LN-003356,0.0
LN-018595,0.0
LN-021162,0.0
LN-022669,0.0
LN-009638,0.0
LN-011640,0.0
LN-002175,0.0
LN-020174,0.0
LN-017294,0.0
LN-024316,0.0
LN-003462,0.0
LN-007420,0.0
LN-020582,0.0
LN-011758,0.0
LN-022686,0.0
LN-025658,0.0
LN-022456,0.0
LN-004380,0.0
LN-002429,0.0
LN-009015,0.0
LN-018337,0.0
LN-001247,0.0
LN-020921,0.0
LN-017668,0.0
LN-019682,0.0
LN-021603,0.0
LN-026858,0.0
LN-025805,0.0
LN-024064,0.0
LN-006809,0.0
LN-021771,0.0
LN-005258,0.0
LN-006511,0.0
LN-024666,0.0
LN-014173,0.0
LN-023289,0.0
LN-013042,0.0
LN-004230,0.0
LN-027497,0.0
LN-023836,0.0
LN-013785,0.0
LN-007782,0.0
LN-026354,0.0
LN-023025,0.0
LN-029156,0.0
LN-023200,0.0
LN-002755,0.0
LN-000218,0.0
LN-027026,0.0
LN-009180,0.0
LN-008323,0.0
LN-027855,0.0
LN-015406,0.0
LN-008870,0.0
LN-004049,0.0
LN-005364,0.0
LN-014816,0.0
LN-025195,0.0
LN-006983,0.0
LN-020150,0.0
LN-005247,0.0
LN-009726,0.0
LN-004080,0.0
LN-016226,0.0
LN-028779,0.0
LN-018077,0.0
LN-028687,0.0
LN-025027,0.0
LN-026607,0.0
LN-025669,0.0
LN-018617,0.0
LN-011594,0.0
LN-008342,0.0
LN-003053,0.0
LN-015877,0.0
LN-023664,0.0
LN-023239,0.0
LN-008255,0.0
LN-001273,0.0
LN-021463,0.0
LN-021747,0.0
LN-009611,0.0
LN-022177,0.0
LN-023062,0.0
LN-025835,0.0
LN-014750,0.0
LN-014552,0.0
LN-011428,0.0
LN-020813,0.0
LN-019312,0.0
LN-000968,0.0
LN-004605,0.0
LN-026420,0.0
LN-012215,0.0
LN-026933,0.0
LN-021455,0.0
LN-001015,0.0
LN-018480,0.0
LN-020420,0.0
LN-009150,0.0
LN-020456,0.0
LN-016266,0.0
LN-001115,0.0
LN-014353,0.0
LN-008136,0.0
LN-017615,0.0
LN-013374,0.0
LN-005336,0.0
LN-023115,0.0
LN-018454,0.0
LN-013044,0.0
LN-024356,0.0
LN-006503,0.0
LN-005824,0.0
LN-018109,0.0
LN-003297,0.0
LN-003337,0.0
LN-003730,0.0
LN-026821,0.0
LN-014281,0.0
LN-002394,0.0
LN-013443,0.0
LN-023928,0.0
LN-016121,0.0
LN-015697,0.0
LN-002689,0.0
LN-015086,0.0
LN-021483,0.0
LN-026824,0.0
LN-000805,0.0
LN-020225,0.0
LN-000413,0.0
LN-010244,0.0
LN-014453,0.0
LN-017628,0.0
LN-027792,0.0
LN-003117,0.0
LN-006149,0.0
LN-004187,0.0
LN-015688,0.0
LN-018406,0.0
LN-013538,0.0
LN-011352,0.0
LN-019095,0.0
LN-013429,0.0
LN-006542,0.0
LN-017903,0.0
LN-023612,0.0
LN-028103,0.0
LN-026228,0.0
LN-029080,0.0
LN-015535,0.0
LN-004711,0.0
LN-019614,0.0
LN-020976,0.0
LN-010305,0.0
LN-014095,0.0
LN-007217,0.0
LN-013910,0.0
LN-023904,0.0
LN-009915,0.0
LN-016950,0.0
LN-013800,0.0
LN-029262,0.0
LN-010960,0.0
LN-007243,0.0
LN-000573,0.0
LN-021121,0.0
LN-001840,0.0
LN-010294,0.0
LN-003100,0.0
LN-013303,0.0
LN-018472,0.0
LN-001019,0.0
LN-024276,0.0
LN-022649,0.0
LN-012343,0.0
LN-015491,0.0
LN-006468,0.0
LN-021705,0.0
LN-019119,0.0
LN-004477,0.0
LN-008451,0.0
LN-010913,0.0
LN-005674,0.0
LN-028580,0.0
LN-005881,0.0
LN-012312,0.0
LN-027332,0.0
LN-008913,0.0
LN-002225,0.0
LN-020936,0.0
LN-018145,0.0
LN-026301,0.0
LN-027214,0.0
LN-016133,0.0
LN-010208,0.0
LN-020540,0.0
LN-015302,0.0
LN-008738,0.0
LN-023087,0.0
LN-009231,0.0
LN-012674,0.0
LN-004025,0.0
LN-026476,0.0
LN-023057,0.0
LN-011663,0.0
LN-003283,0.0
LN-026108,0.0
LN-012947,0.0
LN-013928,0.0
LN-023537,0.0
LN-004191,0.0
LN-026220,0.0
LN-027345,0.0
LN-013433,0.0
LN-012748,0.0
LN-004536,0.0
LN-027380,0.0
LN-024477,0.0
LN-022742,0.0
LN-008585,0.0
LN-007160,0.0
LN-003747,0.0
LN-000174,0.0
LN-020458,0.0
LN-016625,0.0
LN-025738,0.0
LN-027461,0.0
LN-012441,0.0
LN-023630,0.0
LN-023162,0.0
LN-025593,0.0
LN-018369,0.0
LN-007447,0.0
LN-007130,0.0
LN-024342,0.0
LN-005431,0.0
LN-001766,0.0
LN-007176,0.0
LN-007114,0.0
LN-018875,0.0
LN-011021,0.0
LN-009907,0.0
LN-019237,0.0
LN-022127,0.0
LN-008893,0.0
LN-020747,0.0
LN-021017,0.0
LN-016046,0.0
LN-005912,0.0
LN-016236,0.0
LN-019713,0.0
LN-013873,0.0
LN-008006,0.0
LN-018287,0.0
LN-017687,0.0
LN-022482,0.0
LN-025057,0.0
LN-014988,0.0
LN-001802,0.0
LN-016855,0.0
LN-005264,0.0
LN-015229,0.0
LN-020267,0.0
LN-028691,0.0
LN-028478,0.0
LN-011497,0.0
LN-022762,0.0
LN-010980,0.0
LN-020844,0.0
LN-017462,0.0
LN-023358,0.0
LN-002112,0.0
LN-005604,0.0
LN-004767,0.0
LN-024384,0.0
LN-029304,0.0
LN-005083,0.0
LN-018184,0.0
LN-022432,0.0
LN-016598,0.0
LN-021734,0.0
LN-008287,0.0
LN-017080,0.0
LN-005792,0.0
LN-014327,0.0
LN-016731,0.0
LN-002329,0.0
LN-015972,0.0
LN-014906,0.0
LN-027062,0.0
LN-014696,0.0
LN-000193,0.0
LN-007415,0.0
LN-003813,0.0
LN-029226,0.0
LN-003776,0.0
LN-026122,0.0
LN-022200,0.0
LN-004161,0.0
LN-003430,0.0
LN-016514,0.0
LN-028806,0.0
LN-007872,0.0
LN-008305,0.0
LN-017826,0.0
LN-004125,0.0
LN-021116,0.0
LN-004098,0.0
LN-022260,0.0
LN-014721,0.0
LN-008318,0.0
LN-012167,0.0
LN-020097,0.0
LN-012182,0.0
LN-015330,0.0
LN-007180,0.0
LN-026792,0.0
LN-021302,0.0
LN-027144,0.0
LN-027120,0.0
LN-027209,0.0
LN-007175,0.0
LN-024810,0.0
LN-008032,0.0
LN-015879,0.0
LN-003233,0.0
LN-002427,0.0
LN-025157,0.0
LN-023371,0.0
LN-011306,0.0
LN-013545,0.0
LN-012502,0.0
LN-021811,0.0
LN-000510,0.0
LN-017050,0.0
LN-012196,0.0
LN-014550,0.0
LN-021262,0.0
LN-023092,0.0
LN-006394,0.0
LN-020745,0.0
LN-010031,0.0
LN-019002,0.0
LN-010403,0.0
LN-000899,0.0
LN-021758,0.0
LN-001212,0.0
LN-007835,0.0
LN-002349,0.0
LN-014607,0.0
LN-004634,0.0
LN-000563,0.0
LN-002849,0.0
LN-014972,0.0
LN-006579,0.0
LN-009237,0.0
LN-007871,0.0
LN-002884,0.0
LN-024024,0.0
LN-024785,0.0
LN-005473,0.0
LN-017063,0.0
LN-007859,0.0
LN-014172,0.0
LN-004798,0.0
LN-018871,0.0
LN-006041,0.0
LN-014067,0.0
LN-013032,0.0
LN-016716,0.0
LN-001130,0.0
LN-014665,0.0
LN-000178,0.0
LN-008686,0.0
LN-010006,0.0
LN-009966,0.0
LN-014363,0.0
LN-012067,0.0
LN-009108,0.0
LN-021689,0.0
LN-005032,0.0
LN-017033,0.0
LN-011272,0.0
LN-022910,0.0
LN-013592,0.0
LN-007439,0.0
LN-021324,0.0
LN-014885,0.0
LN-011275,0.0
LN-017870,0.0
LN-021518,0.0
LN-012377,0.0
LN-022848,0.0
LN-011332,0.0
LN-020842,0.0
LN-011454,0.0
LN-009454,0.0
LN-012141,0.0
LN-022229,0.0
LN-002345,0.0
LN-016826,0.0
LN-013293,0.0
LN-001480,0.0
LN-028927,0.0
LN-018647,0.0
LN-010434,0.0
LN-001287,0.0
LN-012731,0.0
LN-012459,0.0
LN-003203,0.0
LN-016078,0.0
LN-011044,0.0
LN-017310,0.0
LN-012564,0.0
LN-014731,0.0
LN-029084,0.0
LN-003591,0.0
LN-019257,0.0
LN-027186,0.0
LN-020727,0.0
LN-026988,0.0
LN-025591,0.0
LN-012995,0.0
LN-023809,0.0
LN-010445,0.0
LN-003708,0.0
LN-017459,0.0
LN-006941,0.0
LN-027637,0.0
LN-005585,0.0
LN-021854,0.0
LN-020819,0.0
LN-018612,0.0
LN-024100,0.0
LN-014601,0.0
LN-021661,0.0
LN-016054,0.0
LN-014960,0.0
LN-004579,0.0
LN-008920,0.0
LN-002176,0.0
LN-020429,0.0
LN-020460,0.0
LN-013129,0.0
LN-008450,0.0
LN-013441,0.0
LN-007656,0.0
LN-027187,0.0
