application_id,sanctioned_amount_aud
LN-029039,71481.08088074348
LN-006880,30807.12906615861
LN-000529,100230.28972221936
LN-002049,176450.35732909097
LN-000921,0.0
LN-003817,71013.74066028513
LN-008697,49682.21881598245
LN-001629,168126.01947799907
LN-004797,65427.10755675018
LN-003612,40984.08469981631
LN-009943,72077.65887441875
LN-025850,38191.33713074457
LN-026197,118329.47461022425
LN-024874,29913.172651325487
LN-004528,139372.20443935462
LN-005816,59162.02136184615
LN-005665,166943.82043716102
LN-014724,121278.86565083497
LN-003869,74015.01723298962
LN-025159,18240.608159150826
LN-018852,22360.91671407117
LN-007330,34397.1242016558
LN-009056,73062.51645509689
LN-024580,55105.41073384762
LN-000091,44701.953676581834
LN-024635,117326.80925871345
LN-024171,77767.51863777442
LN-001540,896.9575888236675
LN-020296,33611.03257831135
LN-010216,24255.88924009929
LN-027984,149466.37321139686
LN-014818,20638.838243412913
LN-025432,0.0
LN-003848,27901.337328654594
LN-005511,27992.30360324876
LN-012764,35046.85740435327
LN-027695,46698.621612078925
LN-003189,306.51625465948257
LN-011795,32543.87785123571
LN-010454,244039.1169611945
LN-004833,158787.44989419752
LN-021881,45573.16749316685
LN-004216,100141.35675026749
LN-014947,37.17475712353639
LN-027884,91950.70802682094
LN-020946,110608.72558710637
LN-008994,34388.30844514712
LN-005529,1098.4907379528754
LN-003943,49917.31941765654
LN-009215,0.0
LN-000651,155402.40770979653
LN-017641,79955.36135404289
LN-019837,88453.00209506367
LN-025236,53919.902046125586
LN-019391,36524.92539290689
LN-021405,22925.086130035612
LN-013749,0.0
LN-029095,96969.83399670474
LN-023240,174424.87632272873
LN-005323,59167.424391825974
LN-006107,215783.3360593738
LN-012864,30121.936607349384
LN-000798,0.0
LN-001526,0.0
LN-006226,97.02717312535277
LN-007353,102727.67659706471
LN-012665,141952.6168563227
LN-006311,31846.0846154394
LN-005748,146757.55811135645
LN-018051,72097.86663318335
LN-026701,70814.78021217984
LN-005901,70654.96274978296
LN-003003,29190.853019211183
LN-011250,44937.92552836324
LN-001729,29619.23509106335
LN-008468,18176.99599041246
LN-011773,203021.89227809655
LN-016274,117.14230371871214
LN-009018,0.0
LN-008723,80673.09353295511
LN-011390,182851.22565680364
LN-009389,72148.9477016285
LN-005437,8444.01564853043
LN-002885,179802.80465546783
LN-018156,41366.24613345803
LN-017438,88533.89736272879
LN-019254,90169.61266865446
LN-017293,183157.97909750004
LN-000096,8865.56146632333
LN-000247,129766.86361002018
LN-015276,1196.6119830010248
LN-009085,52870.623150130414
LN-015570,106098.01713392527
LN-006258,8246.735085468406
LN-012973,1541.634967538259
LN-025834,23403.5729238049
LN-009703,31353.70682229932
LN-024652,172968.21908262002
LN-028344,88060.82648322519
LN-016342,231488.24364450687
LN-026702,53214.4164899044
LN-002785,131320.30847233773
LN-010569,184274.17172360615
LN-025649,0.0
LN-026860,25891.919380283696
LN-021249,82738.30350584142
LN-013023,159876.89929302424
LN-001591,52953.133258251735
LN-022776,65406.96057870846
LN-003367,75890.48749398017
LN-006653,31586.27040709923
LN-017837,72370.3516738424
LN-022032,91473.17831436009
LN-005360,25188.3164942676
LN-021277,184671.45687151208
LN-027391,180453.63889196742
LN-023561,36955.02218788743
LN-003810,58840.89424978645
LN-015809,37754.84932499392
LN-006531,91533.84335273827
LN-025435,106811.83972847377
LN-000367,86797.31611891376
LN-005711,37621.0220275866
LN-004774,60347.52356275643
LN-016176,110651.27214292774
LN-025841,0.0
LN-011228,217409.15861847854
LN-012217,72580.16463953149
LN-011748,130421.6220943201
LN-005326,166404.0416051203
LN-007658,107544.68715907108
LN-024062,87034.29258572983
LN-022212,110.66796478439045
LN-006396,49531.808008041786
LN-010618,143791.08331272542
LN-012430,45708.756799016715
LN-025820,189801.28768879196
LN-025410,112383.1011146701
LN-006461,0.0
LN-012545,16065.927092475307
LN-005809,64373.13546416811
LN-019001,63522.797646215695
LN-022733,35374.42262017957
LN-018938,38499.34864335285
LN-013694,141179.149231835
LN-007638,1275.2778872206427
LN-002878,24780.030903670984
LN-018926,25094.13543543168
LN-024322,27672.762054443137
LN-003617,210992.92933739192
LN-004638,179.22480461911437
LN-002673,102.34239506211618
LN-017697,0.0
LN-022481,107613.51478585684
LN-013334,0.0
LN-011143,75924.7624700705
LN-013216,36968.70237793675
LN-027796,0.0
LN-014858,63785.08200232941
LN-010568,75392.07602245224
LN-009715,139204.36255494642
LN-018049,67833.20983121908
LN-009940,65052.84621060339
LN-007722,55971.50958554536
LN-028533,76819.62249002187
LN-010172,9156.214852129147
LN-018800,0.0
LN-016696,65445.653203516755
LN-007161,20460.96322834348
LN-005011,322.11803001003057
LN-013812,62335.900599915316
LN-006180,96699.25396255385
LN-017278,183706.50739205474
LN-025454,140256.44020316502
LN-003921,123132.67983930543
LN-001165,29371.409843025005
LN-013083,99773.87508627899
LN-008218,36107.43910974565
LN-017894,0.0
LN-027492,98832.29277104068
LN-000588,50392.27831775592
LN-004023,34313.54801783584
LN-017370,175419.53045554113
LN-025951,28541.828228047423
LN-019488,0.0
LN-019580,240853.9076313059
LN-020578,79471.73929815582
LN-014882,118443.3586038172
LN-005672,187775.92291845498
LN-024498,35404.709247749604
LN-022757,57561.369712952204
LN-029210,89217.47183387066
LN-013581,156975.13038239232
LN-024400,128380.57168175864
LN-021353,0.0
LN-013208,36889.254718048134
LN-013493,73292.23775230531
LN-009747,108422.63344631859
LN-000406,129116.88648070034
LN-025848,96105.22297050324
LN-017253,57503.851831348926
LN-019936,0.0
LN-008763,93807.35440850737
LN-009372,79773.77391106616
LN-017934,151427.97503332185
LN-006085,7780.743955104359
LN-009025,44622.590548691594
LN-028180,77129.43198468395
LN-000763,11933.967579903458
LN-012290,124831.98427962046
LN-013450,0.0
LN-014119,111705.27102364312
LN-019751,35101.10993789758
LN-011837,19891.291672559943
LN-020355,15422.859901937682
LN-008535,178.68273199442402
LN-019330,36451.169046899675
LN-006326,213088.45802952503
LN-004981,18138.34519522531
LN-025355,0.0
LN-022515,80656.27798643765
LN-018878,0.0
LN-002903,65409.29094816872
LN-009736,65025.04161553457
LN-029294,85447.94100228307
LN-001871,66042.90578909287
LN-010808,171885.3087693942
LN-007319,333.38779071237207
LN-028441,246710.43614707852
LN-003915,41705.15683543002
LN-022027,256595.03014345342
LN-000981,33836.147633435
LN-014592,77992.29700603406
LN-012867,54864.551352871196
LN-016395,37397.201749991626
LN-013982,21216.815989231174
LN-003638,258343.5904005234
LN-011772,28076.606428218973
LN-003702,0.0
LN-003224,39417.60927233917
LN-009857,0.0
LN-024002,23035.8329036595
LN-028587,106030.97529343332
LN-025832,0.0
LN-023014,212939.57697349158
LN-022001,131870.17752768367
LN-018270,51641.04893887558
LN-008660,44774.56245887999
LN-027888,95633.60118586605
LN-026960,98608.0773794751
LN-007378,163157.93430583586
LN-005225,181629.6858525266
LN-001486,34238.37280384623
LN-001292,139045.93978460666
LN-017114,5266.028485729192
LN-025828,25906.978452341707
LN-005617,33915.61316014299
LN-012572,46955.779583539705
LN-026673,0.0
LN-027996,95122.31101249345
LN-020098,41113.509274588985
LN-006108,118651.27649807322
LN-001488,38539.02644243
LN-019872,33637.28213800746
LN-025342,20900.574104248924
LN-012901,59969.20830565811
LN-018862,28516.781075890638
LN-016061,41882.76626117234
LN-016740,43739.319925707576
LN-017649,0.0
LN-018098,0.0
LN-014282,32491.90585692883
LN-025016,193716.46952657826
LN-025080,24373.489208782496
LN-001705,139203.19417166008
LN-002042,49336.39283769404
LN-014933,247174.52282355173
LN-004333,46859.51220474058
LN-024632,186006.47209961843
LN-018140,109.53709606897249
LN-010347,259.2982115353752
LN-021845,97547.2620726987
LN-008047,129677.67056296898
LN-023491,99478.0911367008
LN-001272,29389.723256166733
LN-000153,15838.624522318767
LN-026188,25248.29401420162
LN-018553,133451.58453982967
LN-001049,54426.13544004373
LN-013410,120155.08059422375
LN-015559,10858.36117545415
LN-001386,126289.23510215401
LN-021031,101144.12453647798
LN-012588,17484.763873897566
LN-027363,139580.4640970668
LN-000785,120039.06883704441
LN-024134,342085.99814827763
LN-000878,91146.27321437803
LN-017836,58056.620902540446
LN-001329,79391.26061581376
LN-010495,37710.86699910835
LN-027977,66828.10772023123
LN-021210,164278.94736677193
LN-014280,1549.438329624788
LN-013133,81530.46131972127
LN-019882,38009.87174854463
LN-024921,78636.26918094276
LN-022535,18716.30952330254
LN-012348,231201.70066017512
LN-009325,105524.92148770428
LN-021655,62016.49710500433
LN-016317,95165.66911015083
LN-018693,0.0
LN-023096,161335.68843477103
LN-001547,0.0
LN-007255,16239.79777032098
LN-024351,41188.357710452394
LN-026414,54351.37698826715
LN-023705,30496.341392493734
LN-005484,457.0684172285829
LN-009069,157444.0218549778
LN-005286,14766.468903614123
LN-002483,72063.56293639977
LN-003230,151634.85040793428
LN-001239,34301.88722607761
LN-015839,60948.108826195676
LN-023575,126117.58985337136
LN-006651,141855.46110136775
LN-004740,81162.47427096513
LN-013926,0.0
LN-025110,11222.151234441224
LN-011650,46602.88371670408
LN-006427,34534.036226286014
LN-019481,81338.44991206576
LN-024048,36374.75911718274
LN-014245,285.2234759990162
LN-016079,16420.25883801931
LN-021983,46341.92866630237
LN-016496,249056.11232021393
LN-007279,0.0
LN-007465,76799.26154189368
LN-005744,119699.1896535519
LN-028448,102557.93172293072
LN-024698,17817.047919173565
LN-002441,134342.13248470455
LN-017539,37111.503547929584
LN-020906,24348.52090647934
LN-025466,69774.16573124977
LN-018308,33956.679105647956
LN-005882,156270.07343643974
LN-010974,176072.40626196703
LN-010316,28466.581995608703
LN-009734,66821.28649602304
LN-009553,96615.84339164902
LN-026053,13952.546266683128
LN-022838,24030.701176118047
LN-024875,21411.91176741003
LN-017525,67454.81796324179
LN-021740,64168.16313828852
LN-014515,75832.13734296903
LN-010991,34597.62476934867
LN-017802,34203.87040574614
LN-006356,50549.801577854094
LN-026127,221824.59507782836
LN-006043,68709.12322856359
LN-000112,217503.34013088103
LN-022638,77877.89837864766
LN-017314,0.0
LN-010695,533.828748956916
LN-018466,69231.48253835268
LN-004840,107312.06254628011
LN-011951,26726.646800119845
LN-010320,99610.98823973225
LN-015798,40350.40971476658
LN-001114,0.0
LN-017091,153431.40111628908
LN-021169,38187.87974681191
LN-008834,0.0
LN-002998,39751.914001441684
LN-022306,47470.555803256146
LN-027136,33135.2474789997
LN-005731,68714.8597863337
LN-000538,40194.92321286782
LN-012005,31617.242756808115
LN-021560,21791.760048656583
LN-024077,2842.8439857410135
LN-011011,27180.36981161814
LN-005051,494.67810445066834
LN-025004,147459.40979052705
LN-017780,113550.73981984417
LN-009230,127190.89858460607
LN-023534,60579.791186625705
LN-015292,30786.190767862525
LN-016482,88767.63000571208
LN-011724,128634.40997517867
LN-014447,34233.29492485531
LN-020575,86594.69555380689
LN-004123,44874.35405810442
LN-000140,0.0
LN-001732,86174.50147568651
LN-001505,228137.49541439154
LN-024742,38445.74878536531
LN-018338,142431.517945497
LN-009185,79509.29391886883
LN-005327,183505.16821997144
LN-010223,0.0
LN-016693,44097.57699046552
LN-001390,21931.521158729618
LN-017298,404.4832807970216
LN-028983,1338.7690673551785
LN-017074,36746.857820540354
LN-025831,142676.13026431174
LN-005174,36459.80156705453
LN-010707,42803.75958004895
LN-015365,46314.57957981769
LN-010390,1502.9612390710854
LN-003581,26884.40221521763
LN-020872,11528.028144439744
LN-028477,40451.85299000636
LN-012610,79764.71135806527
LN-003584,55128.28299428066
LN-011960,100876.0167993752
LN-024997,117784.47414101081
LN-027012,125331.92317566578
LN-000788,118934.25196239857
LN-022144,38898.648356258534
LN-015916,110978.41989843856
LN-018648,36147.53250083495
LN-025438,89728.35137828733
LN-028826,0.0
LN-004594,110348.50133935742
LN-023061,195607.13235654877
LN-017057,282011.81683103676
LN-000685,0.0
LN-013687,63106.08135331486
LN-012734,38668.801114836046
LN-008338,277.3496419784363
LN-006348,0.0
LN-021119,192760.49582627468
LN-029231,49880.58140752633
LN-011548,228843.04569479625
LN-018720,43095.4703417766
LN-024928,260.94128561041435
LN-002287,51916.92585597562
LN-006351,9568.78754073525
LN-023000,0.0
LN-014593,56903.86948171604
LN-007608,26687.43804833481
LN-017358,26455.283975814826
LN-000646,18535.254797786125
LN-003792,28646.21488924507
LN-008211,115111.43300010385
LN-009919,298.08957411097464
LN-017104,0.0
LN-013188,23340.709858512128
LN-006899,41360.84575104243
LN-001584,0.0
LN-012482,0.0
LN-024528,304244.16939398256
LN-024092,98779.77388344606
LN-026950,0.0
LN-022365,20707.430219225214
LN-007952,47697.433368466176
LN-019776,95285.86016599176
LN-027568,259263.0490920598
LN-004951,34623.60288294369
LN-010098,70065.38320757438
LN-006563,231026.0249851976
LN-025111,72366.70953135502
LN-017334,50278.540807680736
LN-011377,29496.599251027186
LN-029028,282809.14285269007
LN-005056,31600.163616807153
LN-010356,59207.865350604865
LN-009294,134507.33665760048
LN-024825,99709.4579676867
LN-018328,58667.27348458901
LN-009427,74238.44741396068
LN-021910,110772.97643145936
LN-022041,366.94800800895894
LN-005932,133514.45929480836
LN-001464,21189.063106356185
LN-013479,16981.49328862242
LN-008593,858.5811395895445
LN-003198,0.0
LN-016902,7046.975595596393
LN-018709,35697.951173916634
LN-002133,143125.15360235298
LN-010995,40116.90424332982
LN-021801,7873.863372552834
LN-003405,117692.61795060721
LN-001351,74277.28197821703
LN-022993,70332.63800189934
LN-009095,95213.2583770116
LN-023068,534.463012865472
LN-006164,129869.75652934617
LN-022292,94688.57670933109
LN-020275,229.48535171524549
LN-016350,46273.065029328136
LN-026883,56921.364515700494
LN-028688,109445.69743362616
LN-010081,143.14058380346034
LN-025562,83087.11440971668
LN-028120,61749.95495359913
LN-028107,35041.494281025625
LN-022222,71694.14775454426
LN-009971,3550.616534140266
LN-021132,21630.850032673716
LN-018188,36884.485405143874
LN-024208,0.0
LN-029166,0.0
LN-007829,65988.58244547462
LN-024420,172751.98377654306
LN-012818,60335.8880520079
LN-008781,231857.42017757116
LN-020002,0.0
LN-009862,231225.5090959155
LN-015957,217204.4530990673
LN-023084,156214.39652821256
LN-018496,81001.1924894097
LN-019886,123532.80376889577
LN-027885,123508.95604764565
LN-012547,73147.0600300001
LN-024090,88275.87951845408
LN-000488,17250.362030495577
LN-021489,43022.23154653282
LN-020662,0.0
LN-015348,1839.8137956731857
LN-008250,73515.99500034165
LN-007385,66362.54934540116
LN-027422,0.0
LN-018791,32545.221634790963
LN-007182,33802.230269391286
LN-019746,0.0
LN-019340,46113.31141983946
LN-011312,83221.34341288311
LN-020146,157489.25396486372
LN-008278,46660.961507438544
LN-005135,192193.08833981847
LN-023466,88558.17238552948
LN-027469,89375.37551493406
LN-000949,144343.99119218445
LN-023317,119477.69474974425
LN-013622,68892.84746600174
LN-009590,56712.002515571265
LN-005940,271525.57659403776
LN-001454,67787.31351036727
LN-004997,28035.93747222757
LN-011367,33842.58200003121
LN-005805,56231.645679236724
LN-027679,108813.61615316581
LN-006936,0.0
LN-000620,68898.88591510084
LN-007488,198997.20277720952
LN-023042,64185.85228452383
LN-026751,108302.2339898956
LN-014613,167.21904586042066
LN-006536,96942.96450593624
LN-026331,91838.93335166578
LN-017594,127286.40855441867
LN-002753,94244.17545170103
LN-006648,294.94226245505956
LN-023814,0.0
LN-001048,122470.9120442078
LN-004326,77683.03968114503
LN-010534,15073.52430563158
LN-010430,135987.74594840078
LN-019127,40353.8298050067
LN-026112,0.0
LN-026257,40756.715446884686
LN-028196,13494.69493831233
LN-027411,62225.54491701434
LN-021010,44105.35868104199
LN-027538,2593.2867340649505
LN-020433,235.92555244427115
LN-009512,187919.5870046914
LN-019124,49035.630279870995
LN-000400,119124.64896562949
LN-002891,62335.309229081504
LN-024236,20504.527041096375
LN-017071,303811.63027437986
LN-009799,18347.74118918701
LN-023001,37220.81631042674
LN-003262,71595.20458057197
LN-009114,100185.33239733303
LN-007545,9644.569882485783
LN-016628,39920.09860715157
LN-018124,28.369536753051992
LN-010374,74726.92473902986
LN-018268,66503.42889559918
LN-008108,0.0
LN-027647,45575.055508193735
LN-000982,56030.412227516565
LN-010535,0.0
LN-010355,934.3015934041991
LN-017544,26642.2930549136
LN-023081,127212.32118977644
LN-010224,58993.46840213258
LN-007094,179719.21816381352
LN-016982,59449.66395647597
LN-005830,118626.717617
LN-002968,129147.40523388378
LN-021286,141644.8305878305
LN-017364,26614.64636956266
LN-013937,36299.24498777732
LN-018364,75089.8572413659
LN-024056,48510.66198528037
LN-005211,44916.573019999174
LN-000001,69440.38651789665
LN-007347,61772.25971139294
LN-021076,73441.20418318963
LN-021007,188631.0444736217
LN-019857,105765.91332822757
LN-028882,76425.45056942795
LN-009167,30177.55129176594
LN-017599,134633.33837631196
LN-026932,27213.093423263323
LN-016954,8436.190576886529
LN-002750,181575.10029974618
LN-010250,37198.34260503027
LN-018851,17369.295083475066
LN-022826,171440.63162654475
LN-002691,28843.16756129625
LN-025360,61762.200381784
LN-016870,89879.69271337682
LN-028996,104.65352893049975
LN-003718,80841.5587286016
LN-014796,376.2434161433555
LN-023572,84.08866142831937
LN-007754,71990.81219535628
LN-025148,150229.00033495697
LN-014092,111700.76683688439
LN-008277,0.0
LN-022425,59955.00871827596
LN-012259,96030.1598591794
LN-016504,31492.52649015985
LN-023238,58718.07915720395
LN-020471,117900.97839512413
LN-026443,123703.53013915729
LN-012246,55911.58707663504
LN-006860,32078.056539264962
LN-009136,137946.5154777727
LN-010044,171485.71265779974
LN-023297,94830.7375756873
LN-028649,79972.0557540598
LN-021998,40243.27520064347
LN-006304,58439.841628995964
LN-022820,93751.47722481268
LN-002451,143247.91369116327
LN-001938,89096.41667895444
LN-019381,0.0
LN-008879,85950.9504181981
LN-009102,0.0
LN-024922,195393.5517731603
LN-022600,749.8412156059969
LN-012838,97294.2965501388
LN-001030,95215.52756878178
LN-004616,5688.099778291872
LN-019524,86121.60056003822
LN-027544,66102.70696898819
LN-011793,74257.94767438303
LN-026273,128741.05736527365
LN-023230,94461.63750254812
LN-027052,845.4581707151905
LN-004393,1166.5938962904381
LN-021225,68270.51165534873
LN-007504,2492.860795357341
LN-016156,232607.22340371602
LN-010585,0.0
LN-005141,94844.3013032542
LN-013158,23430.467772364587
LN-001633,137674.7805161054
LN-020641,70717.53469894653
LN-003565,29001.096933664365
LN-023826,30275.724943336652
LN-013814,68.29229967511898
LN-017769,233941.35131665284
LN-013122,129474.54916228903
LN-024039,153910.22286934903
LN-006982,37874.33666867834
LN-011485,28.749980969641747
LN-021299,85843.52457732524
LN-003916,52310.614439367404
LN-024338,71007.74782211872
LN-026405,95822.98222539762
LN-024786,177114.86337560677
LN-001350,89124.45219701751
LN-015499,34448.85499335054
LN-008200,22358.41811291623
LN-009704,75128.58022371047
LN-019884,157058.72397420174
LN-001179,18770.210701810967
LN-006052,43748.255708986755
LN-019294,178018.5007153392
LN-012119,29937.32694469179
LN-017536,80383.66063149236
LN-010363,81709.42287509654
LN-001961,90008.8009729586
LN-007508,529.8612506808246
LN-013653,248036.59786332666
LN-014855,31059.30702623713
LN-021471,35661.11919821616
LN-016441,614.4025658935602
LN-005679,85047.09158685396
LN-006687,18351.76821230859
LN-007698,0.0
LN-004116,132807.33309111072
LN-007023,119337.09058013902
LN-000490,164238.1201106889
LN-009100,25030.67759709905
LN-023939,28486.808043280627
LN-021499,164626.6547387176
LN-027403,60055.98266563604
LN-020749,280738.0968617743
LN-009702,163710.76801208596
LN-028358,212526.7936440527
LN-018616,99576.1083942939
LN-015351,26139.83850258328
LN-019339,145158.04054284815
LN-024653,64471.1013649986
LN-027331,238770.39291112017
LN-005911,31569.514869156315
LN-001954,297.150434839177
LN-020072,242213.40058431437
LN-003028,0.0
LN-021914,73286.61409371687
LN-020621,0.0
LN-009450,89964.63475652637
LN-009201,0.0
LN-025794,99518.94193673562
LN-013335,139508.39891120858
LN-003602,46437.01042562219
LN-013867,31208.610307678686
LN-003021,109271.38632170073
LN-000345,165711.4549872308
LN-002455,244625.1701199523
LN-027188,83286.28685853038
LN-003412,73038.57971666112
LN-005012,48126.521390157264
LN-019948,40066.27679473201
LN-017992,96905.70033461782
LN-006769,0.0
LN-022036,180.0307624668919
LN-007230,65828.43315196218
LN-016088,171468.4763062517
LN-021504,281846.8247611056
LN-023907,106010.47474333063
LN-027471,97245.16122209525
LN-024128,98432.68281451937
LN-017941,46112.36978566771
LN-015577,111075.86195975309
LN-000533,74037.11453149021
LN-025864,127628.181991175
LN-002101,35857.560487763614
LN-026455,251.18340206385216
LN-007158,0.0
LN-023032,27509.60917961345
LN-008565,240503.554590188
LN-005953,114786.94710462687
LN-012979,62428.2168653835
LN-011279,80750.97490424359
LN-017231,46980.0115987601
LN-027552,76908.22954505107
LN-006817,64254.56644967168
LN-004356,157751.93070135277
LN-003760,24786.06302135568
LN-013124,257061.70110105613
LN-010903,144346.57318616012
LN-020788,204488.52597096332
LN-007457,46957.39270104023
LN-021284,132588.17509051505
LN-009305,159168.10003612383
LN-025455,136655.1768315579
LN-020018,52430.63676541209
LN-009918,71868.3135178983
LN-015997,26394.14206251053
LN-018864,0.0
LN-022984,44477.53344076646
LN-012389,76076.9511577828
LN-000065,0.0
LN-010074,122439.24734249647
LN-012396,104775.24977075981
LN-000463,297.7732176464299
LN-003016,1282.8614550207199
LN-004033,0.0
LN-007840,67859.67627597261
LN-022078,233576.20021313752
LN-022606,146249.04434441344
LN-002682,0.0
LN-014489,899.4343291265038
LN-001052,108301.51519543973
LN-025137,157110.17878035712
LN-026999,215020.98525599323
LN-007058,34560.82986199958
LN-027586,23388.414382536575
LN-011480,190166.58849299653
LN-004348,189695.76716802103
LN-026519,348.57599100263343
LN-008051,91885.95373285246
LN-002987,42001.601508130174
LN-012938,83661.86690206158
LN-001309,33785.01888444607
LN-014324,122878.68193474892
LN-000923,35170.57890267204
LN-028302,139785.20604404307
LN-020750,130820.25634103041
LN-007632,2362.4585416935633
LN-010476,107593.899111904
LN-021354,95195.59565714623
LN-021093,38874.710756611545
LN-000535,153051.9517524674
LN-019864,259702.20152953774
LN-006907,105750.9337475968
LN-017899,191826.92510623994
LN-023472,169442.74074250358
LN-024548,75969.28898723195
LN-028974,147858.78838286755
LN-016098,148726.12330513104
LN-004304,0.0
LN-018483,7329.005750907555
LN-009316,110552.02015957581
LN-001935,0.0
LN-014989,246863.66395795264
LN-002775,364997.215543905
LN-022715,270770.80227955116
LN-011906,96356.68046670685
LN-018485,39071.800884680386
LN-006905,177680.6278650132
LN-025345,155724.29113787733
LN-027763,24568.455090904055
LN-007190,197471.56488286162
LN-019662,35816.550598755035
LN-027303,36602.84611588636
LN-019646,71849.90672876318
LN-009712,114768.44194391898
LN-022375,3250.3924839522197
LN-017391,111090.45059187351
LN-003668,185696.38375975314
LN-009486,115116.168390414
LN-002826,82402.65427154319
LN-013280,210548.86090169736
LN-005334,205115.45477730484
LN-028700,58046.093810719
LN-019418,33018.289882451056
LN-003349,77023.12436660501
LN-020723,108387.06310449057
LN-011973,664.3791836324875
LN-020652,28591.948921834057
LN-024612,97.91629468306334
LN-002228,101027.764510429
LN-001668,92248.28608496395
LN-023342,334.40447841152707
LN-013205,119677.73494126357
LN-028854,127890.91909801455
LN-012031,18862.99191963256
LN-013010,41337.50641954609
LN-020892,109393.62317413326
LN-023401,45795.59863986368
LN-014602,142152.09272802985
LN-006740,22750.01978174112
LN-004278,42737.862518656635
LN-008584,39657.64974202189
LN-026339,54403.40433423627
LN-007296,64396.77469629625
LN-011437,24479.71440537103
LN-025839,0.0
LN-003828,119137.17187131091
LN-012162,30909.703140073696
LN-021223,120492.61358338836
LN-021281,113246.07082338961
LN-022914,57888.98562271836
LN-025269,25798.559919587515
LN-029035,73765.18893726042
LN-008016,60515.60666846449
LN-004247,37758.38214651938
LN-025723,58758.42794117383
LN-010588,21461.585953656293
LN-020279,152953.31590581484
LN-014880,152541.81269223144
LN-017942,6920.079269410869
LN-028392,0.0
LN-002185,75182.9157834362
LN-009434,30506.20433487058
LN-012401,103257.13893099614
LN-027080,50341.69533534162
LN-004807,196741.43927817128
LN-002238,146056.8458706055
LN-011558,34206.29264342154
LN-003831,41762.35532775764
LN-022932,63166.06945411263
LN-008588,29263.46466261291
LN-021025,94863.75568089855
LN-014788,172086.87392734346
LN-024708,151896.85889699662
LN-007747,34818.129157022595
LN-011767,107912.18200469192
LN-012233,108376.24474912093
LN-015364,76184.57712607016
LN-006986,56218.12958460408
LN-017612,0.0
LN-025684,137838.94738970246
LN-003629,60947.20714473587
LN-000266,93240.6154911237
LN-014737,160488.56047579463
LN-025314,0.0
LN-017738,91893.15011525045
LN-021316,122500.93918115525
LN-026675,45105.97658991907
LN-002363,184931.41349204755
LN-008219,25414.530724925677
LN-002806,434.7494884056803
LN-026770,188578.46717186688
LN-007120,40512.09199083078
LN-024489,88159.89419922825
LN-002627,33791.31150964152
LN-022641,62522.41570048252
LN-001404,0.0
LN-028208,118015.74585949711
LN-025483,164480.17170807606
LN-010281,41524.72740152178
LN-022228,20745.316370809756
LN-000157,0.0
LN-016479,33983.91020709618
LN-028278,32292.76039243075
LN-020661,207042.81958478084
LN-027614,40429.37253426534
LN-021751,0.0
LN-024051,290.30147413654555
LN-017257,77710.6395640238
LN-013417,276759.65139689285
LN-005998,192217.71891339225
LN-010827,102850.84221583752
LN-008916,62050.89722170403
LN-011171,0.0
LN-014011,59469.380932520544
LN-002264,176781.14600811325
LN-005209,80540.46314380251
LN-018550,139075.31561030974
LN-010962,36576.80802290704
LN-010753,32030.115312640715
LN-001999,132159.2136958009
LN-011103,0.0
LN-027638,193987.80430353765
LN-026190,0.0
LN-010238,34701.320547105475
LN-017355,0.0
LN-004523,333.04678266933047
LN-013449,204796.51353042934
LN-022408,96356.61265421334
LN-003646,104.45040279978734
LN-023966,68426.76928952668
LN-008720,381.4225287927092
LN-021517,114894.16929466989
LN-004426,81254.93882649112
LN-006803,134314.98274957473
LN-017540,175095.88057566943
LN-007828,94008.97676435977
LN-006430,30775.337496380926
LN-008239,154102.23631613835
LN-022389,41180.43433354984
LN-026735,77699.08667469893
LN-006555,54829.627838207496
LN-001665,71086.45590908274
LN-001479,113039.57780136498
LN-021102,39420.9378168644
LN-003682,41410.32635876682
LN-025418,70974.7974434926
LN-002663,69861.75271875157
LN-022943,68691.60898525624
LN-023168,12104.926983074229
LN-019320,81450.43107327755
LN-026865,10070.656695611648
LN-019076,36955.51663293499
LN-013146,175406.33616662121
LN-020561,2843.1328966215938
LN-001723,62777.937275462624
LN-021943,43671.520369566424
LN-003482,59471.546685973626
LN-021120,88169.59305651313
LN-004105,120299.72342416638
LN-006575,31710.396956027824
LN-013550,64748.80924729645
LN-024168,145974.1085351616
LN-018642,23414.134573738746
LN-015158,0.0
LN-015029,234.48162861417123
LN-019281,42287.839279699496
LN-014237,1581.1288286925087
LN-025333,121867.31073451745
LN-017132,26574.812214542133
LN-013199,146949.98123016593
LN-026877,190293.08698081752
LN-000820,74010.90293998341
LN-015206,609.6610485079918
LN-026351,1103.030434081572
LN-000142,19172.488813145486
LN-026131,20983.992152950585
LN-026204,0.0
LN-007689,1227.3667848442244
LN-006443,65485.21421061853
LN-013008,30958.17589334397
LN-027864,47206.96167730861
LN-025937,36590.640517360385
LN-025786,40176.647137019216
LN-008067,206786.87562074355
LN-018081,157368.75248805239
LN-007980,2306.457743039415
LN-003433,72106.01051829594
LN-013455,28903.354767239707
LN-013089,0.0
LN-028290,160599.37086487495
LN-020738,42372.898510025174
LN-013616,52708.093344994624
LN-016057,0.0
LN-008788,30759.743239012667
LN-016040,77.23810974195793
LN-022554,88129.08838240239
LN-021429,48241.87547668688
LN-021317,65291.78840804999
LN-027064,31940.35947763754
LN-013957,180972.26046191502
LN-013332,32899.6292119618
LN-010191,52262.180859239335
LN-000147,109843.89611385873
LN-022484,227835.1466017547
LN-023192,241717.48499291897
LN-004569,239925.41309657323
LN-022537,54543.90877544237
LN-006702,29577.351478753662
LN-008615,60260.281308977945
LN-022242,132444.72568589984
LN-002841,87051.37328017213
LN-016563,84724.10283174127
LN-002031,38705.53672258469
LN-016508,67193.91027579308
LN-021426,192.46016686205692
LN-021178,56816.15839016446
LN-002937,106966.09351809874
LN-011686,76172.7003575797
LN-000575,0.0
LN-005105,347255.1078405563
LN-021541,63404.14058937254
LN-022998,135.5776225749957
LN-024983,66464.93075832873
LN-029284,33819.37486307801
LN-018600,75122.41075316718
LN-018488,91324.24052051044
LN-008113,60559.56746746632
LN-029277,96189.76186214192
LN-003179,0.0
LN-012989,538.6120200443718
LN-005463,33458.54113030689
LN-001734,56382.44497333405
LN-025672,43743.140341065104
LN-010290,411.47419188703606
LN-015244,132156.50098482938
LN-009861,15996.92630658752
LN-017238,78120.00275062199
LN-023681,40705.07444684543
LN-018566,136915.35082362976
LN-024341,108821.52332381209
LN-012894,101253.03109566173
LN-004303,25953.85565256424
LN-024038,113744.03065492408
LN-001129,86691.81611324652
LN-002508,82993.75673456547
LN-024648,106433.22621743166
LN-018516,0.0
LN-025920,57740.33772006375
LN-005472,55275.03318564614
LN-024013,0.0
LN-001687,0.0
LN-012234,23933.77561393573
LN-023383,108653.12008735618
LN-005540,20558.53075161556
LN-011521,42842.12716779681
LN-004707,171346.40800287327
LN-025001,48185.59825053248
LN-004885,24832.238174810165
LN-021052,93469.06631570122
LN-022689,130019.98869775014
LN-016310,46508.367089619605
LN-005465,21416.153673047796
LN-014204,54638.69279116284
LN-013072,378.71347441344807
LN-003010,48753.541512710835
LN-012971,129832.20510196345
LN-002809,718.6161961455363
LN-004720,151303.92073998557
LN-005104,39548.87657618943
LN-022473,41420.60821093043
LN-020054,148771.4683568277
LN-018409,61430.89824493112
LN-006047,36508.7322380789
LN-019674,69592.20201464917
LN-026408,145764.56908476367
LN-007421,119071.09041445583
LN-023389,87377.50643982658
LN-021491,62211.12014403051
LN-021773,59420.172830925876
LN-021434,180985.1880781951
LN-023326,18046.785831672754
LN-011580,93455.60595535244
LN-014614,1233.9394014253496
LN-016811,0.0
LN-015554,101706.3377341739
LN-005914,17720.972952291766
LN-028745,0.0
LN-026529,29427.75899870649
LN-023599,0.0
LN-003812,85424.11897145382
LN-011600,147879.3160461994
LN-018560,0.0
LN-023967,47888.461537255884
LN-008962,256679.7355087831
LN-027474,920.0061250918953
LN-003090,40300.97136431144
LN-010086,79388.22735156995
LN-017788,44068.62299702732
LN-016123,0.0
LN-007933,140841.37241093666
LN-026592,177.78841253541032
LN-009213,179529.9927260665
LN-019809,206463.00312327757
LN-009519,85358.51940245973
LN-012600,339832.90019379614
LN-016755,34022.143833437
LN-001978,0.0
LN-002942,66192.71735180968
LN-026989,43395.970402781044
LN-007509,74307.79420970083
LN-003342,197316.51774405726
LN-027820,0.0
LN-017898,125648.58233199555
LN-025351,103682.97200414023
LN-023143,90933.47707028114
LN-017309,69427.33382031211
LN-028127,124825.27357176557
LN-023390,109489.62255675279
LN-016998,265389.7065393321
LN-011712,144282.41460764143
LN-020095,45885.61793501135
LN-012957,0.0
LN-004658,90458.9313635735
LN-018576,41846.467010518354
LN-023613,83888.12156989414
LN-019336,0.0
LN-020719,55400.06620269564
LN-011961,134.22350347174648
LN-008707,33912.998935064985
LN-025804,48859.04878750793
LN-027344,50266.00409831726
LN-003162,0.0
LN-014413,88861.58059127016
LN-026941,21737.029236314847
LN-011405,33079.39448087525
LN-025133,93057.00166958553
LN-007767,17186.885422403648
LN-012944,39.61217526392596
LN-007322,30807.644974394807
LN-016841,0.0
LN-012450,90509.4445818682
LN-010616,60554.47288438362
LN-001933,110017.69056564584
LN-008307,0.0
LN-006549,163243.94332710467
LN-017020,0.0
LN-000674,20485.841606043712
LN-019323,0.0
LN-001078,185353.5131972281
LN-028227,28863.6925696699
LN-014740,44105.882528852504
LN-007427,255380.42029379468
LN-002190,59200.90546421084
LN-009419,27799.989692912503
LN-004471,126158.38327225258
LN-009073,24673.62466274859
LN-009376,29244.695569626965
LN-006954,0.0
LN-017537,126976.74699098204
LN-007928,33730.38753488147
LN-008696,28979.55458043806
LN-014686,56969.69736622265
LN-017034,127069.99043041837
LN-009191,83473.7114553754
LN-012745,105308.70829733134
LN-008573,545.0626185600026
LN-002231,25399.328865996762
LN-027192,71671.99461743426
LN-010412,74351.04173773789
LN-015594,13309.780952308764
LN-024123,110326.48094626646
LN-018932,104068.13849316604
LN-015640,46457.199138941345
LN-003372,26862.162541639827
LN-012109,86897.46977523247
LN-011778,99835.38773275234
LN-023211,25475.074110483183
LN-020422,205131.96376860663
LN-027467,165026.85299775214
LN-023395,42432.48611096843
LN-000519,103011.49832820019
LN-020657,114041.05337582034
LN-017931,259624.76961236424
LN-007399,41717.64567814462
LN-005688,0.0
LN-016847,69905.6072590498
LN-018223,152133.65506774498
LN-017529,135914.39163816106
LN-027335,6827.618893502802
LN-024142,65928.74367381555
LN-022773,44108.38662787947
LN-020048,69989.77189971968
LN-014881,37813.70138810345
LN-024883,2710.3959967783076
LN-018494,52336.386695576206
LN-000720,128878.77629448407
LN-003529,89062.53997088573
LN-005179,191446.3128396644
LN-003126,38942.17757748057
LN-022143,280771.37420071365
LN-008336,62146.153919045035
LN-008436,147534.99442223762
LN-024057,88253.2608346125
LN-002956,209348.9074830352
LN-018243,95913.37174531029
LN-024116,1648.1876399186588
LN-018837,90905.76438931515
LN-024448,30057.255514890934
LN-013948,28.646477929834806
LN-013420,3711.369656954577
LN-012687,78052.70767486517
LN-003421,39722.47416848956
LN-006385,56035.40280372196
LN-029310,150805.14441541836
LN-022155,14802.986434207367
LN-011116,110925.86082969827
LN-001442,112856.86191945104
LN-003360,81995.15091366213
LN-006820,115673.8609560969
LN-011477,34151.47078631312
LN-003802,87020.90404391152
LN-027207,57784.34833812079
LN-005120,34440.39737670657
LN-015073,46655.600428729864
LN-010679,116656.65494819876
LN-028056,68070.13758091065
LN-010683,392.2498348850981
LN-007674,9217.531912023234
LN-024310,193063.39662406084
LN-019191,0.0
LN-026699,1423.658247737078
LN-025587,0.0
LN-023334,135873.18910502762
LN-018245,104.20325526998694
LN-008418,31739.513204931493
LN-010239,8136.970456102009
LN-012866,94128.38984418231
LN-013353,112696.7694819372
LN-023454,31229.079748337903
LN-004644,258642.36627187126
LN-009883,111204.26686511656
LN-003903,248676.6754453231
LN-007739,61616.5688888021
LN-006703,33132.29681509052
LN-014644,48148.79501492868
LN-018769,140995.4826952604
LN-002075,118159.29149216636
LN-005438,157153.6255152282
LN-014250,110878.76516777641
LN-004226,289176.21371368354
LN-021619,488.2599480395648
LN-022404,78665.48533543927
LN-002128,57559.12740403716
LN-008485,117378.24556250982
LN-013427,78970.27745254894
LN-004412,96853.03932919615
LN-026401,91295.39649709531
LN-016592,0.0
LN-001412,30516.517357097622
LN-024839,73863.56166109651
LN-018499,74264.27475096945
LN-011575,209084.8839747595
LN-013350,130067.143688382
LN-017522,95469.84519334989
LN-000592,88736.74417519152
LN-013967,14129.406038537089
LN-019203,161662.7013864352
LN-017972,161047.20202975586
LN-027483,118555.08602684416
LN-000459,210937.37388779674
LN-002906,61842.30045210763
LN-016843,80977.44810720808
LN-002613,0.0
LN-015000,100.04987906013072
LN-013511,2649.706764073517
LN-004905,70545.48967323128
LN-004489,212542.80037411177
LN-006114,63217.77590540467
LN-016089,95897.76897086651
LN-026631,0.0
LN-026242,30671.67184357286
LN-016067,132922.27630222146
LN-005758,213660.74712023197
LN-008170,127061.38234559506
LN-020185,43697.82701354049
LN-002450,74737.12759461951
LN-011234,33140.526579999445
LN-007236,122355.61157678379
LN-005022,111608.6717142747
LN-028644,0.0
LN-012400,2896.580976152391
LN-006746,98305.930791368
LN-003131,26808.360226387627
LN-015147,82908.98494072114
LN-008272,31773.423615820975
LN-010727,143453.41996725136
LN-015113,68901.44815348128
LN-001859,200927.81279084398
LN-002281,35481.17132951216
LN-023725,361322.97008480586
LN-017618,128582.50726534867
LN-004431,38739.32405427112
LN-014870,904.7070692032509
LN-009904,66298.00955378088
LN-005861,12390.700983448603
LN-023409,63639.804609684536
LN-026570,16931.050397178005
LN-001449,316889.75682307786
LN-006510,109363.21084379607
LN-007266,31457.51345420272
LN-020689,172377.5300333344
LN-018235,94961.70268678892
LN-011336,159350.3521624405
LN-015328,120072.06715674538
LN-002197,0.0
LN-028013,0.0
LN-014448,82074.99001286364
LN-019983,71917.56344672239
LN-005835,125082.61553647486
LN-017720,50304.03543487685
LN-010671,70570.4181098114
LN-002182,259.65184640999
LN-008942,100690.43923136503
LN-010043,127598.28118116224
LN-029141,66361.54479169282
LN-008983,131784.8519310115
LN-013488,14622.148800991645
LN-015183,67836.21133414903
LN-028064,75379.32675805595
LN-027826,29460.16183856441
LN-019681,44951.01392979129
LN-000438,0.0
LN-029091,109.08143236705945
LN-009926,204.21474113888667
LN-027393,152473.38851995382
LN-023768,149516.6871655248
LN-026789,46409.04067505919
LN-005676,93745.373498003
LN-011705,100079.39861030239
LN-005647,31139.740183900107
LN-027851,25108.25320022802
LN-022496,67346.87065413536
LN-029171,73413.67034897553
LN-013196,67794.765776028
LN-004944,171184.26887832655
LN-026256,0.0
LN-004522,32784.708257520324
LN-027578,39796.22224492228
LN-007000,0.0
LN-008260,142654.93345205608
LN-019173,83602.66922875277
LN-000918,0.0
LN-001686,750.7427871508161
LN-018436,52407.16804083092
LN-008662,164509.42389920139
LN-008877,0.0
LN-022636,35432.609130356155
LN-022533,194976.40131608947
LN-001425,191064.3382404108
LN-012512,316959.0358582155
LN-008098,1076.6069231721851
LN-009976,217707.14476830975
LN-024375,12381.819058151828
LN-003064,49096.06744991144
LN-023574,0.0
LN-026916,123330.6055710345
LN-019368,19042.034733487868
LN-013567,124381.48324400425
LN-021035,34674.88066569677
LN-023766,259.1826404444979
LN-010306,98427.3635082104
LN-021397,174372.45727567383
LN-017273,30885.52140973997
LN-007460,12633.15589431962
LN-012055,42651.38153725051
LN-012755,115869.86377334621
LN-010575,29979.504030112475
LN-002222,79284.34273998623
LN-007657,183091.25132675047
LN-003260,152638.11128817857
LN-019521,149253.1459369319
LN-020021,72319.29310184332
LN-025948,8746.61862717101
LN-001587,122853.5417791529
LN-028770,153695.1672488065
LN-007624,128891.632386134
LN-026119,59410.690243286146
LN-014782,39872.91386956858
LN-009732,190.78992100277296
LN-021309,97635.91892923857
LN-015180,131388.19752498946
LN-016578,282948.3303767315
LN-006766,36134.5276746335
LN-004854,38338.5171335163
LN-029015,99373.74765891762
LN-025943,62772.23973889685
LN-001759,166278.6675028838
LN-014033,58037.882488283794
LN-023773,156725.22407695922
LN-015983,20700.782136956885
LN-000893,71739.51781194468
LN-027484,70902.65856277593
LN-009836,49294.17682217331
LN-009766,71195.78306810584
LN-013009,76819.94171384105
LN-013525,146778.13931655505
LN-008061,41497.547922720194
LN-018473,133306.65509262754
LN-016724,86802.23919686976
LN-028239,12761.844208203935
LN-002482,32365.542899154312
LN-025728,81739.21706143847
LN-000333,54174.17928907035
LN-005789,69936.19843549634
LN-016372,26209.071219878417
LN-020181,31758.487345994683
LN-001230,108234.20841294315
LN-009633,194.49874150596935
LN-009779,99350.23245354423
LN-026975,67929.91217770273
LN-005470,75012.09208611984
LN-022615,155598.16033876312
LN-011256,75951.1181992867
LN-001043,69529.03667492181
LN-007379,140171.96578051595
LN-024044,35774.69486342039
LN-019634,8154.536266766111
LN-024151,72936.79283375891
LN-012537,50224.00106813955
LN-006997,0.0
LN-013211,107770.35218689736
LN-021131,126839.56344373181
LN-016100,148901.93561620754
LN-013109,126255.62534022283
LN-002579,42537.14158499174
LN-015953,61079.619686572325
LN-004961,36438.73066322951
LN-023136,27305.84509477477
LN-010505,34814.678639336125
LN-021112,31924.279559922044
LN-023021,196314.12152987934
LN-001570,80713.11580115878
LN-015689,39698.08765016602
LN-027883,0.0
LN-018397,119359.0043799044
LN-014151,18570.933991979637
LN-029319,133344.3928142722
LN-011796,189316.44265286886
LN-002712,237367.8427336258
LN-007615,48.50033449510049
LN-025697,92278.0346516523
LN-010093,73369.58331310157
LN-021468,34662.36796151007
LN-009318,89864.31617680464
LN-027286,20262.050665766175
LN-011723,51369.724875478394
LN-011997,1869.0710334690584
LN-012653,115530.94684341553
LN-028300,30385.71975697626
LN-026507,92889.01598964269
LN-023385,44373.38061254094
LN-021406,40293.52458155703
LN-003474,53155.838221550475
LN-010144,38565.03517354823
LN-020417,0.0
LN-002409,74199.31877318396
LN-025906,72814.62996645086
LN-014767,21288.581476956282
LN-010873,89292.61052904396
LN-000568,50914.3966005054
LN-017601,47737.67236377037
LN-001676,24364.319131857643
LN-028373,53711.20046426144
LN-014628,1033.0603835209838
LN-023379,68031.32618245276
LN-025062,60175.69724743233
LN-003775,91249.57820033477
LN-027475,462.1259871463896
LN-017157,94293.2819776615
LN-008077,45326.83574550924
LN-012999,80350.56688691225
LN-015130,0.0
LN-014231,61015.00101153126
LN-019835,73590.36517427044
LN-022741,194.21483152249436
LN-014110,134123.01771705772
LN-018163,25236.964185353856
LN-015574,33068.62910790052
LN-007693,102860.91008084126
LN-016013,532.752712330395
LN-016403,191242.2551380574
LN-023361,153395.6004595847
LN-020357,95439.9212401463
LN-027211,92821.17620201872
LN-016214,25740.85119087882
LN-027897,69068.33234919167
LN-005081,237894.33603092775
LN-006298,32034.419408147354
LN-017487,81101.4883141648
LN-003366,125337.79704352528
LN-002002,214234.9930654386
LN-021954,25232.367669622377
LN-013437,85754.40048477148
LN-023865,48922.48228687498
LN-012919,167398.85013840254
LN-022094,41292.65456948387
LN-029014,41666.672291197734
LN-001228,40739.3835756974
LN-018084,122292.40144717727
LN-012165,77533.27187445473
LN-020121,0.0
LN-000405,83021.21083321421
LN-004593,90692.30644369005
LN-027800,34405.56550995782
LN-021999,47674.80108249715
LN-012642,69382.97030882041
LN-022411,912.903223747999
LN-027593,17222.64156207123
LN-024109,33060.81681376039
LN-020835,0.0
LN-015506,120246.19038886476
LN-023435,90902.53356184681
LN-022095,52509.20264081002
LN-003387,83645.91757525537
LN-000659,80983.68056507414
LN-021461,0.0
LN-012188,1949.499034026173
LN-008779,27889.643778253154
LN-028403,58669.60726435276
LN-006044,102409.11140905257
LN-019058,111016.56286700649
LN-024193,90727.94720559838
LN-020239,67687.54153967054
LN-016082,954.3965610094507
LN-003332,0.0
LN-007537,106470.0486516135
LN-013093,67558.99736074806
LN-001843,203180.80998442226
LN-009949,155774.40043418275
LN-014920,60657.42478404795
LN-021981,97035.87259745075
LN-019603,74583.70598647736
LN-018981,0.0
LN-011209,0.0
LN-007448,98388.0331832235
LN-006767,110496.34865200239
LN-009538,41384.01984480821
LN-019033,72516.2957994028
LN-024492,145829.01322956177
LN-007046,162046.2916186945
LN-021701,154458.29589348633
LN-010696,103.56270704230799
LN-023583,11866.30912537812
LN-014959,109915.08663911062
LN-003448,78877.66530421842
LN-020368,155381.79738295305
LN-026394,136933.3318536192
LN-016883,48549.489846756514
LN-004171,47099.527027831704
LN-018552,21894.17076925623
LN-022517,79270.90989461073
LN-019540,149507.81952603097
LN-028321,116038.81250365106
LN-016805,118907.21026489405
LN-011353,93862.92802668226
LN-001537,197425.42380490096
LN-026557,42466.982749627
LN-006099,32453.068540311426
LN-012716,39.36474937526267
LN-019868,195455.68048605174
LN-004977,1182.575143851179
LN-007035,35223.61205073941
LN-009758,45260.5737903641
LN-005696,132854.40123543178
LN-020825,19683.572504810003
LN-023914,68666.99174861872
LN-000502,50914.934266253724
LN-019090,113775.23090093704
LN-022806,31587.62601452739
LN-006745,135668.6694288078
LN-016023,1264.5314627801604
LN-012265,0.0
LN-021431,0.0
LN-006208,82172.7106718957
LN-028769,35127.66018128871
LN-009905,71.94694903356971
LN-007424,19940.35834082639
LN-012932,151667.4434102436
LN-009093,42496.19503909523
LN-001709,22111.922331987233
LN-023195,59573.75428085692
LN-013059,98437.03012983248
LN-024391,0.0
LN-015836,90149.91103495029
LN-000958,37697.00421688959
LN-013589,66099.83618950844
LN-020768,36229.07755146694
LN-001982,95255.44077815344
LN-020055,17837.78097605106
LN-008483,102140.15489432937
LN-008021,66156.60733852135
LN-004813,198260.6918113583
LN-026647,52229.028580774924
LN-013321,78882.85396850236
LN-000054,176841.19492853258
LN-028815,87052.63731851106
LN-013866,162717.05447658393
LN-022541,60440.28228848196
LN-018345,6296.819574210537
LN-029255,86640.79460412764
LN-018794,61162.63160216198
LN-028672,41795.37055949675
LN-015945,265679.74418567296
LN-027121,26937.660902980726
LN-009002,70928.3598988005
LN-019361,59317.06318550061
LN-004358,69.18596220535383
LN-004928,30702.957870918177
LN-004311,70997.40687142011
LN-022637,113796.33201881779
LN-006564,196214.81987202863
LN-025445,777.3811436272341
LN-027908,248220.74779674457
LN-005980,108963.71921682291
LN-002146,38032.746252414814
LN-009977,35381.083900425096
LN-008488,129663.77558263401
LN-019866,80812.40861984783
LN-009605,49075.30446718358
LN-022300,91778.1438536672
LN-011420,135295.01288499855
LN-006200,30465.200728001073
LN-010546,48911.7597824041
LN-014444,889.2467739533981
LN-005699,173746.84395418692
LN-015303,75416.28665283127
LN-027601,93470.0352937047
LN-028995,101519.74630221492
LN-015231,94178.05403389498
LN-020923,36.261436473289685
LN-010690,77064.56316353341
LN-024500,7130.6919885739235
LN-005924,110259.62094085001
LN-018100,109434.74451428113
LN-027466,258960.94540156584
LN-015155,0.0
LN-004490,1061.2973443147848
LN-027879,267509.90665686916
LN-020685,75232.60525869197
LN-011880,35821.36901865232
LN-006513,68027.25822417715
LN-019655,52622.328774621215
LN-015270,126916.62572062756
LN-026908,83769.7643824817
LN-012950,18119.085238786705
LN-023099,142.8313208221358
LN-002943,88698.12955153943
LN-005705,63332.38274512574
LN-006496,144498.16606908003
LN-012774,137868.21458771237
LN-028536,178751.08202245436
LN-001012,0.0
LN-012434,111070.33178919928
LN-012513,8777.092588767146
LN-000534,33705.64847160192
LN-011105,46374.85704189436
LN-015297,112136.34987797315
LN-000698,134.65640984607674
LN-008380,26.495933450030382
LN-000097,41972.46294832049
LN-016297,0.0
LN-001252,88321.61021531429
LN-002558,88178.55770140428
LN-014069,38701.35277687664
LN-022506,42992.45569592336
LN-025187,21130.24759836812
LN-026920,72649.92740078169
LN-001985,52944.88251385321
LN-027486,163617.3153845043
LN-023122,30440.888307704987
LN-022339,0.0
LN-013723,168493.81720982277
LN-017872,107477.71148573975
LN-023102,135478.78925410696
LN-012229,141085.6713355946
LN-011608,18566.755404641703
LN-020712,2210.6752473585357
LN-027950,192666.74914226212
LN-005016,0.0
LN-008208,33143.97988665197
LN-024485,75227.87687339884
LN-012038,176909.49445440242
LN-027790,49833.17272358094
LN-023894,120108.55949384307
LN-023969,293609.4672503623
LN-018772,48187.74568264922
LN-007706,1573.9754269612365
LN-004844,0.0
LN-004819,22503.197524300664
LN-003558,9281.95775545782
LN-013476,33473.09049369105
LN-001941,34518.33527907303
LN-014746,60994.178387107364
LN-023752,90708.37359750853
LN-011200,178804.0486393043
LN-019133,78393.73405771225
LN-026537,176708.60211056177
LN-022613,82994.06937588638
LN-002867,55400.2550018184
LN-012244,476.63841715366834
LN-019570,43229.37750236898
LN-024480,65268.398757970775
LN-023714,23456.661098357312
LN-006932,0.0
LN-015131,59578.79328489824
LN-004910,201220.49482186246
LN-014138,59968.74566762439
LN-006528,0.0
LN-001467,62506.25787055088
LN-005995,70532.35522156653
LN-018092,26796.397018983553
LN-017616,104447.0032069117
LN-018597,216.1424059468762
LN-005382,28773.424181194732
LN-026598,41190.516497354976
LN-009179,92677.76902289613
LN-000306,51020.23931330193
LN-012819,72260.25580960765
LN-022957,63550.28563591532
LN-001359,154908.55654786405
LN-011602,143671.6323463428
LN-026887,1245.1568397906171
LN-010651,6597.2554615481195
LN-001432,33679.12276516535
LN-001071,2555.4955322349783
LN-004745,54147.24041741575
LN-028177,0.0
LN-011001,41058.67852472189
LN-019840,1868.3848732924355
LN-021048,115810.03981513012
LN-023533,162807.73446559615
LN-025640,72062.73800339737
LN-016871,244452.14393589555
LN-002135,47150.44986004026
LN-004294,245467.58417395022
LN-029114,0.0
LN-013120,30317.11493521048
LN-010087,64462.5637670091
LN-002667,64952.25935210726
LN-029217,118604.48761203304
LN-000168,100246.31198923319
LN-018312,0.0
LN-011998,22056.157075346884
LN-016584,174.01355995501797
LN-006991,28326.31816464596
LN-007167,30884.205938270985
LN-013765,58481.95700968868
LN-000129,66543.82123653608
LN-009039,124466.18083363575
LN-007971,90270.53397119645
LN-012931,29832.006069300984
LN-019847,45276.613292271446
LN-028578,161181.11809897592
LN-010297,140113.3495675347
LN-011357,52927.39877391802
LN-018608,34371.805838777436
LN-002597,15.14380562472167
LN-016663,0.0
LN-018789,66860.90746923484
LN-005216,26338.66037461499
LN-019791,38949.516909498445
LN-023644,71292.58253591659
LN-020939,38696.30455338349
LN-026526,318909.4187977821
LN-007125,151789.65279582966
LN-025561,58590.52369201984
LN-028906,148136.22561511977
LN-017197,40637.750968638764
LN-013469,811.7149295114205
LN-023621,95765.41585071574
LN-012340,0.0
LN-006824,637.0056655215552
LN-012903,67039.59804370142
LN-021767,62524.58818790403
LN-014849,126016.63543681904
LN-023503,287.40844620329403
LN-003905,3121.776728271177
LN-018819,66983.42618700137
LN-022163,0.0
LN-005555,44316.811951440584
LN-001363,46889.528921768535
LN-005713,87354.67016811564
LN-015593,37626.167781715725
LN-010156,111082.37995866787
LN-009755,102348.97325893666
LN-001210,120904.2914652769
LN-001767,826.7688258577874
LN-016173,27566.034850227607
LN-016585,62518.95225572409
LN-021897,61840.83061571199
LN-012392,70251.4866807454
LN-028117,40663.22007883087
LN-018575,177160.36466443338
LN-003523,61794.97510538351
LN-001317,98349.74622692562
LN-018238,181821.48347416212
LN-027833,123857.68662497657
LN-004679,182.58982192505638
LN-021026,62.09508429156571
LN-006685,36895.49411356427
LN-022935,85425.61726481999
LN-017814,0.0
LN-016539,76576.61668678952
LN-012638,155331.19232709464
LN-025387,0.0
LN-026234,45464.3966982132
LN-005883,64759.49244273072
LN-004922,834.3890903715687
LN-012286,53300.23581965305
LN-016102,37349.58023032555
LN-002068,24209.533200099486
LN-000737,59501.26706728538
LN-009776,281541.2982660448
LN-024186,146579.584994916
LN-011939,31975.00767387536
LN-026022,74499.52096494756
LN-027531,139498.0984213322
LN-013060,194015.47763566108
LN-001338,194640.1938468632
LN-021469,29213.729750937877
LN-015272,117171.13449530987
LN-004558,140871.91341507089
LN-009936,41301.82030724673
LN-028598,61482.35341025215
LN-006621,38284.31270987672
LN-007558,51071.618582275034
LN-026277,143974.94075672884
LN-022594,111983.17580733259
LN-019170,15506.104374482655
LN-020780,258246.62498202757
LN-015671,74536.97218280892
LN-001482,27482.9430602416
LN-024849,65476.1221174376
LN-008649,36878.82895683232
LN-020704,34183.65474688549
LN-013171,21557.922065750383
LN-012000,291054.86427381285
LN-012360,23.661558017188536
LN-003130,99283.95185737584
LN-012364,35665.9554397516
LN-000383,257.09500730701114
LN-019679,69660.13329202183
LN-009227,210381.9478424627
LN-026923,36708.105299782896
LN-002549,26399.95666791968
LN-018877,159924.96348232802
LN-019739,54584.07672967567
LN-024005,90289.87069183399
LN-012033,13023.045711611714
LN-028850,77849.55987865865
LN-003464,66782.94987313634
LN-006141,56527.093577647465
LN-018226,67700.23259553792
LN-028074,172469.42671399063
LN-020482,143642.06860255948
LN-001420,152878.0282177035
LN-019501,23504.93802457335
LN-021744,24071.007989973412
LN-021334,27717.63132065388
LN-027680,36182.05152889431
LN-007042,310.24710258325945
LN-023419,1331.3053280490947
LN-009952,161733.80981354663
LN-021275,23040.061482150384
LN-006026,222037.0279181912
LN-008685,23282.129023190835
LN-021789,105242.1356424979
LN-003112,20795.422585378266
LN-000476,25540.81945118036
LN-012863,31327.64092041243
LN-018216,39612.96880081303
LN-023180,132320.6184613394
LN-017250,14018.57748862682
LN-019440,89873.80756759776
LN-025698,125090.88708243414
LN-010257,49793.4943333163
LN-013039,166847.34885508262
LN-003227,57068.69478742882
LN-019324,123348.1690934746
LN-020406,43398.04156404155
LN-012387,29533.92725560584
LN-000085,30941.855641452265
LN-017614,65117.00565701447
LN-012568,40799.76677778309
LN-009270,99038.98131829301
LN-016939,21.471498452258412
LN-029227,124591.55552095486
LN-022320,78414.67737343287
LN-019691,4631.897318921661
LN-004895,61110.09362985856
LN-007692,109171.69861142094
LN-025123,34333.551258527754
LN-023922,67200.12350871411
LN-020991,110993.77992532175
LN-019188,77263.53331645102
LN-021232,44882.1523100449
LN-017991,268.2938513391167
LN-026165,122969.45761996388
LN-029076,208908.45108836936
LN-001656,102441.59742472955
LN-023983,144329.60934095323
LN-025221,32240.001714792772
LN-017957,73331.1260252109
LN-021588,153886.14564089465
LN-008462,120262.88670692507
LN-014457,25050.040435212315
LN-013430,39464.99044835045
LN-002267,158915.02371481378
LN-019353,440329.5439291235
LN-005732,56074.51828270681
LN-009806,146907.46084868757
LN-023312,80130.16443447833
LN-014752,0.0
LN-019053,24863.915855843956
LN-003820,44950.341883905676
LN-024583,314892.55956623494
LN-015372,36132.9589249022
LN-028319,298302.10804747755
LN-026192,132936.33908697532
LN-005126,33485.04830993047
LN-013246,137263.579507446
LN-020901,0.0
LN-021872,113428.76787209319
LN-019516,0.0
LN-011131,62004.55608788952
LN-013901,38167.907234681676
LN-005320,0.0
LN-027728,164117.23418068927
LN-024993,189669.01570522488
LN-009865,229.11855215327768
LN-000967,0.0
LN-004872,215723.8440786496
LN-028505,0.0
LN-004435,146393.27577205672
LN-009374,62033.222855907305
LN-028901,27869.068241306322
LN-018214,774.9315502728782
LN-008820,62089.533263559235
LN-020857,64555.05402289823
LN-027163,0.0
LN-028493,88214.90265674597
LN-006463,6343.292145905914
LN-020113,9638.954658470135
LN-004677,86481.82814328595
LN-014883,52095.394023743735
LN-009239,33643.48955618466
LN-004020,89199.68115921618
LN-020572,243662.82329400053
LN-012913,2587.6997922336286
LN-019096,31279.05642607334
LN-000707,152339.52427172472
LN-020461,16401.14612123664
LN-021533,69278.16639376167
LN-023424,56679.296673883444
LN-011323,146829.27293514952
LN-003978,59944.59068654265
LN-028871,79540.85760166176
LN-013137,399.1515854436573
LN-021665,102761.66536332706
LN-022149,174306.7994084367
LN-022944,36639.59993044565
LN-020468,139.95288638443714
LN-026624,66185.20753850086
LN-028845,136307.65366412813
LN-027501,171166.89190216732
LN-003156,448.8333750684802
LN-017320,69528.06086400249
LN-029109,42081.151024292056
LN-023751,164605.7671577157
LN-010904,23316.18127327013
LN-009159,10308.437209704789
LN-025238,165613.03461926954
LN-009461,79932.71601684623
LN-027683,212.65859922564144
LN-025744,0.0
LN-026078,154499.87433425555
LN-011915,9942.99995902538
LN-022497,69742.17158813021
LN-008883,137893.32893349614
LN-018262,137.48819151052203
LN-000462,369.48096685686426
LN-027291,40601.19666091772
LN-029063,80537.77062004078
LN-026413,67117.8908365866
LN-012458,58542.19164247937
LN-019707,36650.72967697967
LN-000539,49575.68972901007
LN-009626,164120.59850537247
LN-020071,31790.558874565668
LN-000965,70107.16400782015
LN-003265,115284.87445887658
LN-016952,0.0
LN-001055,40315.940139198
LN-028060,135889.61260287918
LN-028313,1177.5651825909806
LN-009144,211257.1902146881
LN-002608,41089.43093285511
LN-025693,0.0
LN-018968,104106.88223128542
LN-001095,23627.92976023825
LN-008415,96696.80859370362
LN-018807,140740.44865578698
LN-012192,58264.17587488734
LN-013165,107457.79312222228
LN-027784,201545.62548266957
LN-026201,399906.45231399545
LN-012861,69.74029565625514
LN-006637,156924.24970103445
LN-021270,90480.7687106685
LN-003036,124008.00659492721
LN-009894,148215.26269950886
LN-001112,233022.14908900295
LN-023700,115182.5801975224
LN-005640,8550.623258671358
LN-018317,53126.84026186254
LN-003755,411.9761426076657
LN-029224,109113.54400536726
LN-011760,537.9895867533086
LN-022384,0.0
LN-027204,23307.145287988253
LN-026946,7855.301240710788
LN-026238,283.49224450197744
LN-009049,0.0
LN-028014,65571.0699973734
LN-029307,10842.403346566049
LN-029288,37030.65327780881
LN-011524,26669.178244705323
LN-028970,51142.59809154051
LN-016647,96026.56839266575
LN-026972,81330.85560378508
LN-017013,52455.07948719452
LN-026563,77589.26634678157
LN-026938,40210.08363633706
LN-027128,31101.98685427658
LN-005947,57459.44838202797
LN-021449,31543.4229104733
LN-013628,33327.63456767722
LN-016010,32953.96111979451
LN-023020,51711.4717608455
LN-026426,162752.10159110263
LN-001548,83622.26388488559
LN-015053,54895.65135839902
LN-006157,83422.88250039384
LN-002761,68414.25791133524
LN-020358,13725.702197949804
LN-003505,37297.8135342107
LN-016973,44824.592606627855
LN-026465,137322.1074429466
LN-027183,129388.87024647283
LN-019290,138271.27681162392
LN-026485,166869.66210511472
LN-024994,75640.05956634597
LN-028663,33729.66795155157
LN-025012,53388.96422334221
LN-018540,34339.23477643492
LN-008334,44377.19039903887
LN-006478,79321.12987790124
LN-010304,130737.66425684055
LN-017714,34103.23198310734
LN-018213,98106.78088444461
LN-004160,69048.68177743512
LN-002459,60617.1789313736
LN-021889,104252.35312722079
LN-009055,40004.670903183054
LN-027762,21666.106366650798
LN-012228,124066.66595610573
LN-000650,61707.69954210998
LN-016099,26899.896323600573
LN-000205,41588.45143987586
LN-024625,100460.16526058504
LN-006150,156391.94122009474
LN-010375,41562.789808731155
LN-003756,36710.000458399976
LN-005240,59516.77571619577
LN-025599,65286.543574972726
LN-014290,162260.2990991328
LN-002044,44808.066616035045
LN-019387,0.0
LN-024697,10715.422857554597
LN-003113,26308.456400813095
LN-008386,83565.91226105446
LN-012380,0.0
LN-018548,17770.55998791467
LN-004563,40833.84062046687
LN-026105,118070.8402672214
LN-016532,84715.92177043068
LN-016651,36828.53526063847
LN-000941,0.0
LN-011230,48441.46133534928
LN-009898,64512.915689732865
LN-009391,105531.96335117728
LN-007700,27388.873165420882
LN-016613,51721.57803487989
LN-001515,66806.45509300461
LN-024660,101296.70977590208
LN-018567,81264.06587103641
LN-008464,0.0
LN-008679,101592.6198069516
LN-007384,0.0
LN-011415,50149.914503178516
LN-028228,118784.62795882073
LN-009548,150838.58739360655
LN-004888,8685.133005227159
LN-019503,0.0
LN-025656,107051.22902166283
LN-012876,14882.469031097002
LN-017662,67716.00733453975
LN-014680,60291.79966876357
LN-006684,130036.5719616485
LN-010887,86990.85183819417
LN-022106,48024.481951265945
LN-020599,181255.2939612435
LN-022383,40535.51510526884
LN-024114,4064.3585164230694
LN-008413,0.0
LN-000761,65802.8694549688
LN-021828,47139.934328062714
LN-013940,0.0
LN-018537,165928.43207995093
LN-025544,0.0
LN-009322,47222.63442389255
LN-007354,0.0
LN-009333,135084.09562782547
LN-028129,36447.742098022165
LN-003351,100683.09690203895
LN-019258,0.0
LN-009178,25355.406025472726
LN-016147,28904.403636626346
LN-025551,0.0
LN-012041,915.6765415617459
LN-003782,44522.3341307848
LN-002105,35225.49356266747
LN-007350,0.0
LN-004524,96365.13482571855
LN-025628,193426.97734501422
LN-022644,118316.92922513088
LN-005018,101861.10578753009
LN-028173,28214.533302208045
LN-004897,19605.74976941829
LN-023743,24112.902190423643
LN-018154,89653.5296167679
LN-028305,23329.612632081305
LN-021909,1330.77613832442
LN-008604,117884.74209244266
LN-022358,7947.123873045982
LN-027737,27893.01159417212
LN-017341,103603.80498322747
LN-006442,99281.69417659739
LN-017723,89787.48666174924
LN-012850,227923.03489066346
LN-014313,191098.6158868494
LN-012560,144736.4518132719
LN-024888,33450.50995958785
LN-009740,119657.51681497676
LN-027236,34014.766322776944
LN-013996,93885.73900150198
LN-011657,18551.68524587385
LN-015300,33425.870054428306
LN-001283,82676.78209101762
LN-022397,108658.29672449817
LN-006168,79672.62083912297
LN-025898,25008.21314312586
LN-012473,160468.50728623976
LN-015780,82246.55163883629
LN-018670,63445.00196959448
LN-023611,175703.52089700478
LN-025076,129697.14706007043
LN-001056,65172.37185591336
LN-006734,59759.75686703427
LN-024537,174771.40645586397
LN-029193,898.6794569214812
LN-013843,50589.029504496495
LN-025150,152.5470867325895
LN-014374,177572.4415357815
LN-026870,41161.09399363784
LN-014449,247636.48073131606
LN-015205,43264.33200508859
LN-005670,47423.49095175804
LN-001187,188944.64044931508
LN-007985,200884.79194398486
LN-002935,133552.86153770157
LN-015394,49602.30405130571
LN-019342,135619.69368326865
LN-019843,104459.61868770552
LN-024717,83116.52781041317
LN-019109,38817.58786950632
LN-022748,28100.752214592256
LN-025764,88037.89337506669
LN-009489,149639.45263975955
LN-016683,17431.931358168604
LN-005432,227666.66127335365
LN-025329,0.0
LN-010835,65123.51590204213
LN-002515,2931.6458872655608
LN-011579,40323.84246781162
LN-016499,107745.8608129106
LN-017107,187530.8716214856
LN-021796,29995.84014763494
LN-004931,16381.464785353803
LN-014226,63371.830883561706
LN-022708,38741.68814608723
LN-012666,39498.88500948259
LN-022713,42532.67195986777
LN-029250,103707.22477132229
LN-021785,89621.48785439898
LN-004766,136381.98623374544
LN-020220,67.6195938468119
LN-014017,27058.56544303617
LN-015806,104743.26970603787
LN-017823,133399.47076679862
LN-004207,0.0
LN-011936,140845.45561291772
LN-004881,63010.193268734314
LN-011066,46799.514309551894
LN-003326,34166.04478959873
LN-016507,136.200779876147
LN-017916,21100.13462019613
LN-025209,0.0
LN-000162,35430.2392119512
LN-026274,77762.74606895096
LN-023851,94219.43930151878
LN-001224,218300.95929328247
LN-019954,85256.29049946296
LN-021188,144861.46540165073
LN-018727,51729.63852795194
LN-008146,166378.05329900119
LN-007325,91266.27536385218
LN-026447,34228.79911455237
LN-012394,51629.5105419511
LN-022311,29232.571848733412
LN-009479,48305.4826800436
LN-027565,0.0
LN-009165,73936.94947772029
LN-026449,227881.18988261177
LN-016152,124079.83916488645
LN-027734,205.8942100362448
LN-016874,54859.61467382865
LN-012191,109067.19048624074
LN-006438,264749.4948692252
LN-009407,77024.17625041046
LN-013372,50234.427377320106
LN-026033,60591.63780903713
LN-006101,0.0
LN-006462,58890.81718319419
LN-018332,37995.529373223835
LN-008236,109222.54591685682
LN-022938,168696.37189420173
LN-020080,34515.36738789117
LN-000971,71105.67750923103
LN-023916,15836.022367949461
LN-006858,134094.4947336862
LN-014014,123354.15027297166
LN-007575,70083.47257840534
LN-012200,30170.966711621462
LN-021006,55827.890331058974
LN-001649,24289.43731113885
LN-010080,0.0
LN-001299,185885.94876669295
LN-011395,91326.1525173578
LN-014653,98660.52553050038
LN-019465,160436.91322777802
LN-012806,127394.68546123304
LN-028237,92997.20134293122
LN-016203,89460.08012113147
LN-018704,67866.21494316221
LN-021673,0.0
LN-018196,86167.34508672508
LN-000873,6524.745784614572
LN-010968,61789.6817372701
LN-019419,187093.4427920729
LN-009416,198.5526087868416
LN-000127,95494.70459139846
LN-001270,128442.34914117721
LN-018838,40992.750726669205
LN-001562,0.0
LN-012053,86462.60381308554
LN-007349,68316.12884004248
LN-011494,54023.674688909494
LN-004342,112991.08012306178
LN-025068,78305.01880602936
LN-020269,48074.49668856028
LN-027989,0.0
LN-009896,22116.292440754572
LN-009498,0.0
LN-020020,64471.835728581755
LN-010197,53518.182599737316
LN-006316,198585.8191935088
LN-020464,72951.83834203435
LN-017216,0.0
LN-027310,0.0
LN-014590,99044.37021719443
LN-026587,167.66521713203863
LN-004260,104100.57075661172
LN-026467,113806.48534574674
LN-017834,69795.96903688963
LN-023073,106119.6001215828
LN-008824,124467.55036585471
LN-005055,26396.393986659645
LN-018149,96819.97176700797
LN-025887,55927.11627279487
LN-006263,57587.827347382765
LN-007546,15985.240107575153
LN-017962,102964.83053391863
LN-013150,76152.07964365865
LN-007929,108323.17838165934
LN-014100,36294.06580383873
LN-015014,81224.81862970692
LN-027352,981.2499852313287
LN-004891,0.0
LN-029265,208939.10184963825
LN-029264,76115.88558571927
LN-004545,267238.97820849804
LN-018534,715.8876387602885
LN-007011,57182.229817566775
LN-000524,213020.26260531414
LN-017575,57080.5239063676
LN-007218,62697.79929342271
LN-023467,63.203010671951056
LN-024910,38187.78278157165
LN-000380,176257.42644520235
LN-009409,22702.5715514798
LN-008331,319407.9738287488
LN-021543,0.0
LN-012043,0.0
LN-014023,54574.78520484601
LN-014466,28779.47678157751
LN-027039,255.118640545542
LN-010141,56950.67456968226
LN-000512,0.0
LN-017926,87858.35984796307
LN-024380,54589.820432592285
LN-012125,57714.08438366116
LN-016534,39063.83780796131
LN-027918,60784.861589510154
LN-005446,0.0
LN-016467,192596.19252977523
LN-009705,74943.61054358145
LN-010472,85788.92123215018
LN-008030,66899.35613732492
LN-007878,52608.30668137984
LN-005054,49698.293095120214
LN-020954,13795.764596897794
LN-020883,74141.45499558745
LN-009263,13550.279665389831
LN-005107,60649.44187956405
LN-003709,477.03021255938376
LN-021912,0.0
LN-026681,73233.90040395228
LN-013352,273492.0260135454
LN-022361,96630.6795731658
LN-025202,55968.903994880726
LN-011496,0.0
LN-007777,31549.837635823398
LN-013078,149565.4979721031
LN-015088,0.0
LN-020862,21384.037519768124
LN-001549,78019.50572912263
LN-007064,116243.89122372583
LN-017301,94981.90183795289
LN-002178,10895.612724678022
LN-026691,58312.02106436914
LN-021786,926.8821867549085
LN-011271,20269.977372602152
LN-023244,72316.7158892476
LN-010944,34807.59750894882
LN-007304,227951.79781355726
LN-029110,92145.28705217649
LN-003008,81721.45507971273
LN-028154,36393.31359079684
LN-022775,163442.71813262335
LN-018687,34416.51880438229
LN-005317,160944.9453390257
LN-029234,104020.59795655584
LN-005897,42834.53492496793
LN-010076,241752.77538672727
LN-024052,835.3265648306202
LN-005417,203776.20904003188
LN-026082,201657.76325814493
LN-017841,35195.886108172206
LN-008474,218376.63401079547
LN-011051,274.26297167750306
LN-007526,177049.89888038984
LN-010914,40623.144831053185
LN-016596,70485.11866125853
LN-002736,45985.21053497042
LN-019527,52865.02683182127
LN-019914,197428.27477105116
LN-022782,99273.47657695775
LN-026706,169248.63862216086
LN-011878,231691.18123680184
LN-025646,112746.53440904335
LN-029299,0.0
LN-003989,217871.48239394024
LN-018230,32564.49442032863
LN-010358,70340.25120937276
LN-003652,60604.77738426026
LN-005749,30393.26745215295
LN-018650,134949.25726685266
LN-016801,0.0
LN-007238,48998.46989377756
LN-005445,60141.137624309755
LN-026738,72864.82421850134
LN-022273,66898.17000723394
LN-026128,184016.67332961748
LN-002967,45849.950890781605
LN-025934,0.0
LN-022457,110447.55466777865
LN-024416,13364.980530934818
LN-021485,142219.76170763833
LN-008502,72943.7688204133
LN-002064,231237.83997539565
LN-021547,58921.46494286516
LN-004331,2964.1348113617223
LN-008940,162750.27435895675
LN-001160,127836.92661860982
LN-019460,49909.9656960254
LN-009928,0.0
LN-019430,0.0
LN-002056,238010.45475203524
LN-006518,174307.48062231828
LN-022270,35578.63362197378
LN-006842,181903.74366598346
LN-022051,128503.9843438733
LN-020204,70560.2411143261
LN-022705,61605.087453259446
LN-004599,0.0
LN-027063,120027.28331175145
LN-018435,53886.60007050142
LN-028343,250318.90655543795
LN-004697,43299.35611195141
LN-005790,125274.40140079438
LN-017131,226105.98256692893
LN-026728,226212.36985310164
LN-014635,43520.302471696785
LN-011278,61611.551524080365
LN-008060,29.056809216229812
LN-021551,66833.75553945889
LN-018986,78890.55017323395
LN-010439,30852.406936416075
LN-002792,12934.205856701634
LN-027014,0.0
LN-025474,64816.834830387605
LN-013361,65262.59153825269
LN-019984,31860.91923668998
LN-020692,109945.91831953973
LN-027416,81343.65853243659
LN-008912,43245.84484499573
LN-023918,57052.32965142039
LN-023043,502.55362699545793
LN-000376,109991.8748098365
LN-016616,47596.51524593229
LN-001108,0.0
LN-025894,8576.358595613949
LN-014703,108975.48445754508
LN-029201,24284.21897528039
LN-000425,55.011915552029535
LN-019854,56.701139236533244
LN-029238,39832.96609584485
LN-025069,54800.2752588353
LN-019136,72050.91780341852
LN-002732,214113.19166980166
LN-028027,111601.22482802562
LN-009530,91279.05508444796
LN-006717,65371.02229601675
LN-020180,0.0
LN-010435,23377.77338029268
LN-001441,43842.66345049067
LN-006406,117491.27910044079
LN-020053,97390.25089687166
LN-010518,0.0
LN-001226,70364.48733465471
LN-012071,62912.98642128911
LN-023241,286358.7700900461
LN-029162,0.0
LN-010019,72068.00185593388
LN-015921,177653.49098544713
LN-016337,60853.37265839498
LN-000846,142559.42267005006
LN-002426,52665.90667223736
LN-015687,86192.91827494059
LN-020130,37029.45030381249
LN-022739,51690.19550813683
LN-011203,107623.96328721102
LN-004754,27003.43227851782
LN-002077,198.04193424292419
LN-001003,69717.98455517874
LN-021304,34396.2366542345
LN-028268,0.0
LN-021274,84633.35894249938
LN-004454,132613.41896337454
LN-026194,221026.97571915155
LN-016705,118803.38911827326
LN-004330,530.1702134083347
LN-007408,112464.81382281339
LN-023441,337404.4252567459
LN-002221,196254.0218841055
LN-016631,37674.24675379579
LN-029132,106104.83989974287
LN-009256,124495.60017048902
LN-012446,112393.49621693123
LN-022340,129168.53311053723
LN-004737,29087.66840899357
LN-006623,15486.055458410836
LN-020609,0.0
LN-021919,47650.29523225418
LN-002603,100138.0503002295
LN-028069,1395.415727408316
LN-014468,456.3920439467251
LN-015423,70809.09437250084
LN-005490,73228.69704312852
LN-014516,269139.92971534043
LN-010667,137135.07421377575
LN-023341,44934.9143823549
LN-007453,82701.4852093429
LN-005253,267849.3184373788
LN-011156,65479.52230381511
LN-026524,38783.185875706185
LN-002444,33831.88737233071
LN-021342,144451.42874713658
LN-001516,18098.41710978396
LN-001523,71060.04551944257
LN-008955,0.0
LN-010685,69412.67992686717
LN-005635,228432.66070714663
LN-019568,58395.98243889964
LN-008985,28536.263764936244
LN-002581,44770.37139481168
LN-022727,92433.97065387199
LN-011403,108508.03437335753
LN-000778,222503.74960917298
LN-028342,75581.59647028639
LN-023684,51318.29118471063
LN-021659,139361.49312855903
LN-020138,145385.04808038013
LN-006573,82257.27829869631
LN-002117,238390.5913683135
LN-006452,23455.300221251608
LN-011618,153322.29040983794
LN-005799,62073.81938117333
LN-009837,59535.15799410141
LN-022752,76803.27396756064
LN-003456,222936.51128407122
LN-019509,242457.23324021944
LN-013094,220566.67071452414
LN-025567,0.0
LN-021843,73505.7163952231
LN-003698,295746.252003345
LN-023717,0.0
LN-015739,130903.21452378502
LN-003123,19516.985194840763
LN-016302,235464.721598603
LN-005062,64636.94768674792
LN-013014,222.1937440759662
LN-013955,0.0
LN-007567,79996.05821959059
LN-003418,111556.23049464198
LN-020473,0.0
LN-011248,67391.74267400982
LN-009424,92171.52533237878
LN-011360,0.0
LN-004793,95010.54732786206
LN-001890,491.2788058680248
LN-008370,20103.22081981078
LN-024669,58567.91056731631
LN-029013,0.0
LN-026453,166529.21934880098
LN-003920,207493.3307639433
LN-013754,259233.27340875947
LN-003478,0.0
LN-023111,113732.53846833335
LN-020394,112185.3866366716
LN-009026,238598.73533215237
LN-027041,25083.13338437906
LN-027457,66254.80202840432
LN-026945,114434.16004771218
LN-025309,448.2795788513988
LN-005899,43116.94664823643
LN-015352,33558.71219751217
LN-001799,28662.008707833593
LN-001082,89159.7396370079
LN-020793,46470.32442424195
LN-002763,124037.81645926644
LN-001313,16444.401339661643
LN-003551,57999.35688449166
LN-001885,588.847793787963
LN-012787,23337.59974653463
LN-010672,101145.24079938275
LN-025006,68719.64586804458
LN-027383,0.0
LN-015837,66700.74005475889
LN-003716,36498.666708352874
LN-022211,21171.553138833024
LN-018089,128093.79516677011
LN-026462,24111.995789798322
LN-009749,0.0
LN-008276,35460.0491669083
LN-019128,146552.10267749964
LN-008617,19545.98619330624
LN-023544,65840.36162838365
LN-010663,0.0
LN-016913,691.1261751123974
LN-020432,55442.20323760177
LN-000029,74290.60334735789
LN-003804,81713.6374821276
LN-023593,85855.73449986703
LN-007733,57061.19858804046
LN-009775,153133.03688315296
LN-001888,0.0
LN-023632,40034.53316325577
LN-013713,43088.688308642355
LN-005526,50041.40358706197
LN-015904,73163.55719271417
LN-003393,0.0
LN-022135,25968.02016857471
LN-025051,20473.816147404297
LN-010612,76402.35149848045
LN-003600,189364.99406178354
LN-000769,0.0
LN-009361,76204.4401173103
LN-012778,84549.41991105188
LN-012640,186752.06541508427
LN-026652,26153.03501821595
LN-018014,297.3962057804974
LN-003400,97814.50206911718
LN-000933,100025.31435898866
LN-022385,142444.40338548552
LN-013710,84661.69337661267
LN-003466,32403.43736418074
LN-000264,35484.35073991565
LN-008427,113609.59307468293
LN-003969,38504.721079047486
LN-021159,0.0
LN-019883,87350.24775967888
LN-011335,56958.16677524977
LN-002351,102516.43587762088
LN-011983,208116.95224265766
LN-025626,64043.288048950606
LN-011104,74094.75778182838
LN-004733,73081.22522813223
LN-027456,154582.35105173296
LN-024824,28387.607066910467
LN-015636,865.2406907753646
LN-012483,126214.17050878404
LN-024519,34562.31989566564
LN-021708,31483.722962203494
LN-024823,800.1118178127106
LN-023770,0.0
LN-006255,152762.36429942702
LN-028846,32482.141415863414
LN-011483,36889.57072090422
LN-022428,135045.28093202077
LN-010000,201816.13215565498
LN-006532,27586.77361451986
LN-005957,151946.42266046713
LN-015609,82958.21617440376
LN-007406,73979.6397407229
LN-017896,24469.31710068191
LN-029053,35647.04070958297
LN-016599,28924.652850573133
LN-016096,37110.45413622566
LN-003293,0.0
LN-008043,153709.18817958946
LN-006178,63261.715586100916
LN-021109,73793.81825734797
LN-024315,0.0
LN-016430,116348.95046238137
LN-003440,152893.6703989907
LN-001787,62906.189299593156
LN-002853,167858.87796255114
LN-002931,137815.23685768875
LN-011678,110834.7763995278
LN-001009,76620.0236294221
LN-016845,4221.64021246857
LN-024728,243.53081023695975
LN-015411,0.0
LN-011258,62329.52110003669
LN-012004,69662.40642272103
LN-006693,58825.17840798899
LN-000458,0.0
LN-017713,0.0
LN-026790,856.5434315871665
LN-013242,61953.559664201086
LN-000351,162498.8735052517
LN-010030,179608.857202749
LN-014478,22307.293417795867
LN-004716,403.1948967969956
LN-016445,64230.71020593036
LN-022368,190823.7390418604
LN-021376,27082.01818542075
LN-015865,45.88997508864267
LN-007183,101698.12046153555
LN-029023,114455.11498159576
LN-006404,204322.5750066715
LN-028886,24707.248490650225
LN-026684,97330.60355325413
LN-019644,111101.18492492773
LN-021325,87856.46916647522
LN-026181,34543.804121261295
LN-010154,57782.61545667542
LN-001754,59026.14555339517
LN-002265,171615.12263690375
LN-009308,47945.08695627438
LN-012845,55607.8444981178
LN-023163,20647.479350870683
LN-026642,110.63714184944693
LN-027711,91727.65701576753
LN-014589,197821.23085235382
LN-005872,60765.04891284811
LN-000690,71296.25437205637
LN-013190,6040.674939654516
LN-015793,43762.7851717227
LN-002741,164693.84226041692
LN-013006,0.0
LN-028402,0.0
LN-008742,70660.052347641
LN-022298,74342.56902370948
LN-010895,24645.1080333535
LN-000887,28234.989916307455
LN-004093,40440.2008676114
LN-003579,0.0
LN-023394,235915.21332835194
LN-015871,70300.72610742753
LN-020110,105749.95243115908
LN-005976,138678.15938781458
LN-011540,21613.15590348559
LN-019078,237100.91354342544
LN-012686,26402.700760702184
LN-027973,69044.32765229246
LN-009911,59361.27801794339
LN-017433,76003.95062859805
LN-010756,32601.028317830234
LN-022039,199862.01679419342
LN-024154,0.0
LN-001069,85285.14828906332
LN-023834,53093.56061451961
LN-003692,91757.39417751336
LN-023618,152607.70826905873
LN-025882,847.0110807475526
LN-011703,176515.06291733054
LN-024667,60429.54983095483
LN-021042,174207.38382799213
LN-012822,36870.91845136258
LN-002648,43441.934603394686
LN-011157,20410.695925213942
LN-008378,62266.70216952355
LN-007287,19124.80594918724
LN-013576,37927.623385451545
LN-016783,26502.890610399074
LN-010891,139643.75364743473
LN-019851,16372.834057106806
LN-012154,17620.170644198653
LN-025885,0.0
LN-011004,13010.672773268147
LN-022058,33383.224567020814
LN-005929,84333.881636559
LN-012862,54460.20179148307
LN-027606,9046.339506122184
LN-007382,113037.5770334906
LN-007059,127016.64834365575
LN-014428,73439.77034372279
LN-000202,61945.08723451689
LN-018754,193743.16432223536
LN-026921,42151.79970214638
LN-021584,66613.46698639142
LN-029040,0.0
LN-027260,1161.4480792685138
LN-005927,37253.96796897343
LN-023097,118039.95022265901
LN-010942,52940.878365846096
LN-012526,210806.28364865787
LN-029249,71213.3778508996
LN-018150,620.8584896203522
LN-018041,262480.3022741368
LN-024011,64677.72363835595
LN-003309,77072.44113151923
LN-017933,262928.3325297798
LN-022061,105289.75733583918
LN-020626,97522.36410514066
LN-008432,15741.859130814277
LN-022571,68464.63902827751
LN-029270,0.0
LN-027821,124777.28115283449
LN-009994,90753.8765617317
LN-026380,117970.43162033106
LN-025364,12073.806211909225
LN-015055,9944.648804231145
LN-002428,0.0
LN-000368,66674.24459043372
LN-010408,47505.40782434403
LN-023577,25319.41947418746
LN-009405,53642.355059877955
LN-025250,89268.51131180761
LN-013220,54201.48220614532
LN-027269,98205.53652024729
LN-019275,21968.984740945984
LN-006305,157512.3186539099
LN-009232,437452.2509181805
LN-011828,67165.60565227436
LN-028706,127079.71247593692
LN-012506,64867.79732293985
LN-003044,94303.4845167812
LN-015566,84472.06573105764
LN-019287,96338.08288498137
LN-013418,75688.74179495341
LN-015252,21110.29972870686
LN-002585,28745.419023223316
LN-011630,82064.7789106214
LN-019042,55934.63082540361
LN-012805,89350.02163146374
LN-012264,105708.83382624338
LN-023524,28053.013575503912
LN-024101,41755.04064519369
LN-010577,198329.7227940913
LN-026367,690.3807933171747
LN-027284,37478.93947354389
LN-012425,100628.04422767536
LN-023368,30633.657943229748
LN-024305,50618.61068742097
LN-014916,23238.879999659977
LN-012090,13033.991118858934
LN-025460,74.49556229694635
LN-004488,45213.410473473086
LN-014677,25540.053273038244
LN-003815,129272.24772500862
LN-010222,39060.45944102144
LN-027899,122631.9463363954
LN-027618,111858.39359244832
LN-018425,66110.05492889421
LN-018007,0.0
LN-012224,37958.563364558446
LN-003097,122048.62686553392
LN-025668,88951.82844430661
LN-002289,131242.80915608836
LN-028216,69972.43275799722
LN-008014,41894.23383033307
LN-001757,68428.05983966931
LN-015822,23318.387211347894
LN-012022,63236.12197333269
LN-006158,40090.27005537317
LN-010656,77558.3505841514
LN-016587,7725.006672208321
LN-012198,260835.22643834146
LN-019814,219452.09038254866
LN-007668,178385.28052111273
LN-026178,208902.12840694218
LN-008760,38154.153993620246
LN-022585,31733.493103084656
LN-014630,48610.40109626644
LN-021824,71081.46069220747
LN-014164,11096.66902733341
LN-000297,23124.628245048567
LN-021532,81031.00881710468
LN-014834,186389.06213009564
LN-000004,156256.40523475787
LN-008570,122920.67104939319
LN-011543,34405.60326250234
LN-000250,67780.11774557084
LN-004329,234829.49776974553
LN-015734,128442.32791189308
LN-012276,46268.903629711924
LN-029074,6218.900700637882
LN-004109,95326.18300397045
LN-019265,48130.077726939344
LN-009835,41232.49103136688
LN-013521,23756.91948761804
LN-011945,0.0
LN-011052,22194.290896234717
LN-016710,64186.872976979925
LN-014584,0.0
LN-002061,76500.16860862939
LN-019813,106183.05505626854
LN-000811,24336.11097785768
LN-025487,68592.11140336137
LN-014336,59569.28136102025
LN-018050,46419.775002259536
LN-026852,66058.8597075513
LN-013738,37770.87586675327
LN-014695,16880.419515412028
LN-003201,1045.0275049916845
LN-027582,486.2473932316974
LN-016703,57655.74881425244
LN-027496,0.0
LN-020338,18892.924964375397
LN-018440,149873.05242661477
LN-000957,129912.31791151229
LN-028010,177808.5657168079
LN-026424,220255.49383733817
LN-027458,142874.3300961416
LN-003419,106167.65855185651
LN-002489,113362.28707869713
LN-002798,37.09348560895551
LN-015902,166167.54537223873
LN-021212,99952.91840409747
LN-026250,29364.348874277122
LN-000347,225660.59601807786
LN-027348,138566.41076384284
LN-009473,76425.65922838703
LN-020108,472.70147367422567
LN-018991,35906.98098955267
LN-024595,77134.41777838544
LN-028398,39636.171323714705
LN-022842,34195.38486528267
LN-020697,41444.906874095526
LN-014442,55327.28335945368
LN-000226,30189.43390647729
LN-003468,36633.35841839484
LN-009229,69432.53955975773
LN-010703,50487.05413040209
LN-024848,124212.07158362027
LN-023496,218673.46601017582
LN-020655,220707.94151788598
LN-004150,0.0
LN-014299,866.479707156156
LN-005764,16651.332645136434
LN-010760,152295.11753626756
LN-002023,38698.73981803511
LN-006161,267036.86296393594
LN-001998,26948.218548654255
LN-015876,30863.931904763274
LN-008383,28279.13843557428
LN-000599,89098.65040495954
LN-014048,160375.09498411763
LN-022322,250425.3204139209
LN-024626,335.4074805163469
LN-001776,91053.98868303972
LN-027442,20815.73625746914
LN-003046,0.0
LN-020254,145288.40213267144
LN-003750,91330.423893929
LN-001059,84547.13545829213
LN-021578,225293.92388623543
LN-008902,48322.6054706711
LN-014445,89495.87248564395
LN-000498,20105.943315393473
LN-010453,40698.25021979871
LN-018166,141139.6998150833
LN-022852,0.0
LN-001128,37930.533814408926
LN-013878,15691.456139140195
LN-012831,85727.04109436761
LN-017851,0.0
LN-018167,8184.388152933361
LN-001066,56275.667311228
LN-021081,43907.374175018245
LN-018048,142900.08503716206
LN-012719,98229.16510414246
LN-029183,57216.93623461216
LN-007141,109651.94319375674
LN-002131,141213.46065601733
LN-028924,62965.6642785581
LN-020191,114245.2556234128
LN-003995,0.0
LN-027562,40452.96741323443
LN-017037,41760.939128399375
LN-012858,39570.29203696551
LN-005966,0.0
LN-026036,38585.08704696793
LN-025192,65248.76028696372
LN-023050,22605.218718483702
LN-016032,96441.62833051232
LN-018204,23149.48972003903
LN-014534,26232.022961030976
LN-024223,155678.73168258794
LN-014875,224528.5065609062
LN-020081,100705.5121256337
LN-014762,48943.16027625943
LN-001870,55767.741482619975
LN-029034,36497.57402803818
LN-005810,31537.8597464567
LN-001170,283749.3303508286
LN-003649,42201.959100521395
LN-008440,91981.85591312467
LN-006821,48474.265211845384
LN-026296,0.0
LN-018202,71578.7083024622
LN-024206,171554.32996058764
LN-008813,107038.62282593378
LN-015801,34918.10902050949
LN-017138,69575.95694887536
LN-006931,78634.30546542932
LN-008787,34830.2625855993
LN-011958,96868.26959133311
LN-025050,263260.5249320496
LN-001688,48254.19239498182
LN-002670,0.0
LN-008212,25087.667022547776
LN-024071,63574.466181834745
LN-004127,0.0
LN-029278,18655.527328295415
LN-013497,42901.59037540894
LN-013731,16682.533318984515
LN-009974,32600.32019730472
LN-011003,0.0
LN-028864,30692.79741872226
LN-027514,97000.61427503367
LN-006252,156017.36197868985
LN-011079,87722.83408453238
LN-018771,49427.46747221922
LN-008439,74198.98487281453
LN-015607,13114.789041344886
LN-012911,18582.125171918
LN-027605,152383.27521151525
LN-012930,19859.47105913312
LN-001367,0.0
LN-011378,314.19554439081855
LN-009527,33976.768166853595
LN-010175,97794.96162197393
LN-005629,99424.94666069011
LN-022791,97211.7006177895
LN-024251,91011.43862335393
LN-013863,51370.36601216885
LN-016248,0.0
LN-010083,34017.532856080754
LN-002336,152.81280234947494
LN-017524,0.0
LN-024550,81802.2290742898
LN-006533,203170.5418923837
LN-001496,93208.47800454631
LN-023202,0.0
LN-019003,21893.294449554865
LN-007796,0.0
LN-011921,47575.10493673223
LN-021979,190943.31738273264
LN-004354,144421.52429436566
LN-002754,72166.68811910378
LN-025453,1189.266242159429
LN-015639,10412.024275264816
LN-000847,68032.61480151226
LN-003540,68328.03097365542
LN-022523,32650.710194119572
LN-017607,0.0
LN-018514,55899.59991650472
LN-001123,18792.4045564864
LN-012839,59476.57881380111
LN-021219,0.0
LN-000107,120389.98302770892
LN-015356,0.0
LN-021203,25305.018518584475
LN-002277,0.0
LN-022142,110738.49096595419
LN-027969,42573.26854056873
LN-001632,18243.066289076793
LN-017283,16525.686812918862
LN-027251,199619.60915056767
LN-010511,118489.69364066007
LN-013331,0.0
LN-011990,28576.56971913412
LN-022700,21741.079213951896
LN-026974,72865.20024517993
LN-006241,36472.858548231045
LN-024558,128472.1951764052
LN-004818,102.13523304016881
LN-029308,88220.22379451114
LN-003345,48437.979244678805
LN-012633,42155.93849269075
LN-028540,168549.00222087358
LN-024426,24007.088073659306
LN-027159,89599.44604164544
LN-023430,39143.80219681525
LN-017860,0.0
LN-006551,49140.62731355124
LN-015078,25002.389187474022
LN-023098,20010.15223096645
LN-014372,121775.19284130889
LN-029068,32632.782326820874
LN-015163,44361.73536626172
LN-008807,0.0
LN-016702,84190.13769146646
LN-002139,82549.038249846
LN-014287,71686.94938798802
LN-023757,82873.39827199823
LN-016796,43299.847845592114
LN-010323,53147.98807198112
LN-023764,27143.212680837853
LN-021605,77325.34292563629
LN-016511,37720.88010671098
LN-013755,63620.34852579412
LN-024739,99093.9777839449
LN-009717,467.22274835607186
LN-006115,65798.81733226529
LN-020016,35561.94410192937
LN-025245,317.9402717595509
LN-021890,26517.682427157793
LN-018208,59275.83318453925
LN-008848,2702.71227470803
LN-028520,493.51404931686693
LN-018555,50317.26367924214
LN-006289,197507.15011409656
LN-025308,20717.279809587333
LN-027076,22731.446209911992
LN-008265,167712.6111243528
LN-007748,33626.63333993613
LN-024505,35165.9918748017
LN-028325,6965.194054039145
LN-003931,0.0
LN-002524,74135.70774475756
LN-016272,33960.59018609284
LN-022444,104614.97455001819
LN-016491,148810.4457205665
LN-027634,184089.46583524594
LN-015614,82100.38517094575
LN-019991,32380.447733246227
LN-020858,200645.73113258465
LN-007563,0.0
LN-014911,59172.57840334567
LN-025644,0.0
LN-019284,25312.087273695535
LN-013776,84.14468990203834
LN-001510,119691.10752732855
LN-005183,36040.92828272518
LN-001202,8838.763945623714
LN-005685,1764.9391439142073
LN-009482,82241.71690294312
LN-017409,0.0
LN-022065,35264.9691746908
LN-027087,8472.696824264802
LN-016299,108593.5207910965
LN-024479,54265.923648365104
LN-008572,21939.39450611214
LN-004688,69933.86937553089
LN-004941,141.85934269145739
LN-004232,44021.86742402343
LN-001844,39515.322277713676
LN-024734,68662.26270079722
LN-014758,175818.26874426263
LN-027412,63993.60030080031
LN-026820,181105.94122592555
LN-010337,541.709339616737
LN-001213,237458.06355900218
LN-006042,205985.5125461124
LN-013826,73886.11252423846
LN-024817,11172.172226341463
LN-001296,21663.238141837082
LN-016910,63278.188585239805
LN-019715,32045.60397877374
LN-002442,55797.116215144924
LN-023399,83699.94086355377
LN-026335,116633.26483508185
LN-001064,209066.01086477446
LN-014464,118791.2244900675
LN-008515,114826.5710723677
LN-026720,61903.07179423163
LN-015164,157265.85931938552
LN-007732,43250.43467143423
LN-008381,137519.28956735428
LN-013551,30615.671445585118
LN-022684,21621.12443402227
LN-011227,42491.08702525677
LN-021656,241630.3932444132
LN-023330,43847.51684363956
LN-028631,30827.58913294001
LN-012232,50894.58855083115
LN-014943,452855.91800718533
LN-024579,56368.89309862683
LN-019192,37236.78112436244
LN-007633,109919.56690255804
LN-015176,158972.07810786695
LN-004901,148538.33786409145
LN-005129,10148.447907878777
LN-007451,102936.45346722877
LN-025549,133714.4313557818
LN-023372,113542.42904951649
LN-017140,146970.64659554913
LN-025417,47194.59891185636
LN-022877,16060.370757254004
LN-026596,21082.99636995513
LN-014530,912.0560875016627
LN-017650,126884.8339960884
LN-006232,0.0
LN-015777,1020.4134347116923
LN-002204,152259.66398832403
LN-002526,61604.11348620396
LN-002703,30238.489817349713
LN-022821,98507.32037707823
LN-004582,41982.25510078035
LN-011383,28885.030066925458
LN-008355,6552.611421380841
LN-005427,92042.4500853517
LN-010519,59286.72740967862
LN-000931,281913.8322303252
LN-023708,50433.4164870561
LN-015606,111202.80259750612
LN-010847,29287.22952820503
LN-002744,70411.86477981682
LN-018045,464.58538732106825
LN-015141,0.0
LN-020686,60691.77268416957
LN-009529,1930.4975957462805
LN-020334,130746.39013402222
LN-013527,646.7086973035538
LN-008402,45890.04855517516
LN-016545,0.0
LN-023638,711.0630165755423
LN-014533,35665.26578778052
LN-016963,28256.97179276051
LN-027622,98886.63260407525
LN-022787,103825.30883511373
LN-000019,0.0
LN-007825,47272.37251251077
LN-025468,63041.63721216415
LN-005595,257071.41462966095
LN-013561,96021.33482677235
LN-009773,85882.76382861646
LN-026469,165744.46297132928
LN-005057,145901.7064957893
LN-021045,89839.07782544791
LN-027616,19612.77765520375
LN-014610,18541.785450509255
LN-009078,20280.590919539292
LN-010740,33449.99351866149
LN-008852,167207.00445705507
LN-000068,151409.15305091636
LN-024004,64162.597579625595
LN-004532,0.0
LN-011679,57393.93722773973
LN-006073,44.5106627676258
LN-006055,122183.60947573467
LN-025044,42356.756592175334
LN-016993,39329.76723576713
LN-024733,53796.7940790053
LN-022685,127680.35052296313
LN-021959,108325.40147383904
LN-000016,78878.16942878693
LN-019829,86565.6325527387
LN-013499,542.0837701897051
LN-003338,65945.56462236884
LN-020042,118924.32758947587
LN-023692,71816.7991089707
LN-017868,59865.93157422033
LN-005226,188487.19702784382
LN-011833,75068.42525244775
LN-007548,72540.69696113333
LN-012140,441.14443152698254
LN-021486,141.90583423054912
LN-024049,186.35733307726082
LN-002831,34238.68991082696
LN-003598,6461.0243159266065
LN-012491,157611.3966072878
LN-003429,72856.87929597934
LN-014002,21855.857103280177
LN-013154,143930.4881225514
LN-003096,35359.985954335025
LN-019672,68774.00154266221
LN-026925,97040.66379368087
LN-018363,197649.0560806223
LN-019475,47077.09345457397
LN-025237,51062.04595487651
LN-024844,71735.18444557532
LN-009275,106107.44533559239
LN-001823,36900.126940108676
LN-005766,97916.21555411578
LN-012112,50232.99319782438
LN-023273,24466.07530293607
LN-016586,138200.16009293045
LN-019319,77302.37992242616
LN-016146,36809.289004045335
LN-015715,32825.11351899872
LN-003378,23374.70369466587
LN-005161,29129.728305744287
LN-007469,40803.892588322
LN-028867,23196.675509978355
LN-018671,465.2209885870652
LN-023556,97072.57242637583
LN-013829,0.0
LN-000780,0.0
LN-014931,147228.50566169125
LN-006014,39834.46302023831
LN-002625,24898.435552488023
LN-026663,35834.260495351664
LN-007297,0.0
LN-025035,35620.296616639505
LN-015368,99107.45831308515
LN-014241,2849.924103280877
LN-011295,27524.7201078114
LN-028797,71755.57850609829
LN-005292,71855.29175172564
LN-012093,35250.46669437254
LN-026990,192208.73388041038
LN-005186,43952.31813567275
LN-017571,0.0
LN-004975,48297.7842186038
LN-008497,18697.952543936764
LN-014964,31122.486770232885
LN-011523,24606.164322359513
LN-017384,23947.84085024031
LN-000710,46951.38541431977
LN-019169,382.9451705666605
LN-012742,86988.42629263081
LN-019773,133359.60601101507
LN-022549,131595.8973108799
LN-015727,29653.34716705239
LN-018919,47494.615897676806
LN-022899,17266.29631446667
LN-025200,80722.75163282965
LN-006088,33864.292881326364
LN-004915,75677.27737117645
LN-003628,28988.187021221598
LN-014140,86102.87307946752
LN-002907,0.0
LN-017751,179461.1118831196
LN-007273,105494.70836054176
LN-010905,48763.98824717919
LN-005967,183637.165804793
LN-027802,38416.73991768855
LN-019408,0.0
LN-003476,7206.137359361022
LN-000910,38177.45508076339
LN-022023,62.254396845558254
LN-007589,42790.580179350945
LN-000313,148073.1479174385
LN-004859,136332.73945593758
LN-021693,84435.07534510986
LN-006891,111636.35905251234
LN-018427,73173.1182526146
LN-007363,107520.84487699241
LN-019060,154522.38274125467
LN-008974,37348.61518367995
LN-024132,89483.57626452413
LN-029296,105782.56721005183
LN-015612,62197.00391332388
LN-029271,6596.422158023912
LN-005908,55960.619228394076
LN-013939,47701.334696833925
LN-010243,57886.21631017582
LN-014334,111260.83961193707
LN-014739,59388.00127616381
LN-000241,151799.71432456034
LN-024636,78113.85569930283
LN-008996,239680.7753077034
LN-018778,99543.69206298688
LN-022552,33407.76345635824
LN-008681,131469.10733208386
LN-010459,46544.389880636234
LN-023024,259292.8820728205
LN-012299,80158.68712476842
LN-021863,82785.57829890575
LN-025579,65768.6236159158
LN-016406,54175.438215347975
LN-008945,43.69045495887992
LN-015819,32286.673798375272
LN-006303,80049.57095503122
LN-000999,111711.38390986556
LN-014443,41619.60821061336
LN-024181,138797.3444740429
LN-010153,64445.98649470504
LN-003955,66061.12442983611
LN-004671,66246.87241036605
LN-002986,127794.4907420126
LN-009282,144741.47622234165
LN-004738,44069.279337275264
LN-005559,162515.11073990777
LN-027425,34684.896631299955
LN-024023,68456.52272850604
LN-015887,35329.14793974741
LN-009968,130662.98605040534
LN-028673,92140.04018800077
LN-023167,0.0
LN-026549,0.0
LN-003089,24551.511266642978
LN-026848,1719.9205056610758
LN-029151,44029.92387310326
LN-010005,213078.0723523348
LN-002724,18694.237265530966
LN-002794,48923.73877650768
LN-002422,0.0
LN-008249,38080.338754958066
LN-012324,35812.527968475624
LN-018491,0.0
LN-005369,114416.82834047654
LN-005217,211209.46134686892
LN-025663,1002.3804751996212
LN-002067,33146.2361902461
LN-011619,136918.4596218531
LN-025783,23463.022607539497
LN-022793,80583.87913259874
LN-017366,386232.0397324609
LN-018043,140518.6565997912
LN-015709,0.0
LN-016785,33156.10072580586
LN-026041,97522.422257446
LN-014333,0.0
LN-015450,139345.24823429258
LN-021898,122863.42497591343
LN-003833,146922.15412289803
LN-006125,7957.045429284447
LN-020073,0.0
LN-007955,176847.41809194774
LN-017052,124945.83039095261
LN-015156,105743.04271380101
LN-014929,159995.48153893155
LN-002740,193263.00936931028
LN-012794,0.0
LN-024597,31019.5695281541
LN-023711,51921.570869760646
LN-006318,38376.95487933395
LN-022859,76580.61495721492
LN-005401,70461.96537314873
LN-009379,47417.72478620661
LN-021179,140934.27289394377
LN-004299,0.0
LN-025836,48361.08344410831
LN-016650,32486.83401882023
LN-016446,0.0
LN-016376,78912.01500329316
LN-024359,89919.27919508777
LN-001166,155731.84607961972
LN-007079,0.0
LN-006796,342.44001325408124
LN-027966,75885.21517177101
LN-007201,288151.70500829566
LN-000506,31762.19963859034
LN-009997,41108.108582948924
LN-011054,36953.00634300904
LN-009557,96275.2431619292
LN-012709,0.0
LN-010722,111434.74408299658
LN-023690,62866.79913246095
LN-017065,18523.042802640262
LN-018865,78816.98625787074
LN-028152,97610.6863895423
LN-024814,26383.452860056885
LN-025755,91701.4058440363
LN-009585,86958.13505249438
LN-017670,38113.70969839026
LN-011734,929.5580617711246
LN-024747,97187.35746531883
LN-016043,22706.94234193576
LN-008510,137750.86880878278
LN-021927,77115.6657079293
LN-012809,70694.40614603585
LN-021681,59085.37661324657
LN-021902,64961.51003572188
LN-003485,80555.60430211869
LN-004155,89082.75111147456
LN-021314,10942.309539023641
LN-004750,112628.42511098846
LN-006279,35203.4870999207
LN-008508,108444.44533516001
LN-028368,28025.593075242792
LN-015712,22725.32178033963
LN-025491,70360.634527311
LN-000636,29811.22766091739
LN-015305,21360.19121280349
LN-009812,1038.01841172468
LN-015239,201102.72696887818
LN-025498,114826.74069927493
LN-024255,201144.65550172268
LN-008041,212631.81735624318
LN-017387,589.7347247411175
LN-002610,69515.53903034159
LN-004929,0.0
LN-000746,108345.51760745501
LN-002497,217607.82689767546
LN-025040,126532.93688765816
LN-006444,152089.48058714118
LN-002658,46660.22557723762
LN-006921,0.0
LN-023322,0.0
LN-017025,82970.32225356481
LN-023742,117978.43611736962
LN-017125,23219.08978807717
LN-006529,16620.37923771369
LN-009457,161532.52903192892
LN-008599,1455.4996420788186
LN-011138,53346.00445019956
LN-029121,66074.7764249535
LN-021635,16645.406000492316
LN-005328,11076.53351131428
LN-009326,69308.09148617218
LN-001143,94709.07940328763
LN-025135,256561.21917394886
LN-025879,112814.86876511518
LN-006628,28616.241140801772
LN-005042,158653.85302853794
LN-025872,292805.6014235017
LN-008575,37641.799041533086
LN-022769,21077.579594594237
LN-026237,589.3007637403996
LN-001316,186519.03281633454
LN-012598,71272.86731446523
LN-022083,47637.89868683183
LN-024120,66130.38326208275
LN-006384,27168.485917474656
LN-006282,99754.04079335349
LN-023854,25407.40385888625
LN-024746,0.0
LN-001588,299370.01554105064
LN-005421,38229.497289928266
LN-017963,1411.4216790282162
LN-024884,46021.134384319375
LN-012485,148356.12846656726
LN-023224,89048.66479359748
LN-014574,46814.52505431716
LN-011784,75676.12631214439
LN-013663,182569.7846642176
LN-002274,1225.83863013271
LN-018219,33349.58410840046
LN-011670,0.0
LN-025570,140585.41316154695
LN-022897,1109.4893339085231
LN-020489,72666.59191523612
LN-027147,172872.62432540586
LN-001443,72343.96788945356
LN-010218,21316.342407359734
LN-022237,16678.067612467323
LN-015429,132041.15668172514
LN-027307,130653.57123551752
LN-018370,21643.135037297325
LN-000118,717.6390786321862
LN-013529,137902.16893967442
LN-014461,66571.87357855107
LN-018449,24335.105096813943
LN-002368,26457.33783459579
LN-016003,25933.30800619516
LN-022651,120755.01874476374
LN-019431,28422.831862602976
LN-015653,73299.77866193732
LN-004012,255.17965260142196
LN-016850,110759.56131834464
LN-013289,115153.8295820405
LN-013682,67021.56995093862
LN-020596,98755.02969457593
LN-023487,73482.79298508778
LN-016529,24046.716176047128
LN-002588,39191.70574551137
LN-025258,42900.714466388206
LN-019729,88893.37661537578
LN-006994,73607.84171175481
LN-027837,34099.42084450612
LN-008395,80373.68336972383
LN-026215,154.19945821843234
LN-017174,222619.07416027706
LN-026092,174420.5156787578
LN-020511,125865.83175898272
LN-013270,33725.74873621849
LN-009647,62948.63513434269
LN-005507,245140.42801884058
LN-010816,98109.95731553879
LN-004292,121279.10252191854
LN-028941,157871.96875292456
LN-017760,0.0
LN-020779,183579.6806847145
LN-002843,76223.21141460177
LN-009383,78613.26597898225
LN-016447,11791.519376579348
LN-005152,33629.35040272121
LN-025188,94433.88439654716
LN-009186,129459.68131723569
LN-020082,125937.09594831134
LN-011183,79929.07739612082
LN-010796,220852.93207330751
LN-014182,58172.85394495837
LN-024240,127391.93516194489
LN-003615,60643.95623513586
LN-010378,77389.83362701959
LN-008478,132635.47259291762
LN-028954,52659.85485487962
LN-028788,42458.65677985733
LN-011029,0.0
LN-023964,93158.52634603392
LN-028611,31943.741319091245
LN-011746,104398.41907347672
LN-017311,6328.730702684589
LN-000683,72237.02709448441
LN-017451,761.1853090281047
LN-022495,31345.051045989803
LN-015151,62512.60701184649
LN-027028,85988.02836723594
LN-006790,38930.19718293984
LN-015371,80439.6839216919
LN-015550,110849.00187732473
LN-013194,96161.33794552826
LN-025925,4634.160960079044
LN-000105,163884.6236317734
LN-025049,0.0
LN-014393,124.48723106473568
LN-013375,20114.11946091448
LN-010931,0.0
LN-013613,52152.660125696406
LN-026114,289687.45267912577
LN-004235,57799.74270334816
LN-019026,104912.09842761408
LN-009359,51465.085404773956
LN-012266,111263.41148788255
LN-016209,36262.64211267958
LN-018716,75897.74787604375
LN-024074,138847.37016841496
LN-007920,139854.5052844436
LN-024421,79515.59209875968
LN-012062,46180.01214628952
LN-008970,130366.37115744223
LN-016775,35357.63152912936
LN-015758,37237.15545887765
LN-005716,50966.23899746865
LN-022230,73226.65716489204
LN-018858,219921.26764957554
LN-028057,32348.38850900968
LN-007072,78189.06442809488
LN-026901,149103.4280844816
LN-006776,61384.79765119262
LN-022021,14159.533361584628
LN-008856,246236.54500113436
LN-009459,23816.073724651636
LN-000597,33999.35267513116
LN-021008,39582.96572458212
LN-011863,80746.03620208881
LN-028051,35496.927477822624
LN-002930,68227.08818045977
LN-029048,200238.3715940215
LN-020613,69290.99778750526
LN-011551,59716.62876420688
LN-027663,133316.92648662374
LN-014240,87781.61974936852
LN-016106,92414.05737005701
LN-015950,78.11379814508295
LN-002990,149517.30738253842
LN-018298,43345.13322054245
LN-023873,44383.14805972169
LN-007291,36640.58515409262
LN-013542,1018.5087472141614
LN-011565,111845.96890160946
LN-004916,24494.18347335203
LN-014391,64.34263585823567
LN-023595,27662.383996159744
LN-020425,38804.978351755286
LN-013062,26054.10950455155
LN-019934,120714.98923038745
LN-014420,38433.66952911374
LN-024917,3178.7494552197463
LN-028926,113736.05222562983
LN-006084,47406.8552875152
LN-022610,78439.75493275245
LN-027797,0.0
LN-025303,95560.18356504598
LN-029146,245739.44877878504
LN-014279,79839.73942709836
LN-017696,124007.70568952362
LN-026321,40057.888950236
LN-010607,110143.76761660587
LN-001821,41319.29068763137
LN-023318,129634.30760954614
LN-006523,74876.28691311572
LN-026496,37224.52450337549
LN-020933,36718.318222028734
LN-004050,37.65582721906095
LN-002760,15855.30280306858
LN-020592,392.99955052473933
LN-018588,122124.58456651447
LN-000431,130148.26308483926
LN-000163,88254.20292972268
LN-011959,136715.2455554985
LN-012630,1305.7353854552669
LN-014822,61283.468876445884
LN-027239,36215.880814806405
LN-003275,44341.05988872835
LN-007833,33408.89087185814
LN-003376,20953.97350187997
LN-012467,90214.97273956971
LN-019805,39901.654313352585
LN-004213,57182.43541452103
LN-016506,29906.069553429523
LN-024365,16451.184034575363
LN-026437,86.22561160553961
LN-014909,19451.467485268473
LN-024980,93521.06306949958
LN-027165,142357.70802119252
LN-004253,34593.45349565767
LN-001374,95816.55419898622
LN-011937,121200.68245125297
LN-020155,1187.298076400415
LN-011590,38585.340120858746
LN-023670,19677.352556012913
LN-024207,184614.88044108244
LN-013013,118121.13808294854
LN-027218,108118.25429501478
LN-018340,114395.12493853609
LN-010712,81427.36152722893
LN-004816,27775.884518701314
LN-011493,104531.87443228903
LN-019081,86469.53556837093
LN-009303,92000.3983474746
LN-020691,59677.160483791275
LN-002749,41484.86985603615
LN-017079,73702.45573693427
LN-028604,110054.2247802007
LN-007214,93540.79453973281
LN-027947,3080.2006186340814
LN-025566,21915.829931891658
LN-002071,0.0
LN-006172,91382.49036502448
LN-015496,448.93478933782325
LN-007651,39235.700464006295
LN-006601,101676.58759467481
LN-011293,86220.17214022485
LN-008377,144967.3721176347
LN-002717,182093.80803992305
LN-009307,71401.53531359928
LN-017752,56813.37596467844
LN-001958,0.0
LN-022125,183148.9431584759
LN-002797,0.0
LN-012002,167197.52940232752
LN-002384,64225.53567659388
LN-021563,78871.16270494499
LN-009368,55.95881262820268
LN-016706,133425.39853919574
LN-009540,95372.59998381544
LN-017092,99287.23846154367
LN-024902,13368.721988019035
LN-008429,54850.22770490903
LN-015486,88753.66883920369
LN-013213,101332.74011847819
LN-019280,70516.80281810711
LN-012559,175777.7717859368
LN-026231,67521.10425330774
LN-000613,0.0
LN-009296,44743.36262643192
LN-027830,527.5584395612113
LN-022711,240909.76218661797
LN-018692,62551.096460901834
LN-012273,57317.66640592571
LN-007280,102615.20858400335
LN-019892,24248.886778855598
LN-023793,338.3039245922333
LN-025021,59085.57923954249
LN-011511,104754.07989495533
LN-019683,60986.04781270813
LN-007770,87201.17429765615
LN-025683,0.0
LN-028409,95.86005637994077
LN-017979,75938.03280967279
LN-014504,61849.109931368876
LN-013474,6984.978247964996
LN-006063,0.0
LN-006186,43866.2232940566
LN-017816,38574.74493836187
LN-010970,60904.984035517016
LN-028142,84686.0702394796
LN-002911,14233.830532714015
LN-005601,117730.94752965811
LN-008878,444.98385594543674
LN-005028,131744.93814505383
LN-027114,38546.35011893892
LN-000261,268.4754370830829
LN-005309,54781.70884258039
LN-026796,0.0
LN-025519,70100.92171132236
LN-019345,85123.17572543694
LN-023280,214079.27171991838
LN-029105,34874.26403192082
LN-026086,159608.5414480721
LN-021267,142007.50402926275
LN-018817,37513.550925570395
LN-001646,5372.486608350312
LN-004590,28112.38698029495
LN-005608,0.0
LN-020527,1454.3662139913067
LN-018697,374443.8279555647
LN-000023,43551.55491396428
LN-005433,71629.39052018969
LN-012120,34923.86230280695
LN-021030,141717.77511830037
LN-027313,125306.27031924983
LN-008138,65814.34598841477
LN-025451,132960.034359244
LN-004421,0.0
LN-002800,21914.38068478682
LN-009092,27300.096833169657
LN-025276,43649.55428389111
LN-019115,16893.991110016334
LN-003822,346698.67285204463
LN-009334,42024.37682673802
LN-007760,965.7210525192801
LN-022912,39461.437781303954
LN-020062,24067.34011251104
LN-007320,60444.43575787563
LN-017946,23548.35097280992
LN-004119,0.0
LN-015383,66.76046597057238
LN-014573,32459.41487595743
LN-007970,124856.91139131213
LN-001487,32852.50271597106
LN-023765,32228.27160223428
LN-028786,87187.58346922378
LN-014029,1054.4797886747583
LN-007728,16395.177582006992
LN-008736,23686.935700785412
LN-011231,65732.69864834074
LN-006426,37146.14529503503
LN-024622,0.0
LN-016116,66829.15849798055
LN-006827,193528.38602499248
LN-022463,74577.26502069333
LN-001615,35740.97959086088
LN-021073,30007.981938126573
LN-000036,151618.98331155276
LN-014191,185687.25127541923
LN-002731,185810.3226928566
LN-026558,217427.2875767451
LN-008881,0.0
LN-024162,38693.91799304592
LN-018321,129918.10257448467
LN-008070,60934.37528342176
LN-010526,0.0
LN-004972,43010.919709281756
LN-028123,64086.08324755649
LN-009048,99694.84277113585
LN-017318,200644.3483744755
LN-021732,75661.4103740949
LN-028407,0.0
LN-003454,266.5879065190795
LN-005340,128.43324437785103
LN-005031,55894.75088071206
LN-003829,55015.902116381985
LN-018763,139301.30433175762
LN-028978,124282.26578411229
LN-006577,0.0
LN-028179,188700.8380356832
LN-010353,149865.1530985825
LN-002881,196636.37584676445
LN-022013,100905.48184733914
LN-007827,241553.9867284107
LN-023724,75160.8490368806
LN-016359,160733.38102168412
LN-028078,120473.59597073964
LN-005185,62977.12271775857
LN-012488,42231.79278676727
LN-024866,111124.76582138911
LN-010580,1014.7644259661079
LN-028654,43348.55631716425
LN-016265,42941.91486342555
LN-010418,77731.74153918616
LN-005545,95092.423362474
LN-009782,73285.58970280483
LN-013191,295758.5897076396
LN-014081,0.0
LN-009496,46453.1189847566
LN-015323,119392.86923177104
LN-016327,226628.4750741926
LN-008991,1291.896149365595
LN-013323,36604.95004978483
LN-009050,36947.353084479895
LN-012421,97283.46454282192
LN-008114,56306.47736063056
LN-015076,89667.59654896802
LN-028615,124.09099528963863
LN-015895,77536.14100076664
LN-006375,0.0
LN-010130,130489.47757340684
LN-026018,535.0492493360405
LN-008369,24120.753280671048
LN-016083,67756.62663892271
LN-012891,74075.39965444834
LN-020395,65354.94974959223
LN-005467,75092.67826604076
LN-023737,127558.538927824
LN-020595,108235.79574864428
LN-011566,0.0
LN-024021,123128.10595799214
LN-006177,0.0
LN-010010,22485.970259420363
LN-008099,55549.82979911714
LN-024938,172822.30330460047
LN-010473,1059.3602996174877
LN-006023,244.61392767236006
LN-017877,346.36882941815475
LN-019369,138070.93130861796
LN-020302,88265.27558499643
LN-000632,0.0
LN-004805,94197.2133436001
LN-019714,14124.584372920526
LN-004396,253837.13091732
LN-010229,32211.432966386554
LN-026996,48462.230854416186
LN-026863,135321.6452405694
LN-006726,73372.9560093605
LN-003657,41409.05855156633
LN-001145,124.90883602053148
LN-011648,106374.47253849791
LN-006530,98831.86933496765
LN-008157,113899.89102613165
LN-005082,70092.15442171041
LN-003415,143079.62538107534
LN-000119,98928.1020757354
LN-020370,46156.933242533196
LN-015682,48320.9833745527
LN-013460,0.0
LN-012219,562.4092820317463
LN-019613,161530.9136149268
LN-016553,0.0
LN-018664,103103.63201787959
LN-005392,0.0
LN-023291,0.0
LN-014678,244392.84349133293
LN-020646,866.6867343087889
LN-020446,25003.740497953644
LN-001952,700.7024416377795
LN-011749,62439.08975765183
LN-004967,1235.2346588750409
LN-018438,34912.70147452486
LN-007193,35102.58628129216
LN-015684,95186.28224252838
LN-023112,148927.72472147064
LN-027130,39136.91534550296
LN-009430,0.0
LN-009366,578.1639024374175
LN-025977,30168.900790218835
LN-027813,62621.11763274359
LN-013780,1266.3721287853393
LN-010838,91155.71523135217
LN-005036,42104.11032782507
LN-013577,29774.50201018639
LN-000475,138343.7632058016
LN-022218,57012.4402356485
LN-007798,2110.5095680120107
LN-016576,117724.53709231273
LN-005710,198947.29089694438
LN-029106,16829.87210373552
LN-012091,175488.7191958369
LN-020617,188073.3601397869
LN-005362,171010.57206529196
LN-007483,40579.48429810889
LN-003601,288.51786201151555
LN-014078,6434.349383567848
LN-016799,145444.09964226783
LN-001910,68724.21707534914
LN-018004,35939.24935309436
LN-018691,208323.80558882098
LN-014244,180.56177025489768
LN-024263,1841.1052461275526
LN-003209,94357.17116602429
LN-002820,209565.97283114347
LN-024765,68223.5538112098
LN-018894,146137.5743531349
LN-022258,3385.537941313668
LN-016326,83647.29618386958
LN-018231,93816.61413290731
LN-026696,0.0
LN-013690,98412.18627268253
LN-024718,59882.129113081435
LN-017740,0.0
LN-009054,100.35336981878132
LN-017610,40748.68561657252
LN-028651,172334.24978721686
LN-000046,96252.0030005078
LN-008203,54107.36200636423
LN-027148,97541.70935603765
LN-020559,92804.23504026937
LN-000074,105306.2119629575
LN-003217,49214.70165072144
LN-024143,47093.832165495856
LN-014526,183.42585682383302
LN-026363,37850.187822484666
LN-013988,80447.81358973574
LN-010461,0.0
LN-016863,32438.762327186647
LN-003174,107309.52307273826
LN-016462,205280.81838623816
LN-024414,41981.85748834264
LN-017044,27756.346708461624
LN-014284,62408.499707660114
LN-028534,70319.02353116585
LN-028563,0.0
LN-002199,115429.13455446393
LN-021370,66961.9824803958
LN-020776,81514.20278012069
LN-026451,64625.213804699604
LN-010161,278865.85339292325
LN-021276,33926.35943198652
LN-022206,63241.03983349353
LN-018889,287274.47830378637
LN-013918,0.0
LN-001919,102580.36811583284
LN-024279,63625.17728424372
LN-002416,25619.988794077657
LN-018505,171921.63873051747
LN-012039,199075.99879915017
LN-007474,150077.95505381923
LN-026338,15227.753397119443
LN-005573,274318.65234052506
LN-014255,45989.89597556669
LN-020407,29926.133624931797
LN-024950,166796.81623726746
LN-010410,66309.95976503374
LN-024080,98114.09455610947
LN-002282,183890.97755813715
LN-021719,83936.54815018561
LN-004110,40481.51081032358
LN-016630,18694.81024308292
LN-015956,66797.98340608331
LN-024544,0.0
LN-001265,79801.03477779626
LN-016852,84638.7878648728
LN-024302,77821.31042756086
LN-013986,49960.991141913706
LN-012385,0.0
LN-018013,129756.94643152086
LN-014599,178.7853839409515
LN-027001,210503.8145461079
LN-008901,117398.90039495028
LN-000730,0.0
LN-005928,48730.63102234421
LN-020772,281570.1223162023
LN-000053,18555.933653177828
LN-013771,161497.71449852604
LN-017883,42617.673855729205
LN-016638,94918.86642985107
LN-007925,110286.8886703443
LN-026949,0.0
LN-007278,476.14774533813653
LN-011343,79977.88123487064
LN-025229,23029.59383545151
LN-014205,163879.4481198859
LN-011713,49749.25382546061
LN-022445,65614.33991615407
LN-021305,42.12584520663579
LN-001137,56995.378180802996
LN-012407,71802.28804663161
LN-002677,101593.00696124787
LN-008368,21511.68832627219
LN-021242,230004.92465009683
LN-009543,96569.08383986593
LN-008838,92981.92954813929
LN-021414,126176.09198426908
LN-000831,70771.62388803733
LN-018886,77412.14654810553
LN-015896,186941.3085505477
LN-019474,93562.69670150602
LN-017170,107100.02497926305
LN-024332,162643.49917162803
LN-007355,89045.83236355803
LN-005543,183.78771531937642
LN-017189,42487.704822217966
LN-006644,15458.905451479204
LN-020677,2072.1528324821065
LN-002672,64455.7819139441
LN-001718,70148.01123840548
LN-028535,38888.279330405196
LN-025654,89594.24788783144
LN-002380,216028.44583880896
LN-012606,240.6075739250524
LN-015538,66280.81728120895
LN-005609,136238.8709281493
LN-001385,42016.18914780414
LN-023780,106353.54199760113
LN-018666,115890.5863342362
LN-023228,67545.83496651091
LN-016853,45012.234184058674
LN-001948,0.0
LN-025102,1414.9716960202818
LN-014337,330450.0655044867
LN-018083,90724.2589348817
LN-020208,645.1349531168438
LN-012406,35790.12454679137
LN-017323,95572.89807136453
LN-004551,78518.7882508668
LN-013327,70229.59448954846
LN-012349,84479.74171250155
LN-009621,1927.330846556124
LN-013847,139115.1911070532
LN-026236,66518.91253645891
LN-013519,146517.3908391882
LN-009524,102006.56202755346
LN-009772,79548.21934092141
LN-005279,122955.03839581455
LN-015331,61389.35306020341
LN-001026,0.0
LN-025785,1319.8077027856846
LN-014654,84862.09058825711
LN-020581,137.80026810611872
LN-002046,23363.896219427716
LN-009570,156938.42537635472
LN-019657,0.0
LN-027181,74839.21992651682
LN-014763,154627.37224823103
LN-026965,23061.677067704004
LN-020672,68991.80533040802
LN-019427,0.0
LN-003737,181075.91556505085
LN-020731,723.4807715143346
LN-015241,71486.57261458965
LN-024184,241163.51122654614
LN-004010,98246.70511710625
LN-011064,98018.95362994738
LN-001536,36938.662424479095
LN-019930,0.0
LN-008777,39266.00257713045
LN-008726,18812.70352947001
LN-005521,85520.4135580846
LN-018901,138791.2797341162
LN-029287,11681.374875767639
LN-010805,25.628725206010387
LN-019667,0.0
LN-006597,64229.69494912801
LN-016478,134180.64877737346
LN-017735,76331.05803283656
LN-002205,168898.74458547714
LN-023212,77854.96896532648
LN-022250,395951.14564204065
LN-013703,69091.04626258244
LN-021493,94373.32716436162
LN-016525,230260.44381708693
LN-024981,126809.9515055724
LN-007097,594.9787918055387
LN-002947,141008.21760369756
LN-002829,83911.03218156287
LN-010649,154834.41364545512
LN-025142,0.0
LN-020522,81958.29588246623
LN-028860,132068.89328853955
LN-012359,138821.66794726785
LN-013846,67371.97079026687
LN-021393,75717.10537985527
LN-005380,45542.947902180174
LN-017750,75899.72582798991
LN-019980,60172.78357854164
LN-016402,43858.29005919132
LN-014093,178633.806625116
LN-023439,101707.97636650906
LN-015005,144045.700917631
LN-013411,114681.09471566025
LN-019493,14245.608588093168
LN-023242,308.08944872673806
LN-015692,41.85520611441568
LN-018318,17702.718606752303
LN-025771,51913.888266166854
LN-024581,34028.27066750019
LN-011506,122928.1312372146
LN-002355,192869.49993610795
LN-010966,42448.90193327698
LN-014247,121780.82118649736
LN-015066,130759.79121136865
LN-004114,192791.8237706572
LN-012393,35834.10260248661
LN-011268,41463.93806990956
LN-003892,0.0
LN-026328,105071.20982139261
LN-023785,16896.656027634792
LN-013296,76348.46599404089
LN-011728,231631.95640426697
LN-009163,0.0
LN-014025,9777.387496287176
LN-015925,84686.26345107115
LN-015808,37354.78788841997
LN-026141,117264.78764748282
LN-010765,30144.56999649963
LN-021327,824.1926236446056
LN-006308,193177.4426107864
LN-006967,304102.7770123015
LN-007665,315.7124345993949
LN-011236,49476.5087768382
LN-005296,61079.93879729784
LN-013695,152832.7720974842
LN-014669,63048.80146638171
LN-018681,66133.87425220454
LN-008112,79605.26837280775
LN-006405,85885.05376350213
LN-025756,78632.37957980383
LN-012227,0.0
LN-027623,143497.09120177748
LN-010490,0.0
LN-000364,84399.00601557156
LN-015829,25334.062704189957
LN-000951,76.35440133105186
LN-010431,21561.381392634372
LN-020219,26393.53515910137
LN-026477,198.2675294276389
LN-002964,108212.8442994247
LN-023065,69313.27413872119
LN-022071,35902.23270220007
LN-007523,0.0
LN-028516,0.0
LN-028783,402.92971919943534
LN-000305,166104.59959482326
LN-018379,0.0
LN-029182,141644.02434270963
LN-008362,28647.337968981017
LN-001033,72214.17463781852
LN-010642,59186.60486779273
LN-011466,64467.583177233195
LN-000182,99958.55245212543
LN-006750,110113.1812225839
LN-006440,58620.27071382084
LN-025233,0.0
LN-015215,57813.4263928436
LN-001373,109056.4153571819
LN-018393,108553.92421428673
LN-008987,112664.57159932601
LN-025995,15738.090988099731
LN-027985,29674.380957391964
LN-009380,178871.45118274045
LN-027868,91707.75895052776
LN-000561,0.0
LN-026868,53.263894792874474
LN-008715,0.0
LN-003208,29406.645471461055
LN-013670,143156.36195878638
LN-015399,140215.04851284993
LN-005357,41115.36693518228
LN-026545,0.0
LN-024006,30770.150861998023
LN-013689,279494.1957115921
LN-022079,86715.25839695972
LN-002181,66457.49763036694
LN-028376,142898.9217649694
LN-025921,640.7640512882573
LN-008712,127646.30279156593
LN-012492,9514.496339476595
LN-022520,110529.09309897102
LN-023891,1462.616493199437
LN-029282,0.0
LN-004410,78148.68697189639
LN-005652,191529.77959130326
LN-024215,205492.32381778912
LN-011174,81255.40876653456
LN-024465,0.0
LN-012821,48790.999401425404
LN-022544,0.0
LN-021727,0.0
LN-001558,233653.05603161058
LN-008452,169116.4041319981
LN-029086,35658.00053108754
LN-024037,275.4961107032579
LN-016137,74920.81606760714
LN-023146,46170.320630796996
LN-009468,36269.70197215981
LN-025341,45600.48183027166
LN-009105,77148.96295934096
LN-003662,35246.82734491733
LN-024374,75832.80586355126
LN-007389,0.0
LN-025725,0.0
LN-002594,19288.956585437732
LN-011647,68733.20177247791
LN-021400,125603.89359166595
LN-019202,33789.63076813278
LN-001597,111772.73293284998
LN-026373,41645.015546993556
LN-026896,232491.26781737592
LN-013891,65081.8972082853
LN-021630,25584.658990261614
LN-008771,380.5038243036176
LN-022219,127068.23249591701
LN-017177,136454.8442522092
LN-016781,36.953725547439916
LN-001560,52395.26792007682
LN-022760,90960.75116051245
LN-008176,0.0
LN-010050,62280.245644676965
LN-008079,65774.23445675963
LN-013125,8389.714475788303
LN-013864,61680.84856619842
LN-028052,393.3296312877935
LN-014058,51186.98092155583
LN-009090,154098.6695556659
LN-006968,26397.110722618156
LN-000494,77145.40174665327
LN-002757,46422.5426399581
LN-023641,0.0
LN-000885,95408.93404966596
LN-001669,646.8724885906497
LN-014165,0.0
LN-012040,0.0
LN-012424,126233.55865027402
LN-017683,76005.83401536009
LN-004799,71755.9891008712
LN-009283,10469.04779693678
LN-001426,96865.91018178544
LN-000484,86779.6442798735
LN-017108,226339.4459733658
LN-021234,136724.83836433018
LN-014488,153418.77186577176
LN-019609,102989.40532809976
LN-014838,157488.4500464121
LN-004535,110121.65702764882
LN-019578,25118.454182723814
LN-027930,211773.07627151304
LN-008571,38142.27180428937
LN-025542,72699.41206287881
LN-003178,106023.01330178395
LN-005488,52805.26953153359
LN-015722,65448.73282040896
LN-010795,24790.11082500225
LN-011424,38038.68592014001
LN-000011,171229.50715744335
LN-020914,45168.09949159341
LN-028366,144105.80838116282
LN-018437,92697.78734049315
LN-006024,27539.856735742593
LN-008607,31028.442456971636
LN-013271,90708.9888937495
LN-019447,157249.39446584525
LN-020060,97734.83144904477
LN-019975,69722.00021678327
LN-020823,49369.11530983354
LN-022580,58118.78117733184
LN-001881,64531.82225612872
LN-023718,60219.935629069296
LN-027176,53040.284710852364
LN-007826,0.0
LN-002134,69059.32963405551
LN-029029,268.4895328092457
LN-025536,98504.00410764075
LN-007477,38410.39902083161
LN-015899,0.0
LN-023974,75583.23884248202
LN-015942,144000.0856270966
LN-003352,62440.811332878446
LN-018275,175565.4864569496
LN-016448,53225.938459341756
LN-007559,0.0
LN-012437,0.0
LN-007621,81728.15181811505
LN-028626,30647.037275208808
LN-001658,18488.27730088423
LN-019690,0.0
LN-021946,44261.69259410843
LN-002657,0.0
LN-028498,21398.491245757552
LN-009517,103669.04433178193
LN-021170,147472.95289962314
LN-000473,141307.30819600003
LN-021892,229969.38630148675
LN-014320,119767.46789158323
LN-013586,39735.299308742746
LN-020094,0.0
LN-008118,134570.2094578065
LN-012077,31655.011678443218
LN-015203,253651.48268603248
LN-027449,98668.38430243092
LN-005974,298109.9783344281
LN-010315,143758.00493978738
LN-009858,0.0
LN-001690,91535.2672811306
LN-021200,91070.79708189277
LN-026576,225346.35482843817
LN-022329,189801.28704246852
LN-014487,197677.49058975835
LN-019198,36841.81187324829
LN-025113,74188.13826598856
LN-021930,39437.48931465327
LN-013058,77369.24386951757
LN-003733,33805.556378683534
LN-004817,96395.47071250221
LN-023082,0.0
LN-010332,138362.87514128172
LN-002895,58799.719267459506
LN-008727,197358.32885895082
LN-014742,84091.40215595909
LN-021769,124878.52305692142
LN-006777,83394.30677612942
LN-013326,105097.82664810725
LN-015032,18869.07725592168
LN-021879,37612.4068986378
LN-024741,167786.96197111657
LN-025186,34974.26429384794
LN-010301,35835.30721535138
LN-025173,148.50909092043804
LN-004175,400.21697493873006
LN-002055,0.0
LN-023214,34494.03607678832
LN-026679,136186.48482059588
LN-022141,35930.9216085144
LN-012469,87173.20289681213
LN-007261,66571.42741491838
LN-010147,53222.15885515127
LN-024903,110772.9667576698
LN-001450,102083.33710412268
LN-010579,72481.15198773866
LN-002660,1178.223625888613
LN-026922,60228.02794393746
LN-024774,56897.624545817096
LN-019735,120684.52661233027
LN-012546,88197.5216437843
LN-023194,37619.14777061238
LN-016370,142.04239219725716
LN-003819,42573.28386901845
LN-003890,17657.787102794297
LN-023086,104470.49601101119
LN-025923,108364.13064410473
LN-016429,105213.21734340147
LN-010481,20344.96206756098
LN-011059,0.0
LN-024576,104318.76388323748
LN-029263,83559.3504282535
LN-022777,150752.73796355314
LN-018450,29343.509930245113
LN-023649,16930.251673166928
LN-011492,21669.753131421763
LN-008743,0.0
LN-021964,86998.83469583548
LN-016283,146220.57850522274
LN-020310,34002.71103683098
LN-022907,214.72468041819337
LN-028853,49189.10093953117
LN-022646,672.7202065530043
LN-001100,34009.35496456045
LN-024891,85954.14485581739
LN-015647,82.55494549356447
LN-000320,0.0
LN-022639,45311.15455606012
LN-025411,12001.147027155223
LN-009559,103390.5245725717
LN-009513,69764.69894367353
LN-004506,100013.02092736398
LN-008424,31072.738143116414
LN-006677,36478.21181802952
LN-003611,19593.563502819074
LN-025637,64520.325162787485
LN-025165,0.0
LN-000282,72084.41553043615
LN-012549,13465.090435833994
LN-022553,48526.83131362516
LN-019105,118521.66324055423
LN-003793,39950.38371847337
LN-012073,40292.95272234606
LN-028259,18538.120254458125
LN-007140,32428.773158511678
LN-002883,44404.73836767906
LN-012939,100601.6608481126
LN-003104,558.1451246090734
LN-025769,127418.0231880073
LN-015536,83204.46412855647
LN-002249,93708.96274929128
LN-020397,145366.42661413996
LN-003212,94472.20588896707
LN-022019,19815.7123573674
LN-022564,133334.3744919811
LN-025359,36950.39019987928
LN-004498,27411.444085934956
LN-026614,0.0
LN-000179,33581.20147188177
LN-017691,32492.12720799339
LN-004921,739.5185503543895
LN-013978,127145.0718615855
LN-005612,24401.521329931948
LN-028190,155090.9096360171
LN-008806,22101.007781481658
LN-021623,52830.43777153233
LN-015254,18908.0648700089
LN-025289,79321.56403858213
LN-023100,70456.02308758513
LN-021553,62671.78624989179
LN-003524,351381.20919323206
LN-025941,0.0
LN-015627,177347.85928333958
LN-023010,142532.00857990683
LN-011199,50170.656203629835
LN-005871,37659.82631477253
LN-020804,78274.8968884027
LN-011707,152249.61101910262
LN-023843,27974.978042397335
LN-010743,28630.427180018312
LN-025987,86694.56706276878
LN-016391,126535.86088137778
LN-002376,84857.56373924341
LN-026815,128059.92236470465
LN-026978,154709.86833487893
LN-023948,54662.41543567226
LN-001866,173059.33436676388
LN-022053,0.0
LN-005202,204346.71035497295
LN-009895,23009.673368389907
LN-004705,87781.02474424268
LN-019495,32214.93054420034
LN-019817,59470.29872718055
LN-007584,64066.615666603175
LN-020508,35791.24582296372
LN-002237,26847.373300262116
LN-008691,116728.98949595123
LN-002330,35644.93488165077
LN-010834,39991.48358203826
LN-002643,67701.34651933846
LN-028354,101905.80727809499
LN-001262,1547.1588259548032
LN-028821,34342.570451584914
LN-007986,121177.48452668618
LN-015452,75967.63746979037
LN-022138,63514.94012142857
LN-001867,76211.2286318942
LN-025557,80400.21055220526
LN-019564,944.2668869513823
LN-024889,123187.84048892789
LN-008982,39404.01044137752
LN-019573,27123.071495427033
LN-018521,15715.58515664014
LN-005642,138418.98048080623
LN-010362,316.8474525344936
LN-020512,0.0
LN-027330,0.0
LN-002860,32653.20104230518
LN-022480,0.0
LN-009645,59923.04933668304
LN-000630,184295.70237778
LN-027436,46527.59385780194
LN-016333,63824.70257483153
LN-019911,93161.64026942116
LN-003667,57316.830636179984
LN-015519,194891.36148830282
LN-021331,56127.86790016131
LN-021794,134097.86912877165
LN-016667,276.6666576179448
LN-012443,157526.01104610506
LN-014892,60678.15591857907
LN-020880,54165.84912971674
LN-015766,482.56789150263205
LN-020554,74886.34432526455
LN-024325,93556.04915554234
LN-010893,61171.35523620806
LN-004565,72953.19433083733
LN-027325,127178.2623176394
LN-002431,1017.7923830038445
LN-019441,129364.70980150843
LN-003038,25906.42619939163
LN-000956,206535.75949107486
LN-011344,63839.08016256712
LN-000526,153.65377392980162
LN-024992,45555.74365875913
LN-000661,940.9001950571094
LN-007138,104655.22464849436
LN-015473,70989.8149868303
LN-022126,62820.36790455927
LN-018845,89858.68585916208
LN-008904,22.549691840148657
LN-022359,0.0
LN-019444,114190.39469996508
LN-010768,202424.340023526
LN-021715,64686.64038409631
LN-012768,71748.84478359847
LN-029283,18604.800237374326
LN-011322,115000.14944445905
LN-022151,12479.798735171911
LN-027653,25663.968531788003
LN-024423,2046.1434496954034
LN-018953,23241.588259200158
LN-001854,1249.4418284640133
LN-017270,82429.10965210566
LN-012530,7568.063278672779
LN-013101,219962.99921010374
LN-011605,85649.00066703401
LN-008842,30258.77509114429
LN-003618,219059.76115034675
LN-004129,140319.00501297033
LN-026386,31794.162529130193
LN-018182,140107.84977681024
LN-003329,34332.25938296369
LN-025958,14662.717932927519
LN-004338,75049.7012435146
LN-023521,66480.37497109442
LN-006039,36218.97817693028
LN-015599,30588.152426695615
LN-019661,178822.2502052718
LN-006138,0.0
LN-020828,32.95355834859411
LN-009641,71174.81762352285
LN-022507,100677.9776373777
LN-019932,0.0
LN-028669,20350.053047629324
LN-000195,38004.02994143915
LN-003139,13027.459915959322
LN-015085,109667.39833495441
LN-015558,0.0
LN-000991,42588.77532488324
LN-022059,38697.236180310494
LN-022342,12082.018377648237
LN-011676,155880.17244337738
LN-008851,128867.85219475538
LN-019579,178635.19642815326
LN-007680,0.0
LN-007165,0.0
LN-010525,36620.65526704461
LN-024256,114343.4720540033
LN-005755,33372.86805281197
LN-026375,82884.21347758014
LN-022318,93678.25341927863
LN-009264,98679.18556989396
LN-020447,101360.29802483534
LN-016810,88941.84356958958
LN-011432,30571.03606265036
LN-005413,0.0
LN-015248,171464.05335542886
LN-002856,117947.21447669073
LN-008606,32406.782443778284
LN-018093,105880.82484251674
LN-014997,397.80140391251837
LN-017684,35984.965435313745
LN-009886,32775.76734164621
LN-008180,42356.125648080684
LN-009258,0.0
LN-001301,217204.01305823945
LN-018009,77327.57400610119
LN-007513,67695.75074336858
LN-006480,49512.98051303569
LN-019582,406793.5754982444
LN-011150,510.9866965588378
LN-000234,0.0
LN-027197,34049.90740617207
LN-004022,95233.97739375813
LN-000216,45591.60739045858
LN-011774,30695.57499947657
LN-019194,166727.20811262465
LN-006837,60935.328347959294
LN-017180,68896.63746808964
LN-003459,67231.14970919897
LN-005167,48438.51723052391
LN-003908,0.0
LN-011642,75909.85847347396
LN-027648,31863.689402139647
LN-020421,30478.034708974603
LN-024986,140289.46418843928
LN-008027,346.9571709382126
LN-001348,34237.84856309306
LN-009330,130188.59145380875
LN-026809,261047.6622898594
LN-026143,55321.72439447034
LN-027318,93.17429424007096
LN-020202,86699.32760076915
LN-028588,96293.94323913303
LN-028861,67604.95731012596
LN-025762,446.4309954717495
LN-020171,166567.9580664324
LN-011967,39221.701641726715
LN-028583,107604.90548465219
LN-014356,44412.245252470304
LN-026639,0.0
LN-021936,152771.0575194433
LN-015796,0.0
LN-015931,86945.95711324681
LN-015287,75491.19156171905
LN-013971,120791.7129251602
LN-027289,71488.17081641979
LN-012965,126919.38586714593
LN-013943,120859.06596149612
LN-010710,118608.39061332423
LN-029044,88500.3514063994
LN-013311,244925.22737783173
LN-010349,96054.35926213345
LN-029016,59783.21307983024
LN-028593,11718.175558578963
LN-018036,130226.87925275094
LN-021161,151521.27882751377
LN-022622,131057.34688232237
LN-013004,45017.03491388452
LN-019587,1022.8642082517284
LN-020885,116132.2000240201
LN-011041,67487.53014807604
LN-020931,129008.57521853899
LN-013465,82688.02960331638
LN-003146,42135.62586083283
LN-013295,169551.57855448607
LN-015125,109473.09804522406
LN-015753,418.32954474328795
LN-017849,97200.3351782628
LN-002062,36083.75475669239
LN-011194,61116.85440099317
LN-015960,72665.44289556007
LN-011614,0.0
LN-022768,21063.14283311761
LN-023910,0.0
LN-020031,159890.12582413285
LN-029173,54319.29725012822
LN-026522,5484.922791054811
LN-022352,55308.064235343285
LN-025893,23209.80607607925
LN-015903,125113.1965019889
LN-005737,38126.54254105027
LN-002902,86873.87370871587
LN-027591,390.1855247139904
LN-001845,567.7925666004193
LN-017817,320232.1030555515
LN-018058,53471.59457689435
LN-016357,219267.38180803883
LN-016558,112850.8972622623
LN-003344,0.0
LN-019572,130193.72507632237
LN-000063,6253.109371230234
LN-023126,77922.67849905661
LN-017269,193547.19749507174
LN-026076,221711.82893446778
LN-013750,93132.8198306107
LN-018171,50585.555398263525
LN-026817,250732.80651834607
LN-012150,50900.400521172975
LN-003596,107262.85067772696
LN-005006,36979.78460410525
LN-015470,139578.46026893923
LN-023729,33608.698699455
LN-008655,78576.83731891129
LN-026446,0.0
LN-028215,33060.24675647814
LN-019590,35454.722224685545
LN-004030,64723.10822399051
LN-021290,101986.72149809968
LN-022364,32332.604788661625
LN-022286,150698.8366122683
LN-008790,28017.555661395912
LN-023661,67185.19172626248
LN-005331,106341.18444197603
LN-007937,40037.5616778731
LN-021531,65073.71008967776
LN-017229,43340.868924885865
LN-002575,85199.48131413857
LN-013719,41211.939607207765
LN-003975,23.399133709294354
LN-009342,45856.54903474586
LN-028956,16934.949595009304
LN-000587,71897.84253410032
LN-006261,99364.34862830686
LN-021128,108811.03291553174
LN-018535,116207.0271633406
LN-017819,51244.564173961815
LN-003533,0.0
LN-004107,38858.97202872157
LN-008074,76020.20518787402
LN-027877,115058.83942244768
LN-012110,55224.74781065555
LN-009354,0.0
LN-022452,0.0
LN-011917,24427.402061637433
LN-001744,201973.2666775326
LN-025611,859.8765054366338
LN-013198,0.0
LN-022067,24198.34093694698
LN-015067,163479.8114204533
LN-013845,101204.82644779215
LN-006587,38194.077489955256
LN-015858,125676.1301090196
LN-005276,22182.43070147177
LN-001937,35541.160637143665
LN-006629,0.0
LN-025891,175895.38367178765
LN-022962,0.0
LN-009741,0.0
LN-006222,151108.6405045672
LN-025166,0.0
LN-006054,20647.029437967383
LN-011389,45188.00121291189
LN-011668,28255.960079819823
LN-009902,304.9467404058765
LN-022683,57210.15072414431
LN-016522,84037.30029154928
LN-029126,18808.192483461793
LN-020500,213298.9338453512
LN-016526,60561.63275122623
LN-003797,0.0
LN-008274,0.0
LN-005281,49919.93432807617
LN-012570,24689.33348012317
LN-003202,30187.791061423373
LN-022939,180563.82683332337
LN-005486,52424.06533070339
LN-026330,53686.6311185379
LN-001756,75638.36543946533
LN-028773,161930.8655539583
LN-028627,44707.51073515151
LN-006007,78520.48583690434
LN-018921,56292.10586993259
LN-000959,25266.02915805859
LN-023667,176107.4078738617
LN-024778,128693.94701058535
LN-023880,86541.34071842849
LN-026874,108931.93915332036
LN-027932,563.2865994405843
LN-004082,17741.597590130656
LN-025768,104392.40938179384
LN-011771,122192.05518001787
LN-004137,74863.17803795646
LN-013288,32397.33847853156
LN-023586,8743.396813632968
LN-010254,115838.29278836514
LN-015049,77362.44543269799
LN-019671,95117.64924629692
LN-017106,112026.3399934404
LN-008678,83237.89120930078
LN-012811,41.12749248336101
LN-000718,75180.44020282273
LN-016296,30401.59458328094
LN-005234,40586.79098293956
LN-012740,33799.02336996266
LN-003553,5960.644975211953
LN-020476,268.88663201809766
LN-014411,269132.05716234964
LN-010620,0.0
LN-017215,36397.708801581175
LN-000601,86715.94711635
LN-012173,32957.704048332314
LN-028838,56176.72718082286
LN-014252,43267.317917681634
LN-014794,32709.503530887927
LN-000238,20084.501155465507
LN-020131,30404.70632632708
LN-015012,61687.24818594247
LN-028486,2134.2103025742304
LN-004525,74329.07115101707
LN-007803,124844.14107279769
LN-001354,59677.50011840787
LN-014722,174441.96856865007
LN-007792,883.26426405383
LN-019297,32577.28737185592
LN-001028,0.0
LN-024798,134584.3382393041
LN-026294,944.6125419021937
LN-013984,20952.918685967907
LN-022248,0.0
LN-000974,79631.74123714128
LN-007794,151816.28051334192
LN-015257,162708.8709669046
LN-027981,81626.28929691073
LN-004349,96207.9564626039
LN-000398,32701.605579627583
LN-011385,27.55649035611853
LN-011894,39680.25672264454
LN-013697,121271.07540627712
LN-013200,34311.55686602248
LN-000700,36578.287861909266
LN-025403,589.2619936486435
LN-009821,169619.37514088547
LN-023727,66365.83016276469
LN-022117,31524.366224696652
LN-006479,0.0
LN-023852,181968.6312096539
LN-003616,681.6374449622633
LN-011831,129811.83793264891
LN-004384,70326.7703035097
LN-026369,45900.50371408156
LN-000298,39653.49146540791
LN-014852,28874.311550631137
LN-025860,114798.19823030834
LN-010263,73662.09338250665
LN-014643,61.56170304428005
LN-005671,66279.61331549179
LN-002813,59901.73534659639
LN-000080,37744.284060953876
LN-014760,57212.023331185745
LN-021530,110473.8517782459
LN-008328,114217.87494322911
LN-001294,53793.41139170418
LN-001199,147655.48499527163
LN-024118,51849.79062995189
LN-026659,13117.483252645568
LN-004234,77642.27127832272
LN-014639,33344.82816098087
LN-005220,8497.347815348572
LN-011147,111405.10671738922
LN-015812,6075.226661885741
LN-002315,63.94637736438733
LN-011409,0.0
LN-007842,70007.98929562699
LN-029144,8039.075909135942
LN-006811,515.7071606242988
LN-004238,0.0
LN-005414,56203.26509424687
LN-005698,43302.388027793924
LN-028283,21333.07807552089
LN-003543,38996.43114237531
LN-009017,80913.3195765021
LN-017014,46298.3198307923
LN-013973,61104.65632960054
LN-000892,78819.07490556482
LN-028029,55808.86818798565
LN-026284,119866.93842641661
LN-000184,87516.833070528
LN-023007,29032.57694236596
LN-026147,310.54687367219645
LN-014111,675.344204870469
LN-022921,416.7387688158579
LN-025874,17834.534029078342
LN-010280,174516.6427352467
LN-004493,73882.35569733981
LN-015713,149410.9896099458
LN-000834,127978.3589172724
LN-024759,171997.56243398896
LN-017284,31668.842163101006
LN-017706,0.0
LN-020603,0.0
LN-015242,80584.53371278702
LN-014954,0.0
LN-004182,95760.05632850646
LN-028939,19408.405807969993
LN-027346,1810.6543696440522
LN-018467,61373.574896755745
LN-020746,62669.12840648394
LN-026042,304.22454447867074
LN-025030,79997.74835569365
LN-001923,27869.69296729256
LN-023263,107299.20775881258
LN-001708,23676.5960907204
LN-027631,185426.8468918885
LN-026986,513.0420312936342
LN-026586,227422.79896336008
LN-019651,39837.05415093131
LN-013760,77278.54209312017
LN-002248,54112.59842214563
LN-006013,100412.457404093
LN-024415,199422.8447515474
LN-028991,20755.1721816991
LN-028557,74158.16780195573
LN-007098,182536.08428970905
LN-006800,173137.42738930183
LN-009320,31499.178478749527
LN-019858,384.79332307716595
LN-004038,191968.6398485902
LN-012253,194513.74780663115
LN-013877,60336.14595100919
LN-021544,34231.4683651645
LN-005726,67799.28480562715
LN-026641,51000.968245875374
LN-028963,199836.4749369186
LN-008503,131960.4181326714
LN-026730,0.0
LN-006401,48478.52190576792
LN-009194,37231.1196830471
LN-005089,196705.8511042288
LN-004664,84811.3211435986
LN-006908,71189.7495157948
LN-002244,35695.46514477409
LN-005480,27512.416897282605
LN-003458,127747.071904767
LN-016991,133423.51328214342
LN-005827,91187.17867873797
LN-005838,67514.5548266015
LN-005262,125867.23087389005
LN-004424,224.72139255380756
LN-023365,75326.9008192912
LN-012143,51638.84254291582
LN-017543,100901.75893135119
LN-010343,109804.42295051963
LN-029266,36016.974260440154
LN-011901,25751.71592807512
LN-004630,21971.083343437243
LN-019818,76715.12700249309
LN-024722,103432.79824673687
LN-006655,44762.953907133255
LN-015891,106673.9469895363
LN-008191,129872.94201397391
LN-009170,155480.21474556281
LN-001739,0.0
LN-001397,0.0
LN-019969,198773.86280620977
LN-003964,25298.360191842236
LN-026754,62629.2276632235
LN-022031,34070.66781409932
LN-019534,20646.705212154848
LN-003007,105254.05020219932
LN-026719,44116.62138895837
LN-026805,154115.05888895833
LN-018885,28066.259500843717
LN-026729,26648.587252300666
LN-016857,42550.07348213959
LN-019311,203436.0072001275
LN-028314,148596.13444396408
LN-020941,53170.84069237635
LN-012682,102304.30624051484
LN-013041,92702.65343682018
LN-006256,112562.18817471941
LN-017093,23042.259971335454
LN-003167,71481.56437607898
LN-027195,350.0040439228193
LN-001714,103187.47760632589
LN-007637,25.047891808715487
LN-001594,30029.850565593682
LN-023447,93653.19420437905
LN-024082,66238.39759435329
LN-020537,25464.28092458973
LN-007851,39888.76419773534
LN-020668,487.28713696390764
LN-009199,164169.8229018793
LN-001573,143496.96402120928
LN-018615,0.0
LN-006102,33366.8585259115
LN-027846,0.0
LN-004529,75231.4724226779
LN-018574,18587.60295201337
LN-002156,172557.61788918742
LN-008577,162214.2629521519
LN-020400,125681.62758644135
LN-019768,43268.62865956258
LN-027198,121616.12671340806
LN-005965,69690.95034067114
LN-028250,125537.4751874588
LN-019316,18829.952025013725
LN-016387,207075.32510563394
LN-028794,6290.261193266132
LN-002917,159051.47690797327
LN-005289,167092.37240104226
LN-008394,107458.26206348528
LN-025353,46959.06347568266
LN-008925,36530.57477625818
LN-026879,69137.04307389856
LN-028041,28361.35419168277
LN-000348,74517.89460237198
LN-006710,169798.4414099321
LN-005346,73694.24952120872
LN-009983,63862.93702297655
LN-025294,143525.9095642622
LN-021817,2044.016074655247
LN-027143,71058.76877039963
LN-000505,0.0
LN-012114,27872.406790240126
LN-016424,0.0
LN-023981,19744.745908946745
LN-020753,28750.953184833426
LN-008426,50869.04863954154
LN-005656,1751.3941765065408
LN-023795,75603.14015328577
LN-011243,34134.01299404358
LN-003694,19061.82590661563
LN-027755,0.0
LN-022712,60577.04889296517
LN-009572,0.0
LN-025386,0.0
LN-006627,22558.84809997346
LN-020699,74060.78246546359
LN-028059,117866.66052292082
LN-009013,111.88168603073083
LN-017141,0.0
LN-029158,84941.34633805596
LN-020715,190376.2020050806
LN-011262,111811.77886513268
LN-024350,0.0
LN-005193,0.0
LN-006646,0.0
LN-023412,22216.681581615307
LN-011298,46591.78993330437
LN-006483,67625.28454263743
LN-002927,71426.8420360988
LN-011643,89484.76328503565
LN-011452,34632.375965217994
LN-010864,513.1895859976611
LN-014291,69.46625317362208
LN-022542,43184.090078183326
LN-010052,22542.597346699153
LN-017869,133137.34439242678
LN-012776,48258.874909739
LN-003641,107855.60798026762
LN-023332,83149.28785707883
LN-018353,38262.55486690532
LN-020649,45959.362252382416
LN-026998,66362.71091870511
LN-012489,314.0853362996781
LN-010626,56410.70898552628
LN-026020,26113.240806246737
LN-026372,46281.41213263539
LN-024974,69756.25239661508
LN-018891,76949.03646267267
LN-005449,33998.54161037097
LN-003191,89211.15822272409
LN-019598,62051.45459027816
LN-026578,308.26016909883253
LN-025939,37373.598115987166
LN-022179,73922.76869384125
LN-009625,2580.721898629288
LN-000090,0.0
LN-013236,124149.58190718289
LN-011316,325105.5942857052
LN-011586,26348.621481584836
LN-023656,156203.86272168352
LN-003620,77902.68548184849
LN-020485,22667.07653764891
LN-023426,23616.30119380057
LN-028219,188548.42000103713
LN-020945,95327.25976647795
LN-028905,80069.0371078303
LN-027057,22395.750527342774
LN-024784,52300.88116826713
LN-015510,0.0
LN-020876,41728.79971941134
LN-016719,62323.91399749724
LN-009271,0.0
LN-016212,78305.23687211167
LN-005623,168286.77463744907
LN-003876,73054.03937132622
LN-017514,101490.19938846247
LN-000416,0.0
LN-015996,62751.138414281464
LN-025008,0.0
LN-022736,0.0
LN-011091,168850.87070078446
LN-025635,0.0
LN-019972,36215.999127112285
LN-014706,2791.623179327862
LN-012226,68363.48713952099
LN-008954,36497.08896188234
LN-020736,268.7398457906346
LN-007096,64848.487530867074
LN-013650,94711.74236533241
LN-011943,38686.139235204886
LN-024461,143837.9283026242
LN-013974,130645.09976185135
LN-010916,204162.09585677323
LN-005035,137151.3989784786
LN-005556,95906.86724353531
LN-010578,22860.97618555686
LN-015046,154870.8947122868
LN-014811,156661.47549073797
LN-005295,132839.51392315948
LN-024221,0.0
LN-002996,33295.303956410644
LN-002314,2167.9782959716235
LN-023053,484.7803558648362
LN-021415,100756.56475750537
LN-005939,0.0
LN-009694,110353.48521229216
LN-028877,96339.01700233258
LN-014856,1724.4359803146037
LN-014930,81116.15613029711
LN-012279,39302.230275710135
LN-011508,42679.11897905243
LN-007580,110731.91262605021
LN-013457,180576.14226580274
LN-009556,252554.7768163444
LN-017654,300056.8368632443
LN-019917,6535.573372163907
LN-007150,23173.40019456026
LN-027810,79493.95964890513
LN-015006,80731.16622049393
LN-009827,38385.530502803354
LN-010318,32395.993896032833
LN-001781,126400.99546591392
LN-021658,0.0
LN-012395,101715.61983993383
LN-013674,20297.59869393268
LN-010977,48853.035561688666
LN-027322,184504.19341286793
LN-007284,55313.75529748005
LN-017778,170126.27160043005
LN-012190,136701.54306181183
LN-000108,91278.3273606631
LN-015283,79975.83821209296
LN-023606,123550.77437727047
LN-027065,46193.230368803444
LN-004983,122560.21117052053
LN-015448,0.0
LN-015675,33870.58776165761
LN-026831,103027.2732708648
LN-014984,0.0
LN-016042,76716.78343016304
LN-011635,35214.76615386694
LN-011401,50245.240944237696
LN-006136,132448.80946987108
LN-003588,121984.48965342065
LN-024318,67097.4173705089
LN-007779,43413.398610259406
LN-002780,20303.283654704035
LN-019448,62295.7917839027
LN-027592,0.0
LN-025709,138294.49897832383
LN-021278,107737.7914904586
LN-012929,48145.457198579636
LN-006003,79855.25774956624
LN-018054,47110.663714502305
LN-020990,102393.46966334594
LN-019238,117107.06260183881
LN-015309,120777.23771332733
LN-012576,70156.84343318314
LN-027011,49088.1038773946
LN-024536,127693.46351727658
LN-024252,26807.072607761573
LN-003527,95738.23505105266
LN-023490,122112.34188553854
LN-019451,77602.90330198708
LN-008505,28287.501769991075
LN-017078,116173.00218316301
LN-013849,81683.50338003415
LN-019937,44013.87415869455
LN-027702,143671.47198677753
LN-017315,46360.98230794894
LN-022527,75702.11998402323
LN-008179,74656.86546483776
LN-000796,167309.7464121814
LN-028760,55336.275489383755
LN-019606,77748.49309675509
LN-000278,78697.99587197197
LN-020790,0.0
LN-018897,298063.46547482465
LN-023450,32412.52071354587
LN-008500,168740.65738776364
LN-028295,37704.95977062226
LN-013735,172.57850762410789
LN-022238,47000.24888518824
LN-021260,134690.7863633731
LN-023008,17092.265749463975
LN-028601,438.4399099793684
LN-019429,126204.15623722126
LN-005410,84621.14058439808
LN-001868,297376.7409743498
LN-008695,0.0
LN-026623,214726.16434608228
LN-026797,118457.09758049648
LN-014886,61288.70897739769
LN-004548,43470.48050868945
LN-006301,99819.92350954199
LN-005915,22833.49343465701
LN-022491,60034.99268311291
LN-002728,115418.47533392956
LN-026869,69726.37030354197
LN-012914,63304.81061740878
LN-014010,0.0
LN-015770,38750.33878660832
LN-026483,222316.45321349372
LN-023002,164055.56569145044
LN-009804,0.0
LN-016383,134683.4866119374
LN-027992,120816.80076394383
LN-001763,154288.5133605031
LN-005603,27426.75310218434
LN-023635,69087.29383948109
LN-015026,0.0
LN-009566,67680.83583792688
LN-017031,100542.85845835735
LN-028975,57123.206313786795
LN-015418,344.9356587674457
LN-015769,15928.23550030021
LN-000837,995.5463087287201
LN-021594,230698.59919509085
LN-018750,8461.885704197863
LN-029122,30336.334873675052
LN-001532,69625.4643964652
LN-018984,87176.65500991452
LN-004074,72828.84481691498
LN-004502,6619.132768490112
LN-014316,88545.62055609711
LN-016380,0.0
LN-023427,973.3778318666095
LN-021837,29281.64323940197
LN-016557,56778.80517113836
LN-002374,3190.877210158895
LN-016234,213508.87942530712
LN-022522,131277.06421352288
LN-024927,162082.18440748221
LN-026243,178727.41930604534
LN-005580,0.0
LN-021736,113.35702622853172
LN-003477,28.17444326257825
LN-024451,0.0
LN-015706,48558.47477975582
LN-000327,153661.43053938207
LN-007890,104139.99474291348
LN-016486,88568.8529146212
LN-007254,39994.7098559145
LN-008128,0.0
LN-016167,34247.93400435541
LN-021831,0.0
LN-008850,0.0
LN-022977,23.20315509894038
LN-000461,134905.1967018881
LN-019423,67989.34060133439
LN-021766,111085.1602213252
LN-002861,0.0
LN-010123,110473.84069958693
LN-012550,199155.81565570793
LN-026602,95600.60366218555
LN-017417,46803.44431677689
LN-018346,31777.97764433932
LN-017167,116193.75159364092
LN-018917,242758.70954305585
LN-019803,62360.781583977194
LN-015700,36165.66233390202
LN-022487,23858.7875199625
LN-010508,21941.161965648036
LN-007841,16678.40470161389
LN-017182,242.38669994942106
LN-018700,231678.12234168508
LN-019877,47058.06369191671
LN-016597,77399.2035657895
LN-026777,253867.9894450103
LN-013887,102212.4443840657
LN-002866,219827.9634983698
LN-012738,158052.27603378825
LN-014298,0.0
LN-027450,0.0
LN-010868,0.0
LN-003341,60458.11004854363
LN-008123,876.7955405130741
LN-005278,24204.747108190604
LN-019888,93517.9697136914
LN-002710,43638.84012026652
LN-009673,159108.95148186505
LN-002161,155699.48930634596
LN-018486,95705.4177514682
LN-004953,25787.103117452847
LN-016885,142822.12952586668
LN-024967,83182.63279153302
LN-008261,34656.89708912678
LN-015194,48938.66734855634
LN-015982,147299.73283349388
LN-015202,168230.07794396757
LN-025742,89775.47884248849
LN-029199,133288.90137206975
LN-026595,0.0
LN-024503,472.6398371242913
LN-012670,127904.1078575218
LN-012677,38583.73812704245
LN-007210,107683.39415782313
LN-005315,63074.63023173803
LN-016849,47.209560966280364
LN-029285,27182.20187312141
LN-018508,130498.64605186248
LN-007979,54908.44114059798
LN-013281,205790.38283509118
LN-027664,146174.75757115558
LN-010402,53501.08982761619
LN-012463,72240.6346151809
LN-026199,55939.76405030301
LN-014015,91915.58941080635
LN-016071,91932.96932879441
LN-020211,97176.23787519404
LN-015894,18447.074306620623
LN-002674,78172.59245082803
LN-022221,100699.45662952568
LN-023520,178363.2016556146
LN-020541,22049.94533697938
LN-004559,0.0
LN-017911,130703.99358833472
LN-007428,61435.81941129159
LN-012604,137939.37071388055
LN-003207,65635.43933606111
LN-026360,12042.972476417332
LN-000676,47791.164468706294
LN-005163,95560.0757223526
LN-001358,148143.67096393032
LN-028270,57534.0428473266
LN-011426,41452.786499449634
LN-016497,19528.092875352188
LN-000285,34599.47560475297
LN-009700,146530.7819957793
LN-016931,156331.80698330153
LN-021848,105832.79723298141
LN-008814,61867.64144859194
LN-002407,34432.97953283542
LN-021542,17638.599943611644
LN-026285,55485.7107292493
LN-011468,331.49268483687945
LN-020268,102501.2506373401
LN-019468,628.1900810585631
LN-018728,25864.684308186952
LN-012310,8745.941170596181
LN-012255,61204.60742063564
LN-000055,2564.37042104061
LN-022509,319.37898418863296
LN-027224,186582.89102069428
LN-003228,38542.51162135657
LN-024525,163105.72511951087
LN-024896,156531.56031679746
LN-014268,20343.78718707357
LN-003983,69308.77676898216
LN-028348,215711.4047483888
LN-002945,76381.22448156451
LN-016556,118734.79938547974
LN-023755,865.1816708353771
LN-011770,0.0
LN-009396,0.0
LN-016641,40730.063657204104
LN-008626,180332.255821864
LN-003099,62840.744495276296
LN-016210,142.92322693891234
LN-019823,56558.09525662396
LN-024919,115731.17447989839
LN-016809,184612.26011527886
LN-020629,160460.6617846778
LN-008365,44199.336561188895
LN-016487,251703.06043473296
LN-020884,49332.87266803001
LN-007622,28965.28132077557
LN-007026,112080.73445130074
LN-011297,9497.189431057148
LN-013118,172185.5311332465
LN-023936,0.0
LN-006433,186675.33773473607
LN-005098,240844.02301551573
LN-009251,76655.2195719074
LN-029107,209847.87267913503
LN-008160,141198.8996024063
LN-022213,85710.18136282188
LN-001173,27525.493701507716
LN-007216,995.7889193891028
LN-020161,0.0
LN-013655,231401.28101672584
LN-012094,0.0
LN-001973,193.4628172664566
LN-008957,1271.7056819979805
LN-028711,169678.97423960667
LN-026814,75436.877589212
LN-007867,141490.80052659733
LN-013365,49745.828624214955
LN-014925,18.738496102370988
LN-020315,26833.76057097657
LN-000977,221596.93613714885
LN-017243,19192.143917322872
LN-013803,93604.17235930367
LN-027090,97524.69992233466
LN-028207,119213.248784111
LN-007429,66.20032653014864
LN-020203,166048.07436060204
LN-027890,218209.8932597761
LN-026123,37132.531672519726
LN-029178,36748.89380948897
LN-010750,69226.29582395488
LN-003744,159.4842995302528
LN-025711,78183.73785540124
LN-008642,34298.866919988235
LN-016293,89296.10890349546
LN-009472,0.0
LN-018087,61989.706733419494
LN-029260,32886.65679610554
LN-011081,92496.67806412134
LN-023398,12432.11527126285
LN-022724,28486.18379401836
LN-020467,142.1025651305891
LN-013787,0.0
LN-001567,0.0
LN-019719,64070.74535740604
LN-005772,33523.95769330389
LN-027853,1164.2011549382823
LN-016224,146730.20539994937
LN-009181,184772.90147359125
LN-022849,108310.1671354629
LN-015361,168021.37064147065
LN-021402,88635.88792028406
LN-014037,191.23505913176356
LN-015017,89851.12343111006
LN-005969,45071.87858591432
LN-011982,31399.79219793582
LN-000688,0.0
LN-027256,36246.44528996407
LN-027275,92166.87379512323
LN-028753,65872.17316721674
LN-005958,153129.41574128988
LN-001079,40969.998536398605
LN-018931,76369.58827707582
LN-003369,0.0
LN-023188,0.0
LN-021860,72343.26833507633
LN-028916,68424.6862731302
LN-025907,18833.394845354058
LN-012315,62389.60464740331
LN-028095,0.0
LN-000352,120817.72980095024
LN-008106,71980.9872555753
LN-027803,78729.23693021828
LN-001696,23789.290068776274
LN-015667,35629.343909240844
LN-019483,120048.84069128553
LN-019118,64434.34017140169
LN-028332,33405.0029196611
LN-003538,110632.74163243208
LN-028661,72170.45144432125
LN-023408,0.0
LN-020624,38583.012653358746
LN-027231,111538.11912323501
LN-003499,33951.740432090475
LN-009826,40580.38538206467
LN-015080,45418.40027065278
LN-008324,1459.379872082739
LN-015404,51421.45124273452
LN-001976,35522.72076168106
LN-023698,102405.92208432603
LN-006215,56385.385662082925
LN-023961,110429.55430178951
LN-015886,1463.9410704950403
LN-023529,30130.587354692387
LN-009592,147713.08989568558
LN-010047,36629.877239924324
LN-011531,105018.1211609089
LN-011849,93004.99957256485
LN-018892,28746.583458591318
LN-001698,223017.55081261403
LN-006331,0.0
LN-001882,81625.68798913661
LN-020810,109181.04319338484
LN-003679,150832.69170441735
LN-011238,132320.31029938738
LN-011461,81116.38745944026
LN-022780,416.2482336837339
LN-006916,299347.8616450756
LN-027054,101284.86584411154
LN-018263,171802.60603606328
LN-029225,110310.97480622049
LN-018085,566.9286685517834
LN-018381,0.0
LN-020270,126721.7642843204
LN-017430,76022.55974670392
LN-000300,60242.59553200256
LN-019772,178524.30818174462
LN-017002,94401.72751717911
LN-011789,117893.95136389928
LN-001996,60959.72658380158
LN-001742,28104.361900312702
LN-002502,134498.6846504043
LN-012484,78104.54124301374
LN-005110,21091.137480180827
LN-020959,0.0
LN-019673,94894.54761923892
LN-000781,24440.663082660125
LN-008989,69104.4501050532
LN-026977,178170.91180266204
LN-001984,51155.184541671246
LN-026644,84464.81124832194
LN-028044,43165.85409792678
LN-016219,143684.94373308923
LN-019650,87619.73818552073
LN-013614,67587.97581527874
LN-017148,74882.38496370341
LN-026979,23506.57837307163
LN-016344,154906.32172054157
LN-005762,86364.27372725429
LN-009183,819.330704438302
LN-000471,833.2795295003637
LN-026463,103.6196841691654
LN-023255,27080.111722142105
LN-018814,72457.18182490295
LN-027827,70198.44943991111
LN-009803,127446.71397721073
LN-002366,32861.19146127155
LN-027922,34995.51149485245
LN-012727,38848.871566166235
LN-003549,135392.46556298647
LN-018551,25709.69803336681
LN-012672,104952.65021390792
LN-004185,329577.51823125547
LN-015359,17948.762024337124
LN-001601,0.0
LN-008632,80542.1380612118
LN-003786,129375.82124085068
LN-003325,64486.943067361724
LN-022189,40937.17294213651
LN-019492,176462.11899532904
LN-001356,41507.67616974783
LN-005273,77161.98525400233
LN-017560,45480.61376769898
LN-015031,109374.8396999959
LN-025031,110458.60261575913
LN-014528,101942.91800853662
LN-019769,93814.2956783813
LN-021494,75289.21779054668
LN-002098,32522.19316767345
LN-016398,32926.81540115423
LN-005347,283306.7329003906
LN-011346,0.0
LN-014979,66346.1488099006
LN-002094,49382.81425634507
LN-003149,20477.391904537762
LN-015337,31653.267282372995
LN-029228,63371.65209598045
LN-029240,19026.197400548303
LN-010029,62527.23615345411
LN-006615,0.0
LN-024840,27233.701128301655
LN-007905,24058.192673599504
LN-020861,198942.53033097062
LN-025574,45032.040346684
LN-028185,559.8138740123848
LN-021436,114522.62055628073
LN-026064,161703.43295369353
LN-000207,32402.704020146768
LN-010138,200400.03369447065
LN-023359,205076.99601797608
LN-000749,58037.83632630394
LN-028338,97805.10768475584
LN-017477,151435.8564694851
LN-004368,181774.07130491157
LN-023909,149744.45618180104
LN-019816,34198.14378478365
LN-000854,0.0
LN-016786,197859.72393715635
LN-022315,41234.05063147155
LN-009130,71273.93221153738
LN-003960,51978.411752412656
LN-017910,65238.55052517205
LN-007898,205097.95734540324
LN-018856,67329.94890272725
LN-009214,98874.69374412792
LN-019404,2429.2405324999045
LN-026480,62533.76558795348
LN-025390,143647.436726116
LN-009371,36.406473399412434
LN-010631,162208.93403617557
LN-022140,171154.3427914723
LN-029125,221987.6509080761
LN-007951,3968.1583983344153
LN-006265,185503.96708930394
LN-018977,39212.74521818641
LN-001018,34860.05158838048
LN-016006,137813.928545582
LN-017266,50896.69703642245
LN-018749,102704.10024718578
LN-015434,0.0
LN-010665,59420.588283168545
LN-003525,0.0
LN-002827,61609.91640138627
LN-017795,134353.82115547225
LN-006557,48653.66895449439
LN-016972,179592.0286955537
LN-010167,24386.374461665677
LN-025475,118454.44873692571
LN-021088,7994.364667305446
LN-007849,0.0
LN-027083,25101.67749975622
LN-006694,40998.38980437467
LN-007030,5017.448905117072
LN-005384,62385.37952186413
LN-007395,132282.85648036355
LN-016548,102875.95591619347
LN-019794,96655.56071349684
LN-011094,82828.23510457328
LN-017392,37823.18394902351
LN-025273,89326.29903450105
LN-020115,150.40484842829696
LN-023549,107297.1711068272
LN-003689,135066.88454076106
LN-014922,73256.03521877578
LN-011106,84681.99407817368
LN-006845,73688.67426034305
LN-010025,85565.35753420858
LN-014780,28968.26323449227
LN-010545,73111.20998670229
LN-000906,260800.161642965
LN-013852,73320.3601568932
LN-013751,75486.25324745955
LN-013985,53772.22006819871
LN-008980,59867.306469059
LN-006825,86194.62422823714
LN-004104,42790.337464936216
LN-013251,134688.96104890882
LN-013556,48520.86804663976
LN-003723,164916.56633532772
LN-009817,58634.74272005831
LN-022276,31531.10174508344
LN-003423,44358.92729653067
LN-009369,62135.46765207544
LN-029088,55870.3198128128
LN-010095,37182.9220686596
LN-004141,260807.83846436176
LN-023633,107864.17176419185
LN-009961,50041.99167861182
LN-017365,231864.4806577322
LN-022301,57674.439199270004
LN-015237,98407.60766387629
LN-010963,72703.49773434491
LN-004585,104998.50593739322
LN-009219,0.0
LN-008235,0.0
LN-005943,0.0
LN-028213,274.390485586816
LN-013757,74834.37710152748
LN-021171,189.2387585444491
LN-014671,93575.22232018912
LN-015001,162866.18140519437
LN-013155,99396.31773348208
LN-020608,78564.58995969367
LN-001104,34909.02712153262
LN-028400,100066.9523892192
LN-013612,93297.11062716442
LN-011047,51142.30843455381
LN-001909,60753.4916768985
LN-002177,0.0
LN-013595,15044.398265592674
LN-029165,98475.54629661074
LN-020801,70022.01110701455
LN-016979,57272.26572036577
LN-002008,29209.828978670786
LN-009431,125771.96583189227
LN-014991,175789.78621515454
LN-009708,34413.90253723684
LN-020383,39475.53222228972
LN-011726,27543.902903697213
LN-026836,10630.080535501855
LN-001177,34838.74574538468
LN-027157,91880.74979545682
LN-024260,2372.0613517115044
LN-012612,181023.6189015043
LN-000344,76095.4721425113
LN-007764,34897.17325932554
LN-020547,143450.76800401532
LN-009420,71897.20535853766
LN-027347,23752.93219951049
LN-002252,194926.8654162021
LN-018086,40213.88846499223
LN-028012,88206.56327941442
LN-023444,224888.3961662768
LN-017552,0.0
LN-011301,38260.103367404234
LN-014865,36463.15953536462
LN-017224,0.0
LN-008007,62976.36201549803
LN-001647,132403.2317106698
LN-003898,118710.34258225518
LN-015441,39986.30294441819
LN-022081,88014.28020182802
LN-022080,87331.8751446906
LN-012940,0.0
LN-014982,136881.94509635563
LN-025490,0.0
LN-027588,0.0
LN-008672,66970.1828039499
LN-015166,34630.24184693729
LN-018783,245343.7254004467
LN-026944,107203.36957137873
LN-018661,71318.2689643141
LN-004866,67876.56185147887
LN-027248,140007.44029469506
LN-024456,198996.9143309957
LN-019343,138174.48953153405
LN-024573,50326.44849816901
LN-011338,7689.305734787078
LN-003324,35281.55975043938
LN-028820,797.3587078141602
LN-010079,54494.442892146064
LN-004219,51981.68469756994
LN-003589,85515.16534424979
LN-019669,38023.813253335815
LN-013512,88979.33897768635
LN-023517,177555.92484402252
LN-022796,28801.53147715254
LN-002933,36971.96866255494
LN-019457,0.0
LN-019630,46376.07701821633
LN-021054,107974.96994067098
LN-004309,388.63084794961463
LN-022732,168171.27300662972
LN-001819,35600.28450164254
LN-014658,62465.76314931679
LN-013648,1197.9488859194716
LN-004016,19490.906752407263
LN-006690,204605.5632601621
LN-013571,127.89198473592774
LN-014362,178043.09388130973
LN-021467,157500.42211210396
LN-010801,53521.251412098405
LN-016904,148966.06003544873
LN-027103,32172.979024097534
LN-020588,110917.95156731452
LN-000017,0.0
LN-015217,198362.65087223303
LN-022372,21819.40402821726
LN-011187,142098.8258382534
LN-027872,13609.745152754274
LN-001983,448.35323376343524
LN-013836,193314.172062766
LN-009300,60597.937815400895
LN-012508,0.0
LN-018002,23861.528602917355
LN-019689,25938.55260245668
LN-021193,75150.83072151121
LN-005411,75266.47698703196
LN-020392,85404.52582372175
LN-010699,102238.92447941698
LN-020888,33932.17956140908
LN-008621,0.0
LN-002193,35215.060908719235
LN-009653,187444.20856906706
LN-023037,44155.29742478222
LN-002295,134124.30877735966
LN-009084,132.58391785730788
LN-009727,36567.48168934132
LN-003614,281920.43490776775
LN-005542,257426.09411531608
LN-024677,46271.40625796179
LN-008530,52512.0573307557
LN-014150,21695.939121927655
LN-014825,79832.16921120352
LN-012644,137057.05882248897
LN-006221,56219.56740142104
LN-007687,166614.91661302888
LN-024015,95765.7686611372
LN-007351,23.079334008280032
LN-009515,71129.86079842738
LN-003871,37656.98614741715
LN-015157,62249.91799709523
LN-005206,15707.918570208463
LN-000109,21615.874724730405
LN-023481,20763.600980950603
LN-011816,57481.38819444303
LN-011696,92258.93513088586
LN-028929,55953.685404982534
LN-009224,76164.96287950629
LN-027539,43586.15607295758
LN-017308,29322.568974021953
LN-022162,69570.6004007182
LN-014853,70311.89104580303
LN-009373,63565.133742901075
LN-011284,24.58007116130989
LN-010036,32913.85786709175
LN-000304,45744.26706978385
LN-000645,0.0
LN-013794,7990.137313287715
LN-000924,216532.5475400745
LN-025809,37058.376568225445
LN-011570,127047.56303589584
LN-026491,39021.646287032185
LN-002340,80.7605441384748
LN-027506,214012.19140237183
LN-027278,1059.5738772970415
LN-013709,34392.61666149017
LN-014544,17632.85722469168
LN-004418,92100.04932352182
LN-012381,27806.4726261963
LN-018035,50.5133683592059
LN-002382,70891.17486702418
LN-028940,157895.45222965788
LN-000835,63263.93716757841
LN-027175,30276.647580165052
LN-028742,130319.60433299527
LN-017376,106509.54416331497
LN-011020,108688.62690777349
LN-019422,62995.91624028177
LN-024402,5466.687063360652
LN-018909,21163.14851771786
LN-003370,71.19696765775791
LN-007577,41326.572698109805
LN-028981,109788.57879138282
LN-023217,64562.384102932556
LN-002453,80709.03827027245
LN-024387,153415.63873201073
LN-005221,84899.26592347879
LN-024860,120320.86845252052
LN-000066,59624.20791031326
LN-025926,97776.73839850117
LN-018329,123764.86379246734
LN-001661,156650.18037643246
LN-027253,105809.61335182168
LN-012964,96145.57891297722
LN-003941,72739.89954564963
LN-017256,151141.67000104298
LN-012808,157713.22134638618
LN-028789,731.2882176347048
LN-023697,31561.730225987805
LN-019201,26061.24511900407
LN-019910,163.66965511404084
LN-028359,20035.71647297078
LN-027688,53346.96216505881
LN-021975,127011.2716087558
LN-008264,3946.870637811655
LN-023201,31188.827238786012
LN-002788,177297.54179687228
LN-020263,200876.49565237854
LN-001847,92856.74783573617
LN-007839,280209.79458556825
LN-018730,326.4487028521413
LN-004072,36.81451521465439
LN-005242,148702.37588765737
LN-000151,133508.30914031278
LN-011652,60481.313623627786
LN-027900,65931.97987253482
LN-017265,44913.89302602008
LN-006849,35137.69309552397
LN-024353,68793.56701459277
LN-023830,125882.15615976033
LN-007522,99490.59241935729
LN-012704,114444.90251039229
LN-005848,62518.652990673
LN-024286,11997.682214139604
LN-009785,36705.37073452967
LN-026153,87285.79073287567
LN-029150,26916.401417670313
LN-022566,24889.195794127554
LN-003534,32356.298395598813
LN-007228,126812.69144144989
LN-002040,108325.11618412222
LN-002962,9345.874599098004
LN-011255,112092.09634187963
LN-014423,0.0
LN-008266,654.6741149429357
LN-005443,62531.60822846895
LN-002150,92584.26194702418
LN-011620,192937.71035989764
LN-010455,48844.720682412495
LN-026866,44916.97292724399
LN-027713,20128.640761151335
LN-002733,270923.9396123103
LN-016609,50809.465072672654
LN-025242,145656.43198423853
LN-023436,301495.43590169575
LN-029177,193972.14172786722
LN-000185,33047.71591487857
LN-019171,9942.707344542989
LN-016015,115559.67580432154
LN-006912,39853.6477899438
LN-003270,0.0
LN-000183,1136.7304920664214
LN-020123,29469.07049188333
LN-025932,79489.04846207368
LN-011324,36353.95992010698
LN-019880,0.0
LN-023349,72963.15001161954
LN-024330,36399.196498145415
LN-025956,34019.73232084673
LN-027725,88796.33239345964
LN-002721,159531.3938621872
LN-023410,28508.339818775286
LN-010625,69320.39543216176
LN-002100,72384.34769602054
LN-016737,76407.84266449195
LN-000192,137336.66254051751
LN-029019,108758.1152911061
LN-029186,49508.66038185708
LN-025077,147182.74428914706
LN-012431,105321.26678934266
LN-016385,21937.040408881243
LN-018293,62241.505121882685
LN-010066,45014.11875952586
LN-001302,132070.6018712937
LN-019360,63706.25436183159
LN-017681,1120.3242844653464
LN-020558,65882.00860703536
LN-026512,39566.777912887905
LN-025122,34568.087710232474
LN-003009,39509.79297602783
LN-007882,64754.08112560703
LN-015666,168358.99408133398
LN-002685,72250.86296772503
LN-017299,22750.951206155893
LN-019246,101830.26851693245
LN-016450,170088.70278802872
LN-027630,85293.59766703374
LN-011072,39154.688986407135
LN-019731,166668.94596580192
LN-003071,156665.64932174486
LN-022992,51.39429170375275
LN-020029,76280.17294653904
LN-020544,24284.62717693328
LN-014479,320.0685423511358
LN-027836,73987.09787325334
LN-026880,157778.50894925636
LN-000395,714.2248097828054
LN-013139,283.3189537545726
LN-008910,51354.76953167099
LN-001512,108354.74593147104
LN-010908,38069.044168445565
LN-003121,156024.3708049276
LN-005889,67831.83712132243
LN-009211,34032.4485019252
LN-010436,20830.067474682535
LN-005582,32519.23008949519
LN-001427,167283.00695140095
LN-017008,35187.64559322723
LN-019631,29237.58029383892
LN-012296,101214.19768300447
LN-027444,42135.9820621721
LN-007695,144109.0449249272
LN-007277,182267.27846206052
LN-005339,0.0
LN-013341,42821.911315846875
LN-006606,29305.837932484825
LN-011122,43184.20331280593
LN-012624,89898.25331871648
LN-013283,47795.070638429046
LN-024816,122744.20239484396
LN-026302,94188.202016911
LN-016701,95651.09862655855
LN-001971,51287.0115858238
LN-024829,37192.9532504053
LN-001620,573.5702026419924
LN-007381,56583.78656620354
LN-019211,32368.37340003776
LN-019069,63.610965403601455
LN-012318,182405.53042995872
LN-005860,119846.05112259604
LN-010099,92414.4386735395
LN-001249,31040.032426997604
LN-027430,136089.98725751368
LN-001382,0.0
LN-010896,583.4144621018437
LN-020827,47337.30247047305
LN-029083,138108.14384738338
LN-028765,44201.20140684782
LN-024968,4682.856715775721
LN-014283,0.0
LN-011447,55046.4215343415
LN-008611,111335.14993244052
LN-010573,23726.92914034648
LN-002210,47179.64162120472
LN-011133,63242.21210125218
LN-011517,118561.82904726724
LN-021363,100289.68365491272
LN-018680,62222.58676598158
LN-009798,58470.752130168396
LN-021838,188784.83977520507
LN-022302,35299.73544900755
LN-028024,494.1919213948209
LN-013507,46051.8567551316
LN-020792,91871.02094799717
LN-010112,25716.846679717433
LN-012218,72289.24455115265
LN-012754,198654.00875896183
LN-002887,140563.7586531702
LN-027910,205893.193057941
LN-016549,82834.48605389835
LN-008675,72193.6317296918
LN-000100,69249.81878984623
LN-017856,150598.2418857877
LN-009193,89629.0792120681
LN-016717,74106.89386022306
LN-001058,3051.853576224238
LN-019008,100181.3550951448
LN-013290,94858.23625193017
LN-019756,157451.494695073
LN-017782,34734.483542466995
LN-012353,0.0
LN-005368,361.4618262334336
LN-020246,96323.54605451955
LN-014769,25309.885128040776
LN-002408,191594.20589957805
LN-019025,39153.12155160674
LN-023815,108109.31151129815
LN-019204,67623.18799375131
LN-018457,43504.26882323164
LN-013769,17864.479829779135
LN-016899,84319.64746191047
LN-010922,204.24481569416227
LN-027470,53264.389393696125
LN-018927,0.0
LN-023347,40734.40543274715
LN-005349,94269.00643430147
LN-008414,38126.67777375274
LN-013857,22163.674951038585
LN-026087,264869.3581810582
LN-017582,53527.8444253173
LN-027095,192282.7394185732
LN-010510,1219.4969672111301
LN-006719,112294.10101458598
LN-002812,157021.8821945557
LN-018038,74689.19801421749
LN-017598,103221.49266907078
LN-001175,97197.97679895295
LN-003939,42469.208819201885
LN-008673,33313.848233055345
LN-025855,28235.53711352816
LN-005017,137.2361049215518
LN-027053,273078.8618621008
LN-005683,0.0
LN-005780,104087.95958906032
LN-004911,142904.02459206127
LN-015660,174914.5185346704
LN-026011,106547.1201200968
LN-027051,96255.78820133928
LN-007407,193612.71892087167
LN-004268,293469.14662271243
LN-011455,140998.18025111652
LN-016765,33840.30081171546
LN-027006,88857.9252237729
LN-002024,23284.599126532652
LN-020479,66771.61448535498
LN-019268,68145.87119654684
LN-011808,28045.36123203097
LN-011539,77797.42521428807
LN-022186,71478.8381451592
LN-024790,180849.3701188328
LN-000783,122243.11899080843
LN-002863,66764.23860384396
LN-010898,102539.00288091436
LN-024683,0.0
LN-025796,124263.7699754139
LN-009941,106203.25172379568
LN-011700,165201.82145323558
LN-016425,0.0
LN-015214,60875.18670186017
LN-020502,31792.094817044268
LN-003108,38831.80019013993
LN-022999,782.8158973073064
LN-005702,90649.85976435094
LN-016978,41046.591317656465
LN-018735,191513.63768033337
LN-021587,156276.1076005051
LN-021359,68564.09476822306
LN-015850,30987.82909573581
LN-026061,0.0
LN-000149,32331.664259916844
LN-028908,171494.923830576
LN-006056,139308.13557365086
LN-002979,138027.0335958512
LN-011659,135289.18927417308
LN-009628,173512.05519386943
LN-002562,93073.92916467981
LN-013064,60130.064499850654
LN-007400,231813.08729866537
LN-012729,97103.27054588345
LN-007426,0.0
LN-017115,38145.26008255626
LN-000187,23210.459461590246
LN-013934,262159.08835256076
LN-027970,113449.77517112953
LN-021149,0.0
LN-025908,0.0
LN-008674,23414.99510521168
LN-002859,182948.81161331155
LN-025264,28842.66782349616
LN-004662,453.3441108495264
LN-018736,68135.85431693085
LN-018949,143181.61035958046
LN-003164,20107.301720927386
LN-017853,9688.00917550052
LN-004567,125233.0338523886
LN-013047,43472.57385961329
LN-025862,166437.55897244008
LN-006723,27217.169792780478
LN-025837,0.0
LN-029115,23.261839973937036
LN-019157,128307.30924783654
LN-003826,116221.09922689201
LN-010746,749.6427967183424
LN-007045,92526.6561380323
LN-010820,160340.48740348982
LN-008566,434.5101415301313
LN-023677,147612.12038629156
LN-028453,68441.48139415834
LN-016466,367450.3958942467
LN-021952,81713.25733943109
LN-008082,0.0
LN-019597,52630.17218513635
LN-024655,192240.41572036644
LN-000277,15916.79714163886
LN-027875,33324.78267301611
LN-005127,74041.83457469496
LN-003197,77356.49454045475
LN-010414,78697.3679466787
LN-005072,16773.78247191882
LN-021269,201438.3561098959
LN-004512,78522.18131220405
LN-004892,55918.180341799256
LN-004166,0.0
LN-003522,70080.34473768287
LN-007790,39598.661163599245
LN-028872,126323.94864358882
LN-008423,99658.27338010487
LN-007850,997.9027858038252
LN-005204,35579.38955242045
LN-006284,94091.85867158776
LN-008492,94516.16419918953
LN-007357,37.32909406121009
LN-014764,618.2540541916493
LN-004144,104.99549382277338
LN-017694,60834.07781605717
LN-001389,173986.37294400547
LN-015106,93151.68485793695
LN-000099,19462.869476017706
LN-010057,90929.39412769164
LN-012851,96215.14270135021
LN-006602,65090.274877524855
LN-016589,391.2623383684683
LN-026436,26924.04272078493
LN-022567,118753.5295077139
LN-009690,43274.42199488713
LN-004690,0.0
LN-016259,46236.947137566254
LN-026206,133344.44803856776
LN-011014,95486.15685887456
LN-005801,49584.068475137814
LN-018215,25102.721659808187
LN-020514,328.23485230668484
LN-022128,0.0
LN-009571,21516.867123299493
LN-022350,214583.93374262904
LN-026808,32264.224771690766
LN-016336,95101.0006590085
LN-007778,37510.70578059909
LN-001972,75306.44511722376
LN-022573,299061.1260550258
LN-022405,95945.91868855925
LN-019007,240563.14585206533
LN-021259,91570.9824396239
LN-005138,20781.344277450637
LN-016101,205012.40936819743
LN-027560,224306.3714216313
LN-004228,143117.01613667587
LN-022338,51805.54793728914
LN-007844,137735.15991239564
LN-004300,111512.0620872024
LN-024978,130105.89881828676
LN-010236,111526.5454624422
LN-027131,38621.43340992445
LN-003839,143093.24744228678
LN-028986,54754.602955858616
LN-029058,34300.70193372971
LN-009280,40.631664635718415
LN-011555,33.14343053852074
LN-000468,0.0
LN-002389,2233.454709198815
LN-018261,195673.02679262264
LN-011012,191342.28630365792
LN-006315,386.0858687379301
LN-024729,33167.60978100065
LN-021906,126331.6874421277
LN-011382,58312.463931043654
LN-013248,39801.3420189397
LN-012881,136634.77716612647
LN-016723,52548.399249726855
LN-016189,126204.97617471563
LN-016304,30204.016228306642
LN-010849,87988.8496605574
LN-003914,72043.77323166352
LN-016815,64982.300519361495
LN-027983,299806.97048068146
LN-012641,88410.68723364866
LN-021378,868.8867230256913
LN-016055,110310.22050085252
LN-011119,88663.99498527778
LN-010415,22973.788615017977
LN-028728,24512.875078936944
LN-027381,18253.815060888737
LN-008882,156066.26400403542
LN-029279,1451.3834965755202
LN-000530,309745.3356129983
LN-020494,88250.91187391817
LN-011376,264358.1963972359
LN-010644,0.0
LN-006713,0.0
LN-018195,24607.376775492135
LN-025449,65956.26900394842
LN-006847,76615.15902330117
LN-010007,102767.70110759171
LN-023824,72342.74716368574
LN-022371,183277.14110974272
LN-006731,73958.81499141827
LN-018239,78106.0884973192
LN-019702,124431.67408590089
LN-028131,38575.42254580886
LN-000635,120579.38631503831
LN-017173,62921.76512634827
LN-006471,76064.64305222676
LN-000426,2806.507858863655
LN-016027,100091.26108504474
LN-007659,96771.35906857907
LN-022263,212286.61955989635
LN-008288,0.0
LN-009277,68276.53104058132
LN-017292,73543.23836250494
LN-017120,150071.56887302402
LN-021643,48410.882607673106
LN-023153,73113.10254456324
LN-025282,162252.3482149136
LN-018459,43689.360083589934
LN-026191,56136.167650526586
LN-001121,0.0
LN-027276,173083.00803397506
LN-023634,8617.946458163095
LN-025496,43276.691488304234
LN-025675,72910.72813528153
LN-023405,76992.23851882406
LN-019618,31972.530000928255
LN-015581,48236.168184910384
LN-015084,19635.743798426774
LN-010860,22168.344502462256
LN-022661,40896.97180194173
LN-012963,133879.924683255
LN-012098,285455.26848888927
LN-006707,91688.30569527048
LN-019241,17781.93957993522
LN-011538,30623.157118093663
LN-021900,545.6502352417828
LN-022519,56461.440355432795
LN-014105,49358.727403800294
LN-015551,64445.25257564854
LN-014484,171351.20111524878
LN-015638,39253.9572467208
LN-000823,29858.792720276328
LN-026499,0.0
LN-006429,13.47661132036193
LN-028646,136234.61258258828
LN-007870,45536.5584539462
LN-011941,294686.99706359
LN-025227,0.0
LN-004685,71928.08290695598
LN-000604,67877.35578977918
LN-010346,73185.36810330256
LN-011173,92650.08276788221
LN-003248,119335.18197013553
LN-007082,208080.79512988956
LN-025348,81644.31024267385
LN-026244,0.0
LN-018061,28559.97553914303
LN-010179,79532.20529609312
LN-005880,180154.32588546773
LN-019716,124150.46735741271
LN-022587,150.22632635405589
LN-008389,74713.9821147019
LN-001014,139622.88619265513
LN-010046,12584.772426285597
LN-023226,159613.33540201816
LN-029050,38660.18611765077
LN-015181,74476.86839032847
LN-004987,0.0
LN-012897,95918.10625320594
LN-008906,82776.9463458466
LN-028582,113094.77927302895
LN-010912,73510.0645861451
LN-023971,28594.932311858833
LN-025413,88836.51071949242
LN-022271,32872.39923842728
LN-024295,46799.63468361644
LN-023179,17126.874823480688
LN-008190,7782.456311728316
LN-000639,152173.23911831607
LN-016727,95059.58976022345
LN-029175,0.0
LN-011646,153575.18431052633
LN-025633,66229.12003522202
LN-027764,77121.70303185478
LN-019663,105329.32632375868
LN-026315,147065.11447629967
LN-006425,49873.67361778545
LN-000288,252.0322826331034
LN-015764,227.0272850141877
LN-007418,2200.3455241581382
LN-024289,37677.710220215544
LN-020929,66259.71196342244
LN-017873,0.0
LN-021855,62544.306021504446
LN-017330,5610.090780936053
LN-017207,265619.348223242
LN-018269,208.92770446285886
LN-004756,39383.84241689619
LN-019928,79654.9036864025
LN-005742,79089.68550451969
LN-006594,33314.40591214039
LN-026160,117841.92518253488
LN-021306,43838.81963352256
LN-011019,22941.69275615154
LN-012283,36455.30182946774
LN-026758,1888.9441320529363
LN-028675,0.0
LN-006516,0.0
LN-024495,26683.17386370256
LN-003432,195920.6869224439
LN-019693,34559.2100929767
LN-016455,48038.1607874789
LN-028094,34964.74621910206
LN-014046,38527.173321486676
LN-026183,78679.64066361626
LN-008855,9258.02080869072
LN-001285,1067.5269541390178
LN-022416,401483.8242146158
LN-027199,56423.291429707984
LN-017326,64139.901640947304
LN-009345,109182.39293289014
LN-020109,0.0
LN-015695,36080.1453558109
LN-001237,60456.9728711952
LN-027049,70752.06434618126
LN-006233,205307.57062883885
LN-013603,103260.38242944123
LN-004243,63959.82617955723
LN-027906,161795.67159119635
LN-022203,69531.55841028184
LN-025324,196626.16836047312
LN-027805,32229.76831768453
LN-020516,165420.65776431045
LN-000235,267151.5633515007
LN-014458,31232.1310640855
LN-013888,111754.86026282061
LN-005904,231188.11876927002
LN-028251,13463.77225415516
LN-015188,137044.68438777194
LN-001916,27989.504232964504
LN-006166,211552.3845792965
LN-003470,285.2323668310948
LN-017562,0.0
LN-015321,24773.222577845212
LN-016632,282.79597791222074
LN-006332,31339.848484937702
LN-012927,1102.813613877526
LN-026316,53093.99825818625
LN-010586,28137.844560329097
LN-024418,129367.19892778831
LN-016713,78263.23100932273
LN-025034,49.95679083821562
LN-003381,67766.10311813274
LN-007609,124512.15501947254
LN-001041,39970.6231007727
LN-019037,129170.7258748128
LN-021152,37406.63513218041
LN-020091,68960.92654673394
LN-023760,68510.21335684758
LN-006924,121074.5251074359
LN-004861,53184.42823623811
LN-009676,404751.95081288996
LN-013643,32788.9377950715
LN-005876,67303.85808882256
LN-023997,119436.04463861708
LN-024961,60829.099042884096
LN-015443,82034.76567483784
LN-027718,42180.87257950339
LN-000346,1238.8377002946836
LN-020175,17178.09337525626
LN-019944,82659.12510275622
LN-027610,153162.0172503315
LN-013147,22276.873189079746
LN-010938,114.03272693833682
LN-028155,98424.31240261046
LN-008641,104050.5894543747
LN-028194,79006.97891473585
LN-011822,244797.12432016333
LN-015955,73593.16710782362
LN-024818,68420.51671763163
LN-018462,28042.415975774107
LN-018620,11876.841158619607
LN-024837,261445.84251076533
LN-016225,138424.2632448654
LN-021526,120404.77988410868
LN-016675,76256.48933159153
LN-015465,130968.49546428851
LN-003161,139026.71227137063
LN-006517,0.0
LN-015703,132577.04201587988
LN-006173,39454.53851476692
LN-007222,232470.65544145546
LN-027355,352887.3633134285
LN-001773,144263.514430777
LN-011327,72194.743435326
LN-011391,168965.6670077241
LN-007306,102193.11158350161
LN-020786,0.0
LN-003988,0.0
LN-015415,49851.19931914571
LN-014482,46189.02792699362
LN-017244,26671.78470784583
LN-006185,59387.462344868945
LN-024376,33435.88230456857
LN-006322,0.0
LN-020244,103090.7428604243
LN-025705,68795.1645631667
LN-003272,39279.18593879435
LN-005613,92370.10803988921
LN-000301,89122.0830712586
LN-024531,102267.50124272313
LN-016427,41998.55888428198
LN-007529,22416.814180943453
LN-002852,92747.1309057575
LN-026170,131173.42053437754
LN-015087,35375.03791550549
LN-023679,63355.480566538805
LN-019694,42997.707478055774
LN-006143,130393.20209796359
LN-013741,47645.82357053609
LN-014309,49157.64217560884
LN-007855,19128.526842438416
LN-023026,198014.6545390941
LN-007484,503.56162993276297
LN-018603,33653.04124242826
LN-027674,33712.69138235073
LN-004438,179057.27237916918
LN-008092,0.0
LN-010194,137692.98827739022
LN-023591,104118.59581129174
LN-012153,75464.70758167865
LN-024220,426965.847026863
LN-004265,160519.68682576492
LN-003006,184690.42048790035
LN-003319,117462.6836386288
LN-015488,130162.58050648458
LN-017228,73175.47782558716
LN-010235,0.0
LN-028605,1637.4652918853494
LN-012433,219.26923586884652
LN-005178,98289.68123043052
LN-026308,139649.54803268416
LN-006754,0.0
LN-004293,66536.25303190318
LN-005728,36013.576277693384
LN-016421,37964.392232144346
LN-012655,88242.13576809524
LN-026418,62287.84724543941
LN-003835,275222.2026765526
LN-021315,85632.30942637392
LN-019452,47126.51186971055
LN-003630,0.0
LN-008558,97672.19761081689
LN-027498,73740.8391583544
LN-011845,123938.0050569963
LN-025876,104813.28855336
LN-006610,85213.87906982639
LN-012830,59057.47535595656
LN-003626,164512.90467926272
LN-020966,115805.28683602116
LN-017467,1355.329306380156
LN-018430,32328.714866787814
LN-001465,138394.68862443583
LN-027744,170253.0080998419
LN-010319,64960.641849228654
LN-027857,50782.16802917566
LN-014258,455.8695592419271
LN-005112,0.0
LN-019326,65105.30239566042
LN-003627,100152.93709592803
LN-021320,0.0
LN-011664,82015.98432628287
LN-019394,87837.67414817035
LN-013471,0.0
LN-014694,242104.29587246434
LN-008403,124781.32803260478
LN-027003,43169.269858341635
LN-002445,43.3352798984335
LN-017130,28428.491761192454
LN-023231,76220.35281379282
LN-022707,19838.834751341456
LN-020760,199598.27557578037
LN-028364,0.0
LN-018115,62.466659296223916
LN-015756,173734.18290079717
LN-020393,61305.12820577081
LN-009000,0.0
LN-015880,96.23621224624503
LN-020298,44849.12605365155
LN-006692,83058.86763399733
LN-027272,82205.40792974574
LN-000217,76526.54682156836
LN-026969,85686.10135296069
LN-029102,249987.8701551216
LN-028585,0.0
LN-025305,68376.72897213312
LN-009247,17481.966786381974
LN-010341,25212.880756146824
LN-003177,17667.737647566166
LN-020147,35018.15312659758
LN-007171,84108.64452517589
LN-013683,177724.43384138375
LN-016029,56843.39124653902
LN-029119,58.257368838981684
LN-003306,7592.32162831893
LN-012357,290536.8897612089
LN-007984,602.4909752978788
LN-006995,486.2227186655349
LN-018060,0.0
LN-015373,277644.443921813
LN-002607,0.0
LN-026075,43839.94412199967
LN-029220,109678.52686737166
LN-008931,153490.62787886983
LN-022016,120778.32000386792
LN-002324,1183.126244456491
LN-002070,40781.19578990516
LN-024704,129868.04607161925
LN-024466,152696.22773700787
LN-008062,73422.30270032464
LN-004497,2062.22066826726
LN-017945,91718.78077659002
LN-008245,0.0
LN-025280,38218.5225287119
LN-026216,42157.22771571414
LN-029085,158491.20551250663
LN-006522,18692.757029393586
LN-028456,27347.724108247145
LN-003823,20954.104268922445
LN-019304,92915.07423896022
LN-020009,63210.41624793684
LN-025469,184976.38534859847
LN-020165,152594.61355072787
LN-028686,42616.37386318984
LN-027886,208.2640801597521
LN-000386,0.0
LN-014469,128156.67908920087
LN-011690,53836.62187594567
LN-010287,80739.14842391177
LN-014627,18591.617393743294
LN-004172,484.0107427722768
LN-022981,129597.83173944568
LN-024323,30731.738019567372
LN-024607,51370.77512370711
LN-024063,40996.17892626513
LN-025286,0.0
LN-029054,76480.601482209
LN-028915,194117.11134118738
LN-007541,0.0
LN-005485,108516.33184558433
LN-015056,69602.90853451558
LN-004822,154060.7373246803
LN-013600,56686.68218729933
LN-001171,130718.47046770314
LN-014709,127763.73781020833
LN-002620,21898.715486419216
LN-015526,81422.301217939
LN-008949,29140.078261101287
LN-012750,70700.10890786411
LN-009481,75778.6255171113
LN-009606,57889.45489721165
LN-007257,33253.286188821854
LN-026059,93085.16434752042
LN-012983,82249.77853191181
LN-002011,158166.52942460778
LN-000033,82878.06829675943
LN-009534,107286.26716103673
LN-008005,120050.20290374903
LN-001755,118386.9662975359
LN-021873,61207.534887428614
LN-013224,21039.304502629595
LN-012287,104981.6298623492
LN-028876,0.0
LN-019867,23974.09367636179
LN-011604,45260.32159667037
LN-000087,0.0
LN-025988,181.38731066249701
LN-018107,190145.799275835
LN-017576,85061.51492819046
LN-003143,48717.950829653164
LN-019909,159211.9894117685
LN-028747,155100.7955183198
LN-019206,103543.8010286419
LN-011448,54802.86835135335
LN-006197,71496.2708770102
LN-028979,127161.98407204726
LN-020414,37071.369635345945
LN-012505,3090.1131542648873
LN-010164,126677.72381223943
LN-028526,31114.970606090523
LN-004623,36075.109506398636
LN-011695,90891.98584683142
LN-004879,14466.071911974084
LN-009985,123053.78278247199
LN-006439,144.47784437662307
LN-012138,61341.99519533698
LN-001970,58857.106598612314
LN-024481,171736.605749422
LN-012909,262994.9608264068
LN-012650,156979.90837372068
LN-003243,103556.73044514122
LN-019013,91246.41905063031
LN-025547,23740.21655689063
LN-010734,246704.30073373538
LN-013950,0.0
LN-024167,0.0
LN-009871,89137.1525457019
LN-001955,111.44609648782102
LN-026115,41.97145565751042
LN-010600,180.04257174552643
LN-025692,198424.480799459
LN-012029,72944.95799822724
LN-021481,221014.96075371662
LN-025602,39977.82709448765
LN-000926,554.7163658616026
LN-006574,23347.473902643673
LN-010465,49598.053522278315
LN-019559,92117.78933820876
LN-007318,32817.92990409459
LN-019741,205125.06903734745
LN-006094,81503.32984230785
LN-006340,0.0
LN-004622,115763.42357834491
LN-016623,31705.840595819634
LN-026829,35.05990157034711
LN-001556,256613.6671860493
LN-019384,30877.528899328994
LN-003704,28645.468728759024
LN-020714,160823.8583812351
LN-004428,83612.4805000012
LN-022464,84500.67792526734
LN-014370,73902.17301317902
LN-010202,25666.985521567804
LN-025618,0.0
LN-013774,28867.694190329512
LN-023284,50286.92875651371
LN-011222,173176.61622007465
LN-001642,253406.78805872527
LN-014302,123952.66075170538
LN-018544,28823.64295367319
LN-021833,33416.9890884607
LN-004066,76158.76129011268
LN-024108,453.58470545182905
LN-005419,132111.35829123127
LN-028085,97.43895820873372
LN-002920,25825.63542681887
LN-015641,44781.693308686
LN-000739,149932.59426253889
LN-012571,130082.11468252062
LN-020341,45740.30607974991
LN-019675,95291.01359730418
LN-024277,1034.5412556648591
LN-000684,66535.49101418864
LN-014668,45237.5096349607
LN-006260,220106.23676657205
LN-018260,79061.03846184628
LN-016442,140926.46466234603
LN-005636,203022.8952653326
LN-006012,415.99596238791486
LN-004031,192444.34690869632
LN-005706,75485.29916514145
LN-007646,107477.23236835179
LN-012413,29399.731962571415
LN-000550,68764.83985986245
LN-026089,102432.27280860976
LN-005102,79255.26083616604
LN-022033,24102.188782306326
LN-023821,34933.99340298326
LN-001332,62808.45228577684
LN-017317,43560.573218099766
LN-027927,0.0
LN-018205,68544.4797473791
LN-019700,84822.22637446475
LN-011867,210649.57927741087
LN-013604,36567.8773883798
LN-016808,93155.58264899012
LN-013421,0.0
LN-017613,6819.109592770345
LN-012937,13.621707990961077
LN-028569,35316.74952397496
LN-013436,58602.310299516816
LN-008052,224740.12247625785
LN-016520,11334.653001093584
LN-009357,20917.36388334315
LN-000103,0.0
LN-024032,74843.3798269504
LN-024061,26062.450986387677
LN-011191,47692.84644898362
LN-025235,32231.2558763695
LN-009228,125361.82425341301
LN-006417,180250.67317286943
LN-005356,202765.53338855333
LN-001542,75266.314317561
LN-010870,0.0
LN-013432,42000.7072914269
LN-010184,157928.77168681656
LN-017351,94737.49816926941
LN-025066,177277.28257709183
LN-014621,37495.604993820016
LN-021718,79201.5053923479
LN-018075,2210.8636391681657
LN-023261,31745.964275161972
LN-008843,93110.3987707016
LN-004999,263806.6243106356
LN-017316,43160.19930440078
LN-025437,1329.492272955398
LN-027894,53467.483518669695
LN-009058,45394.41148219734
LN-009546,130986.3667040365
LN-008524,30714.729684518763
LN-027661,40892.72547180031
LN-004456,51663.6246730121
LN-002207,159579.96956186648
LN-002528,45542.496495885905
LN-006005,0.0
LN-006946,10154.044714564216
LN-028365,156246.40464567093
LN-017748,50593.41975614838
LN-028960,279942.47640400514
LN-028223,127208.76516832892
LN-010419,1128.7582449857168
LN-010551,0.0
LN-006562,46177.051454700246
LN-007112,219839.73765349618
LN-022813,113160.75383644774
LN-026247,245963.38726065287
LN-025992,0.0
LN-001758,68977.17813789372
LN-019755,230899.94470734976
LN-006550,38074.09678177776
LN-028320,100268.73544045875
LN-005073,44.26645404426164
LN-029195,290443.58599190885
LN-023602,92788.67406213564
LN-022269,97782.59947798087
LN-024577,101587.14883294885
LN-025032,38441.508188403
LN-000073,533.4245495086376
LN-004448,188492.63134108658
LN-017703,144040.33998174962
LN-022883,1499.581645091927
LN-001616,62893.113204886686
LN-017588,166113.5806548161
LN-025502,48606.77363811561
LN-028899,59616.21488609013
LN-021098,117683.48960023354
LN-011864,85700.72053288647
LN-020854,108972.27699762487
LN-023747,9678.120513100092
LN-019217,233.5610788063466
LN-025266,117879.40501071583
LN-011885,34869.89526233607
LN-021068,56347.19964711171
LN-010955,102755.38100073361
LN-008533,237754.06328936963
LN-008775,281.10230467968563
LN-002817,76949.25722294346
LN-020960,203517.10374175254
LN-026267,201541.41954118432
LN-014271,96104.19272620474
LN-009266,0.0
LN-026861,0.0
LN-022545,192750.74921026852
LN-021792,0.0
LN-016756,860.6048332052377
LN-027667,0.0
LN-028065,93125.65247336053
LN-010769,80044.86289570622
LN-024053,17476.624408912325
LN-011780,189.16369274124642
LN-012427,230801.81844529376
LN-013337,86689.31111231114
LN-016206,37479.56776646516
LN-019179,85667.10859753552
LN-021850,46313.33098143554
LN-002833,161070.6524664303
LN-024646,134545.20318291144
LN-028462,38966.09330517956
LN-022725,55867.638297019825
LN-019743,196479.34528667197
LN-016273,79891.10923203212
LN-018106,175800.78547430065
LN-022539,54690.54240760314
LN-013275,357756.4437849841
LN-024018,45901.1005603573
LN-014580,0.0
LN-006806,197726.75958517913
LN-008711,33246.80240234929
LN-026464,0.0
LN-003714,0.0
LN-014019,207536.4426371117
LN-014326,81389.02885463931
LN-020782,226168.58692067766
LN-023222,120713.49102939114
LN-008909,0.0
LN-001918,75786.87790193327
LN-012844,89834.16743485749
LN-021451,127049.56708351037
LN-007211,82984.52329709622
LN-009119,772.4186494498388
LN-008361,111916.39063106419
LN-024730,56913.00173846575
LN-018719,39722.05189105463
LN-003757,151269.83311079277
LN-011525,31443.25464490221
LN-011441,86368.93025128751
LN-028206,167929.66777047035
LN-023428,110307.58383990874
LN-019863,0.0
LN-002923,175484.14330987932
LN-004067,140542.8532919757
LN-009323,50111.02634194334
LN-026342,178971.88904475805
LN-003673,64104.18297490326
LN-000897,367.163379268878
LN-001400,41571.46815990288
LN-026258,87778.51209216454
LN-020625,143832.3617071128
LN-014433,80887.96832067733
LN-004907,65251.53495491341
LN-005093,70858.50190560498
LN-014889,70300.13523321692
LN-006133,0.0
LN-026031,153.6096019636961
LN-017206,52769.44520605731
LN-000643,373216.763066357
LN-012068,99164.70204164257
LN-007467,23230.5268296991
LN-012257,96583.05029870989
LN-006742,86681.34567970451
LN-028977,41560.66419338431
LN-015004,108855.48784507504
LN-004246,0.0
LN-013424,103713.334460465
LN-027490,16635.92081540764
LN-020214,0.0
LN-022834,63020.732442791
LN-015461,0.0
LN-028937,132554.98541996317
LN-017909,0.0
LN-020955,94957.5337896197
LN-009802,208533.66162747153
LN-028680,87672.42010677348
LN-015757,31008.446149877658
LN-002113,601.5064022631111
LN-006972,155125.40825134167
LN-002018,55646.577259276986
LN-018570,35765.412024126
LN-000330,52210.2943484767
LN-025702,0.0
LN-019685,37933.222773325855
LN-018747,19985.463881892345
LN-000595,190794.6510342651
LN-019244,26372.18297336532
LN-003291,50886.22384867381
LN-022119,327247.62062268367
LN-016051,0.0
LN-024150,39376.79335504285
LN-022472,311021.5359314182
LN-000703,152576.57006259199
LN-003795,55188.054240226695
LN-022709,109218.16719013297
LN-027675,42117.49809426489
LN-017361,30415.122464765605
LN-014188,143091.62964789828
LN-026584,29245.333871540814
LN-021808,695.6726500572449
LN-026495,30427.41819940871
LN-024014,0.0
LN-007482,90309.59450541774
LN-018966,33220.63345871672
LN-021476,20400.774974563185
LN-003020,0.0
LN-027902,330317.0777036704
LN-006940,451.4534368772913
LN-018734,165097.73606002168
LN-011806,183317.79233995161
LN-014012,126014.37950111445
LN-012578,38919.36622156414
LN-007816,25821.996621805905
LN-009560,40727.03517445035
LN-001493,115726.80700723226
LN-004460,57572.843218327
LN-020897,108270.69796323971
LN-023693,126490.61580538815
LN-006229,0.0
LN-010590,330012.75529529684
LN-027293,38849.86426236694
LN-019611,167741.89734778428
LN-027636,0.0
LN-029056,4175.9133154815845
LN-023446,118005.34639248715
LN-021702,13049.058201706388
LN-000812,234934.54420398668
LN-003789,43587.50203162376
LN-007099,22346.08458003933
LN-028001,69145.47233778116
LN-000150,169602.04027191922
LN-017214,44634.557611720185
LN-016975,218828.7067444586
LN-010489,66203.00168083693
LN-021868,36688.54664160874
LN-015885,67884.63442307085
LN-003494,556.9833764648986
LN-010028,147200.66166764416
LN-022275,201091.6929989271
LN-005426,69138.08725484014
LN-008071,6914.040965607066
LN-014970,138567.03191094004
LN-023384,81924.36571816061
LN-015862,129773.59097824735
LN-019736,28680.416915104593
LN-012006,166070.8241544645
LN-005669,19595.92922545793
LN-000618,20681.60134563356
LN-023848,106509.039388488
LN-015043,0.0
LN-013081,63917.32087968954
LN-017646,272158.50926598726
LN-028100,70862.19451536007
LN-022830,13567.194112043795
LN-001013,107745.59016568353
LN-026046,61695.627263231894
LN-010894,270545.07349507645
LN-026947,191610.11047725272
LN-023527,68321.28853939993
LN-017692,61549.90081372994
LN-017072,309.69394005247545
LN-004044,189694.72581494003
LN-007212,160978.0172191453
LN-026186,268.57484690634413
LN-023066,71500.94041516402
LN-012626,24727.9587862494
LN-005520,216586.87782966785
LN-015874,64631.76330509936
LN-007024,18929.61516136951
LN-010728,95408.51287174215
LN-028433,55495.46893427208
LN-017049,36529.24371847594
LN-027216,55241.24670195248
LN-008034,0.0
LN-028091,77959.01971698304
LN-025446,88514.25168490736
LN-021973,226278.34265572828
LN-005578,136000.19762350555
LN-007811,1063.819708817829
LN-009295,119299.06213820975
LN-000480,39177.77140098505
LN-017374,42736.38714428699
LN-024357,34057.54103684679
LN-023545,29028.542966517656
LN-028509,100560.18130302556
LN-012958,44180.3572736085
LN-029022,58676.61890576904
LN-006681,103490.42453095857
LN-008525,302.51363836582584
LN-000750,220324.19546253627
LN-007239,138.6941801935842
LN-000863,19010.597642970344
LN-022182,72608.22730355877
LN-016073,31771.054818996523
LN-026229,36888.18364133565
LN-004761,38102.16882826403
LN-024843,635.3503541836857
LN-020642,43866.047009235415
LN-027976,0.0
LN-017240,53717.02495074219
LN-006793,56748.74851826393
LN-024979,61886.487907220326
LN-018481,90119.06036913855
LN-023953,0.0
LN-005729,305.9340775791144
LN-024046,41946.439001979496
LN-000225,109595.69673761132
LN-022178,49815.65085846447
LN-007932,101203.8480049977
LN-006482,35377.95792696651
LN-021679,33043.147047990504
LN-000735,29376.17436710986
LN-021895,38499.93880152431
LN-025048,105140.51146688862
LN-017936,130519.34526102811
LN-021652,25046.597872236067
LN-009234,130152.73848977979
LN-027604,68851.36328208323
LN-017861,57999.139843556964
LN-028447,0.0
LN-013302,135243.62019068951
LN-003972,27476.58101466268
LN-009382,132342.3953078268
LN-003965,84171.03382921264
LN-013399,0.0
LN-005888,38343.73692031218
LN-011330,118165.36994411086
LN-027923,13543.073995409635
LN-023223,51440.43562859044
LN-019424,74511.51952217212
LN-028666,58834.31238542619
LN-012334,42933.38523224574
LN-005013,72489.65712425494
LN-009532,162166.9261547552
LN-012105,69961.54505062838
LN-024112,130573.9480916464
LN-003690,54660.75230251844
LN-011753,28747.57160652195
LN-021682,13912.209091320126
LN-015358,34149.75876106102
LN-021574,42848.13803164953
LN-025520,121812.77725628749
LN-017251,94986.27342080581
LN-024110,102919.60261875349
LN-005863,37348.16897685999
LN-019286,91560.26009208978
LN-012752,49023.01047030383
LN-009698,0.0
LN-022070,63349.23759267039
LN-023296,47028.40963877657
LN-025706,27575.674810971082
LN-024105,265974.7393475467
LN-020803,42483.524202531626
LN-003880,88947.92439496003
LN-028550,174088.05805764784
LN-027337,0.0
LN-009753,0.0
LN-003693,24992.92254780981
LN-027410,59743.65456020185
LN-012417,86682.55321690552
LN-005448,132560.76686967516
LN-009160,109203.27579183922
LN-008863,60513.87125816752
LN-007856,46165.52026510962
LN-003057,71526.4454662554
LN-023616,97312.05990171224
LN-027118,105579.10279776818
LN-011632,281.362011663717
LN-014810,25335.926502757913
LN-021934,186120.39234858018
LN-005283,57732.8395905868
LN-003267,105771.90040785228
LN-005140,129158.71698594857
LN-016366,22355.5939667319
LN-024647,17150.068616332355
LN-018373,158012.5032007967
LN-005203,87465.4179680046
LN-025629,77863.78895323697
LN-021382,1199.1463408183656
LN-024804,114774.81133344429
LN-013473,33667.24859855367
LN-028016,127373.03135831801
LN-015539,101397.67096925527
LN-003899,188366.91999875518
LN-000309,299684.43986000936
LN-014148,128427.50445419773
LN-001664,0.0
LN-010274,154.26877527031016
LN-015082,70002.4755945715
LN-015928,121894.76890036392
LN-010658,390.8005251385657
LN-025645,165686.35859294474
LN-024906,164140.16650657565
LN-004736,163058.37763130842
LN-008456,114867.36011887339
LN-020017,48.69579748428593
LN-020075,62181.973938432086
LN-016128,40720.30497027282
LN-012521,78510.33896499568
LN-005657,247048.209141455
LN-023438,22399.93923077597
LN-023335,78080.04293493312
LN-010376,34783.436310914665
LN-018867,22823.55237174961
LN-001635,123126.14823932083
LN-014328,144936.46928223255
LN-005458,22193.32030767755
LN-013121,34555.29941713537
LN-001205,104088.69062281724
LN-008470,83464.93251224664
LN-004345,0.0
LN-025118,89390.12591303344
LN-014345,656.3981487162492
LN-008382,42055.550241665915
LN-027343,151816.26105234522
LN-026297,212003.59358526018
LN-013478,174352.46862218078
LN-007949,22481.52495604866
LN-007780,92695.11556510438
LN-023303,68176.2825522415
LN-004873,45596.03432959507
LN-020930,13548.609790444825
LN-012579,23496.908034548145
LN-023011,98869.71766995621
LN-018725,82748.16788849201
LN-010181,45752.1372227481
LN-028638,15041.991954484185
LN-010732,88044.28448092162
LN-014519,0.0
LN-004163,8911.865116946643
LN-002985,310.04384255730383
LN-026224,184476.91513564458
LN-023413,42351.30473158835
LN-009161,199398.41740095336
LN-014054,96489.59043285278
LN-009385,179651.7586553774
LN-021442,189780.45127098032
LN-002578,33869.19857084007
LN-021005,146468.61441149988
LN-021338,95473.70035634449
LN-007571,97052.69380437699
LN-028656,217312.5923313072
LN-027129,117667.1665038723
LN-025560,87223.1020951664
LN-008927,103613.03350703305
LN-000222,125566.69375951201
LN-007021,19881.702655587378
LN-005842,114637.61162363754
LN-024430,404223.040513063
LN-006762,91102.17803937805
LN-019333,44251.216384843785
LN-006783,37067.28305240629
LN-010136,81646.61586059259
LN-026825,107781.31094029083
LN-012275,43555.77209160948
LN-017426,30732.199201972016
LN-002955,12418.18909661449
LN-008104,49408.19364098024
LN-006807,158469.08342775033
LN-003442,7276.919868071979
LN-026362,13652.031938044842
LN-026026,151094.62633461977
LN-028695,86834.08738565417
LN-022783,18185.870553749835
LN-015617,71451.91971103584
LN-023581,125.05714086275935
LN-018841,59055.24286925035
LN-026422,54308.365408641155
LN-008291,64017.667043620204
LN-024707,127121.85946358049
LN-021852,128763.67539176789
LN-004853,1819.9868611344227
LN-004800,14703.574899669724
LN-012962,402.6898192129834
LN-018721,127.53728468175188
LN-021478,51183.42222094549
LN-022531,163706.78034282505
LN-020288,136812.4888752497
LN-024490,49372.87511203204
LN-016541,44474.891987972405
LN-027368,0.0
LN-003166,26129.910906374127
LN-016280,103010.55281664574
LN-015108,44219.206860953076
LN-006145,276.2480721495867
LN-006979,33309.35817011495
LN-021089,77464.72324963743
LN-027027,110207.11116989142
LN-007968,42826.02567864571
LN-000528,61080.73806691293
LN-021117,71186.28543605651
LN-019929,36244.045812245815
LN-019113,38522.98764922037
LN-024197,158151.32835705733
LN-028722,98041.14269799434
LN-018399,10627.322998609767
LN-006206,274800.86789060483
LN-021215,68513.55696767445
LN-003320,45108.026114031265
LN-016144,104656.74999923914
LN-020292,34315.112215878136
LN-022902,75613.34017023307
LN-025063,1102.912714713614
LN-010022,134.11397072035038
LN-026382,41006.958850794974
LN-028072,121140.78217910156
LN-007132,20093.195964774088
LN-006391,26772.571449040253
LN-008849,29047.100759785044
LN-006109,124647.40059956524
LN-004170,0.0
LN-006698,29117.38697101454
LN-017349,56675.179551352085
LN-004749,95949.51448761225
LN-012874,170275.16742509225
LN-002936,271733.18531956023
LN-028459,71751.94949338427
LN-024303,0.0
LN-012712,184665.5175262563
LN-002559,256788.87947704972
LN-023937,191230.08350164702
LN-000189,93374.19521169734
LN-008865,105082.43297879175
LN-019640,135028.0008903611
LN-006844,105478.07727253449
LN-021907,0.0
LN-025830,61764.82652978633
LN-021894,95453.20323237976
LN-001922,144374.90772548754
LN-000243,17402.76334870644
LN-001434,180383.41098944983
LN-022822,162284.87793265696
LN-026177,103344.92309076163
LN-009666,35920.511525018424
LN-021621,0.0
LN-009675,16315.523862151898
LN-007521,45279.43728979012
LN-011282,29924.683392330404
LN-015787,1356.2004892555244
LN-014272,0.0
LN-013444,43060.924116984526
LN-025240,20393.03483261647
LN-010324,12389.030539483927
LN-000850,77250.41773194387
LN-024141,38081.39870813663
LN-024727,24992.717341644362
LN-003857,55301.804440736065
LN-008552,130545.69889293403
LN-006961,635.6883467535715
LN-015964,780.4197153121569
LN-015375,178664.26884180264
LN-028527,46136.5485037192
LN-002505,69804.23985873153
LN-020765,42912.33776934994
LN-003277,85620.69434812067
LN-010875,0.0
LN-024270,187600.62768025137
LN-024851,125798.40649272477
LN-009480,121302.62555142526
LN-007620,72143.56253722451
LN-022334,31209.690610121033
LN-011363,188970.91860498593
LN-000409,55897.59005704634
LN-000881,77258.87079827835
LN-023127,90912.3923660302
LN-028134,48274.04145560477
LN-028220,13851.81367823373
LN-027974,0.0
LN-016048,104757.37562610554
LN-000018,78852.71471486345
LN-015784,212487.49234840967
LN-023445,166058.44805279776
LN-005724,185035.96589596168
LN-009933,39570.22650382061
LN-025501,78099.25243811368
LN-013848,88692.76159058553
LN-000095,92930.90408422977
LN-020556,573365.2918371015
LN-000767,92333.31034183041
LN-000359,6680.753710346166
LN-011240,158417.4544993953
LN-001011,58179.091215554006
LN-023626,31203.20139841451
LN-011158,144602.0249507424
LN-010941,76200.06776835668
LN-018976,63124.069808827575
LN-013463,0.0
LN-011061,116748.7468850167
LN-015678,101911.30161596213
LN-025447,0.0
LN-015138,80003.43277096705
LN-003607,233929.56813092963
LN-008127,80066.82345595107
LN-023657,158508.50659984298
LN-010738,148289.39524765624
LN-025843,28135.09044464693
LN-018621,216840.0890910286
LN-007144,113034.8408418136
LN-017709,24794.308537200017
LN-007372,81577.30924676597
LN-016037,118926.21344483683
LN-008259,0.0
LN-021962,31884.520580340806
LN-014130,66318.66449691803
LN-004430,15179.494642726775
LN-015102,251342.03901171993
LN-014543,23583.7805873715
LN-027082,118848.25714515045
LN-018842,21333.379439712975
LN-012341,136.76861070256527
LN-000269,113226.69789267487
LN-017700,24369.757864179646
LN-013300,98024.97057423073
LN-000935,123645.65289843001
LN-024633,305.03482943887434
LN-017155,80546.89377768744
LN-014986,287.49856504327806
LN-011787,50343.59799558802
LN-027235,63153.76973592721
LN-002776,85238.86310825881
LN-014682,66046.78316366352
LN-028878,667.3951745940215
LN-020775,71414.5911687181
LN-019022,166622.6495024325
LN-008373,49895.468608451556
LN-006755,189473.92262254164
LN-018705,0.0
LN-011673,129296.61042099903
LN-005550,98533.48811642172
LN-013831,36782.20042809274
LN-005015,46497.353981556116
LN-006155,199709.63659693522
LN-015069,0.0
LN-003037,154331.05265566582
LN-017800,143866.53548274992
LN-023932,107408.4393441714
LN-024486,36430.08196042487
LN-006773,102557.2721596815
LN-021127,35716.56403253607
LN-023402,0.0
LN-009668,124988.50641123399
LN-010404,0.0
LN-004896,0.0
LN-021204,71503.01979678242
LN-019349,0.0
LN-025336,37208.04791963527
LN-014872,285.94957856632846
LN-000861,48054.6603890928
LN-023823,52335.17436140012
LN-011260,460.3040617867655
LN-021432,53119.298859723276
LN-001834,0.0
LN-028969,77369.4187587628
LN-004315,35547.068119804404
LN-019825,186266.4944000641
LN-028971,98715.70026746385
LN-028397,97046.14523165184
LN-028119,274381.0790230945
LN-010321,32863.39750389441
LN-003144,35671.92558388371
LN-011568,687.516631531972
LN-020663,26658.211286863952
LN-017787,84543.33691810413
LN-007416,223832.2771187373
LN-004335,0.0
LN-022076,93632.58139762594
LN-024273,93148.06156554635
LN-010830,30496.770928506226
LN-009761,72475.41718466877
LN-024861,114364.51286111216
LN-003258,87953.2455126187
LN-022575,156866.69176668057
LN-018717,58800.14992939122
LN-005091,3095.8626272143692
LN-004060,59055.404846824225
LN-022933,48398.11079167598
LN-015888,0.0
LN-010999,72274.80547983646
LN-005430,61759.11676773109
LN-027570,40497.000611587144
LN-027299,12298.64006436166
LN-010767,133210.04563623414
LN-012050,125267.12739819732
LN-017852,23160.12143417388
LN-010730,1047.5373237898007
LN-029317,37784.767492284285
LN-008349,0.0
LN-018816,0.0
LN-028553,69539.66307661972
LN-019824,0.0
LN-013100,72609.64760115318
LN-027072,897.5979871733564
LN-026210,67290.81424692592
LN-027367,0.0
LN-028725,87662.68637008428
LN-011397,86108.50839052023
LN-002470,147775.86439685425
LN-028848,97687.80634579057
LN-012326,78662.60172712043
LN-000728,101733.05935732657
LN-007313,43829.130959559654
LN-022572,0.0
LN-005519,182511.04800584906
LN-002472,36529.3615360811
LN-012617,144.5107110770929
LN-004857,84226.5158291892
LN-017619,68825.83414472453
LN-001279,400.3901954390116
LN-021217,132356.03859879545
LN-018685,0.0
LN-027743,90638.52217094626
LN-007554,64522.733862647474
LN-006147,71126.16895627946
LN-008135,0.0
LN-023161,19518.35041980383
LN-005379,166859.13882722388
LN-023796,0.0
LN-023792,12653.353760020644
LN-006286,42030.48860703524
LN-022975,94290.10957767986
LN-023518,0.0
LN-009311,281675.486840269
LN-007956,199628.42541314897
LN-010492,0.0
LN-021110,60972.93225209676
LN-022971,42174.00135990851
LN-000167,38097.203782883975
LN-016848,65259.51883703348
LN-011995,158121.86234953644
LN-022197,35780.282781899536
LN-023885,80985.9808856388
LN-020961,41438.300079041604
LN-014846,141617.5826703046
LN-010726,12721.094250110287
LN-008714,32202.027106529422
LN-018210,153566.56503567967
LN-008845,470.11262871802717
LN-026742,162366.6591946827
LN-001315,23179.125277798434
LN-008117,56924.59499772245
LN-019585,184150.9456059608
LN-008512,38929.94249762225
LN-007495,50429.30121422649
LN-018718,125222.21759912372
LN-001752,117917.3936364439
LN-025425,40366.67578092437
LN-028408,25696.776498044946
LN-022223,77692.82649709897
LN-012352,0.0
LN-010673,165504.48273199922
LN-002106,126038.53227048644
LN-026619,138724.0317824245
LN-010704,185288.28412630988
LN-022696,71980.37094604516
LN-012737,15882.91912884095
LN-008330,45623.386285058514
LN-014399,111610.53475434812
LN-015171,16129.217206361729
LN-000271,176996.4684071359
LN-011221,3413.221705855912
LN-009131,124618.6381750116
LN-003893,50665.26125417195
LN-002318,123227.92328442854
LN-006565,201830.06170890928
LN-018569,38656.44387902118
LN-024410,29284.863035244834
LN-005393,26847.544151630387
LN-026240,109540.8632522307
LN-014918,65939.24052180452
LN-012084,222033.42601960097
LN-014116,0.0
LN-001832,0.0
LN-013547,116353.10392751751
LN-024040,132333.842564399
LN-001966,221.95425508702365
LN-012134,80281.04429501937
LN-029129,0.0
LN-027446,205883.2723427541
LN-016531,50279.534317828104
LN-001872,130993.72971691757
LN-026399,68964.58906981819
LN-007579,25133.041065369827
LN-005344,25071.591170738062
LN-007290,133932.19305679444
LN-016554,123992.208640995
LN-002635,77329.43144266654
LN-015683,83.59432342473872
LN-008545,73.30940384971203
LN-014419,42763.8042521258
LN-005268,128905.96479706035
LN-026804,13.256024180827541
LN-025767,120368.70028686477
LN-001353,66588.11787672142
LN-014974,171057.39007058775
LN-026084,135706.4840645583
LN-019049,197.70263498764143
LN-012332,171894.87981191013
LN-003769,66527.15036710443
LN-027511,27108.468227266745
LN-028367,26259.322947381264
LN-020351,53058.02388616267
LN-012397,95966.49425811468
LN-025504,26951.57396296601
LN-024872,631.693046898961
LN-026752,0.0
LN-015674,232.4281149268012
LN-018530,2390.194427300652
LN-004698,87174.97242645884
LN-021502,124651.47745532476
LN-014134,86256.38664678468
LN-013362,157431.47444367022
LN-011460,87608.96292329488
LN-023588,14756.307861830488
LN-004099,37222.59797539222
LN-012088,240053.74430045576
LN-012012,250.1089106729515
LN-026430,116143.34847041707
LN-018242,69767.63506777253
LN-003401,117471.68401270284
LN-023759,91814.40201384571
LN-023088,221.9255447542095
LN-022450,0.0
LN-007957,81522.92068100763
LN-016345,80286.27935833774
LN-015253,185706.92657708007
LN-022814,67932.80483269053
LN-005783,0.0
LN-014473,77685.24715984608
LN-005222,81373.44400254668
LN-020008,0.0
LN-001440,71787.53416417901
LN-018907,0.0
LN-010608,18989.827825849152
LN-021445,69366.93899448024
LN-011148,129732.74008071325
LN-020720,106282.27061998667
LN-002671,0.0
LN-022864,224683.75470220429
LN-013966,53527.95730515778
LN-000312,137454.00454765416
LN-024571,165172.95755175705
LN-001331,33789.74997732262
LN-025955,94985.00740999839
LN-000049,95518.044669313
LN-000474,153989.80366631207
LN-026255,100939.2898413821
LN-018429,135758.84010671396
LN-021787,0.0
LN-025013,45115.89851101909
LN-000015,15041.453378631859
LN-010109,0.0
LN-025671,66959.92406326109
LN-006774,47354.12448624844
LN-021433,0.0
LN-009795,103397.50901875398
LN-024354,0.0
LN-006491,30841.074620465995
LN-004578,55727.60111808637
LN-020212,19894.99892471031
LN-006682,41059.23194761516
LN-021942,186393.38792548192
LN-003656,151305.4661009043
LN-004259,0.0
LN-007455,77191.11771067974
LN-022538,41430.72338811188
LN-028912,98977.87259611844
LN-020477,32477.672284362565
LN-016860,0.0
LN-003834,30749.512553783312
LN-013480,44245.63328237235
LN-022755,29023.431255013787
LN-019482,124034.09435555858
LN-018217,36902.828485644946
LN-021760,40581.13047833988
LN-024590,95885.61287989152
LN-007649,61861.99530955249
LN-029318,138856.04212818822
LN-016459,108639.69776122624
LN-000801,74380.15434996452
LN-015522,86300.43519843041
LN-007572,158796.16591039865
LN-024229,188512.40991574439
LN-013569,35066.154670549346
LN-016020,45403.085297478865
LN-009164,402.9996073607653
LN-003327,48662.358447065104
LN-014079,185474.3500437291
LN-028304,289.76528838114064
LN-018954,553.3681625563405
LN-002236,34330.17872256655
LN-007524,71165.77600761161
LN-006558,32531.466526920263
LN-013587,134682.59110894438
LN-017193,245.42072418458957
LN-024347,32116.775823274853
LN-026516,76933.0982105952
LN-016751,91224.21498561536
LN-003599,96277.12425718823
LN-000938,91138.3384643539
LN-000326,92353.32602334095
LN-016894,90562.1548151636
LN-015338,121.6108489990759
LN-015326,51001.3681611969
LN-009245,75067.45726383133
LN-008405,0.0
LN-015101,2584.758364906331
LN-001191,56296.44470993636
LN-025255,81856.93290047078
LN-025888,0.0
LN-019879,26824.953058399748
LN-017939,31002.55278177955
LN-026171,140.15508469775753
LN-021951,0.0
LN-008907,175.3293463618641
LN-015132,0.0
LN-007308,69395.82844159311
LN-014921,21423.030029103535
LN-017385,233.71951436472875
LN-028630,78717.22348945097
LN-008603,326275.104405232
LN-019526,31258.681454299895
LN-004626,54971.12897074911
LN-015041,46329.4528015769
LN-022245,125525.37812900468
LN-011095,45566.26651469818
LN-008161,237036.96930160173
LN-016540,0.0
LN-015988,233.35911368739104
LN-021995,18691.937386463756
LN-019871,18732.215913101325
LN-006098,101508.71897125621
LN-017721,33202.835753079584
LN-006688,38529.62181926166
LN-008943,128570.51062559334
LN-000361,122394.6970545894
LN-010411,1916.9426774193128
LN-018626,82174.73209449969
LN-023731,44690.30349409873
LN-003023,24180.320085898387
LN-014118,238691.5304706216
LN-027402,49561.27532577578
LN-028859,38086.8801964704
LN-014753,71741.75165231006
LN-001089,0.0
LN-028858,141302.8489317612
LN-014031,0.0
LN-022326,85894.26316385245
LN-008359,70986.9151247435
LN-028374,78691.2968842461
LN-013635,73888.35962698859
LN-020758,109529.03657750624
LN-022854,30226.538949288144
LN-015533,27394.803272141748
LN-002868,1091.5990052026373
LN-026438,575.6523985558796
LN-003216,58884.02546832625
LN-026766,170432.6955920893
LN-007019,42879.97423351071
LN-008666,143.2016082115936
LN-002372,193306.02575243148
LN-000165,16664.433770980348
LN-008919,214055.09104673317
LN-018351,103121.85806323832
LN-014202,104543.51214593105
LN-024772,104787.04857648782
LN-026208,117289.21712288688
LN-011537,90513.79550702705
LN-019737,74905.97047244682
LN-017622,100699.53447852196
LN-026806,119395.40122427426
LN-025979,41062.63045558612
LN-006658,0.0
LN-024690,88751.18626494652
LN-013024,0.0
LN-000256,23138.858876387385
LN-018999,475.14027875121093
LN-025298,69936.05376414297
LN-028200,167733.82845131928
LN-004136,157302.7112454855
LN-008772,21424.647542212373
LN-003559,51718.720027046096
LN-028813,83198.0937233654
LN-027731,19558.85611553905
LN-009535,223110.41371781286
LN-004062,17561.981949025583
LN-015466,0.0
LN-021144,8784.89786503736
LN-015968,96495.00876996302
LN-021091,32642.09276755806
LN-023378,462.7917090757772
LN-017666,16922.324100028985
LN-021780,125018.88835013233
LN-019321,86784.6376728624
LN-020648,1450.8801087323648
LN-008756,0.0
LN-011532,26955.334291881616
LN-007915,0.0
LN-027840,46117.1661349328
LN-005187,0.0
LN-003514,56185.03040290797
LN-000902,19.20260859996663
LN-006962,0.0
LN-013223,60350.444022667136
LN-022655,165030.30448507404
LN-004985,103530.48610246342
LN-014908,44573.10901304491
LN-004339,0.0
LN-005261,79805.4630349271
LN-021714,95059.351161195
LN-008102,0.0
LN-016111,105845.0419411065
LN-017880,41241.68497823379
LN-015414,24824.806586790262
LN-003005,311040.52722587134
LN-011465,75368.07708983257
LN-017656,0.0
LN-006234,100143.6249453727
LN-019876,195166.3045361294
LN-012248,39666.07594575075
LN-008804,33437.78205759541
LN-003722,170196.69615175805
LN-018160,120579.68717404682
LN-012996,37409.016320452254
LN-023366,0.0
LN-004646,510.559039726265
LN-009029,441.8012809799796
LN-012048,121567.5400428063
LN-007805,56562.09874506019
LN-012487,124154.91021669119
LN-008744,43517.27303605075
LN-024069,90268.96427656646
LN-006211,57349.946057160974
LN-009097,70362.47510679043
LN-003281,140313.33442403498
LN-010737,116915.35593670954
LN-021580,23614.594052980952
LN-027462,0.0
LN-014368,7963.415694382804
LN-028521,74542.62882061553
LN-011853,139582.06456395326
LN-004556,95061.80779441453
LN-015438,59442.0813310701
LN-010993,70252.8470772715
LN-024748,0.0
LN-015825,208974.35667674392
LN-018896,35060.90472412693
LN-018441,20133.106439766903
LN-009172,67279.88700052616
LN-028785,77184.80571651683
LN-011458,44525.62069142364
LN-027745,79624.53083967112
LN-017581,132516.43644121903
LN-005212,30511.392271146935
LN-003719,40425.24366332825
LN-027825,142698.104319183
LN-011751,200333.90546016284
LN-015699,22854.38106369079
LN-014145,87473.62208572197
LN-009809,18411.405932232854
LN-025997,262.9515085341864
LN-016784,90516.04006593772
LN-017727,110714.11198522834
LN-016208,158.7526106639692
LN-006534,73017.91486481648
LN-022413,47690.59066969162
LN-015843,112785.06645714038
LN-021163,72387.01858460814
LN-028946,37155.75007758364
LN-027156,86419.43513274724
LN-006896,92666.02131461268
LN-015824,1403.0585894403557
LN-028771,59125.428969084736
LN-020498,41741.09367643434
LN-000774,697.5879019831499
LN-016205,171348.50998756298
LN-016501,40596.80368871066
LN-000440,26883.474524665755
LN-010458,116413.34438311233
LN-024022,145682.433328567
LN-016246,67531.50140388309
LN-027512,605.3395615648315
LN-028151,0.0
LN-018545,0.0
LN-002235,136937.96467519747
LN-028613,84953.37500837795
LN-009718,19027.753515290377
LN-019709,35.974539455795096
LN-007300,175198.573233496
LN-010879,47858.44880679595
LN-019130,91510.93216904104
LN-020238,0.0
LN-021639,170394.61500546828
LN-002582,0.0
LN-011450,34813.28518967848
LN-004783,76242.97470258875
LN-026985,40549.82362552086
LN-026893,0.0
LN-005208,43228.463374024184
LN-011834,172217.58453275234
LN-002897,23486.232885618854
LN-016728,204378.78664797853
LN-004484,152438.41796125568
LN-017989,195.73943703379993
LN-020170,8333.361240058513
LN-006617,18111.030681218668
LN-016470,190816.08372273322
LN-024593,105.90918748654393
LN-009710,32719.532636594566
LN-005839,80710.76215836586
LN-001312,0.0
LN-028183,185090.13299570043
LN-022987,36408.45092711686
LN-023845,33537.78379479842
LN-016791,31276.742868208104
LN-017806,91002.6993505889
LN-027929,54284.657242624555
LN-008548,145327.35634305933
LN-007740,489.93279694064483
LN-003748,142436.6112276403
LN-010267,33867.02016182459
LN-025810,142171.7214412079
LN-010716,43940.29029185468
LN-016691,84179.72084060065
LN-000258,84263.12255429667
LN-008748,130903.73873869056
LN-012543,23295.023868834043
LN-024386,0.0
LN-017961,50507.50669722049
LN-027459,180620.64472804478
LN-014171,188.35068030610952
LN-006588,77709.87367349619
LN-010777,67721.73638721347
LN-010915,44933.42801155063
LN-004142,199894.72079708122
LN-015803,39771.543776009894
LN-001474,51468.097858446534
LN-018651,210.2950297383041
LN-000220,41240.97043804651
LN-028417,130314.91279914058
LN-009075,21970.070792618906
LN-027100,104546.48540680105
LN-002138,160925.94734293284
LN-028021,48463.927964387185
LN-017289,173956.590240571
LN-022716,67174.81501841832
LN-014937,215199.31093574685
LN-015792,30127.91360672297
LN-013968,167.33199091964815
LN-011846,61045.92321469071
LN-000622,60867.58211518565
LN-012422,95229.67410037322
LN-026509,37784.503605807105
LN-001083,278337.4298654282
LN-023266,18529.11704728182
LN-022818,120513.71737836965
LN-012121,0.0
LN-025465,57738.83353607498
LN-019449,16697.422096075563
LN-001455,35013.299398251795
LN-020548,26460.77322827513
LN-017496,159741.94231732647
LN-020405,0.0
LN-004173,81851.05148196574
LN-015698,38587.334321246395
LN-001975,116810.9359892333
LN-025984,30193.23035698435
LN-021949,146327.9773061815
LN-022424,43133.39977269877
LN-015592,215245.9996821132
LN-017171,22360.868720862756
LN-004784,35417.991984735476
LN-008959,21676.399367639435
LN-003945,63083.668091660584
LN-012225,0.0
LN-011527,85592.48650832125
LN-027473,156350.4229014943
LN-015587,78796.35991096256
LN-025396,126052.91357906516
LN-027489,111977.924959552
LN-009561,103828.12171351378
LN-028153,36948.05709649688
LN-004803,30788.643270838045
LN-026361,70770.97847444285
LN-025595,222.52465753359414
LN-021557,67399.12318004249
LN-024794,566.6049861063178
LN-000047,13667.96702850823
LN-001873,87999.68292811002
LN-028023,66312.84376617723
LN-019261,80194.98754404119
LN-000731,43469.79628000154
LN-013055,706.9972818071222
LN-008390,73519.42062055673
LN-006583,18926.948289863863
LN-006336,106732.39998148289
LN-019875,149285.10284886617
LN-020415,30.98883774883845
LN-007697,43727.03453340341
LN-011440,116.95345413921801
LN-015515,24322.78989209183
LN-014755,41437.08177950182
LN-018639,21002.572876757906
LN-019111,36683.251178058264
LN-022792,62623.1684446943
LN-012057,57134.08519269939
LN-002580,173491.8168256228
LN-013102,331.643788261476
LN-001896,99535.7471732486
LN-019407,108148.56754415129
LN-009972,42716.81178334778
LN-006609,147153.84205403648
LN-017373,0.0
LN-021255,70846.45615428055
LN-016191,134795.79646841175
LN-027534,66122.22158442876
LN-028011,86960.17625847211
LN-018701,68983.8362696969
LN-003787,90970.38408954181
LN-027059,0.0
LN-026727,61774.47924203738
LN-028565,111483.27658549769
LN-020865,38846.236884012294
LN-014554,0.0
LN-015600,0.0
LN-027210,5669.748273438566
LN-024117,0.0
LN-029004,69876.77264691453
LN-003052,38816.87408795529
LN-004427,76307.75389920853
LN-012714,18514.96198412819
LN-007721,38748.38059014716
LN-011160,144505.01611797794
LN-009466,35829.417160128345
LN-013329,83615.46594482983
LN-005272,20240.519227093842
LN-008197,396.50809570107054
LN-007749,40098.028570044975
LN-010042,27336.29717573629
LN-027980,133895.17047099918
LN-020591,37763.31011753364
LN-009287,147793.57670240296
LN-023542,82302.45186493159
LN-000969,686.4540956344616
LN-028341,987.9304419692803
LN-025391,65335.7662630762
LN-022681,758.641863678205
LN-028404,98.25857679545162
LN-024484,29820.302972390808
LN-028622,71269.56625852911
LN-027850,127063.1719364236
LN-009706,24658.696564578488
LN-027370,91722.88397673563
LN-012230,64286.07154278781
LN-027046,44827.61963527141
LN-023134,251279.09604893322
LN-014987,119814.4752742791
LN-011093,157616.08230499542
LN-013722,55390.608589949
LN-028007,3201.1004888079906
LN-000946,41255.23088298072
LN-018562,170429.85875118588
LN-010333,25506.62833490984
LN-025409,84850.12820970567
LN-011285,178930.62814075878
LN-010441,88459.12743127743
LN-021505,48865.609008502244
LN-015349,45457.294043770926
LN-003150,264092.7903643192
LN-008340,100135.1970440019
LN-015095,23754.87246415798
LN-018114,12696.618141784846
LN-013881,121452.17889933725
LN-027407,105136.79019023573
LN-006419,306851.05670153146
LN-025623,97731.91974836487
LN-018101,64446.38378335552
LN-001921,194981.93996845157
LN-018517,40314.71674189163
LN-019403,86019.06670354729
LN-019357,71866.02428797123
LN-026072,57296.83138227041
LN-016171,85826.17033188598
LN-025990,87333.08159276219
LN-022590,6602.556078402855
LN-010705,120826.43201912689
LN-004092,64557.32215841838
LN-006508,28033.20584805322
LN-004962,22088.150938624225
LN-005870,75306.19730953955
LN-010780,83942.04491118342
LN-004948,68957.42120073247
LN-022297,213447.01722349567
LN-024175,68076.52514081396
LN-010646,98021.14126409918
LN-021186,72153.60791074058
LN-014531,25455.427323917887
LN-008770,118114.02885557292
LN-009021,52446.28901446557
LN-014521,33282.112708564586
LN-012321,46507.07031266809
LN-008652,24706.013523956746
LN-007223,21480.037319025465
LN-008304,60367.66594384583
LN-026126,44201.19655317502
LN-025852,101250.38006590052
LN-019120,230223.30251833808
LN-015121,0.0
LN-007436,157112.11051751632
LN-026828,46215.3466596065
LN-001640,0.0
LN-019129,27692.783834663867
LN-012080,0.0
LN-028111,193.7946618665357
LN-024258,166773.2206050048
LN-003322,0.0
LN-020396,68890.66402373114
LN-023682,132705.0736014822
LN-023071,24128.85480983161
LN-018423,97140.02949302077
LN-025931,9278.04683748134
LN-005680,176.24187803712587
LN-008066,37432.472586256554
LN-022241,51210.91132615579
LN-014295,39831.98632690976
LN-014063,58336.13885673995
LN-029103,87020.15448245408
LN-028510,42287.92633607109
LN-005066,182020.96394554208
LN-025863,0.0
LN-002299,82474.05060108639
LN-016925,282.46554446895004
LN-015193,22978.44025833404
LN-008031,80.30052161528212
LN-020848,221286.8017329128
LN-029130,30962.41545589652
LN-008745,101454.28783247218
LN-011113,82761.4938638705
LN-008734,131468.43008060774
LN-023835,28886.36717495628
LN-010867,160936.0820827754
LN-004717,39186.01713174777
LN-003026,107153.6092494044
LN-021250,156578.24547509642
LN-022020,103171.64826877124
LN-002695,0.0
LN-006092,67791.31319996143
LN-019723,17933.28602547587
LN-027341,40373.8755160102
LN-010614,72258.10702351977
LN-008131,130045.75965244899
LN-001346,92579.94305504562
LN-019664,0.0
LN-015127,192620.30486737928
LN-002137,36963.69756032789
LN-011101,100754.87942450009
LN-026671,1839.5906957994268
LN-013380,39026.920468840886
LN-017980,70560.42370031538
LN-011930,36354.14705430526
LN-002398,45554.624131454024
LN-028746,0.0
LN-017099,67452.43053355988
LN-024815,0.0
LN-009981,40671.55076387757
LN-006467,351.9686928819272
LN-013312,24127.381742221776
LN-019653,12669.380268789051
LN-024663,50043.28955876316
LN-023881,113848.38290274609
LN-005311,119491.51253187122
LN-020853,64189.289958817746
LN-027258,89444.25216982383
LN-002583,0.0
LN-005119,340930.56371846003
LN-013470,135548.83798295577
LN-019565,172339.63981481708
LN-008495,314.7234113165125
LN-007642,55009.14645057645
LN-026428,38803.2368912604
LN-015407,76003.80152478674
LN-024965,78823.57797698314
LN-018634,130941.48250520168
LN-007100,18809.172491335656
LN-025586,10734.560851658627
LN-024657,44920.846628538995
LN-002900,145546.91623448444
LN-019989,168766.96719485964
LN-027556,190.27433471664023
LN-024578,31476.350945909064
LN-015187,8788.102042731663
LN-027255,80098.38212878571
LN-015424,67.50443871135028
LN-025404,82102.75005198045
LN-028294,0.0
LN-026678,202840.20111838638
LN-003169,42588.45192514901
LN-008730,43076.0606923366
LN-023198,12923.031573694254
LN-028299,71.32860780696835
LN-025115,61696.74046924281
LN-008134,89181.7649026063
LN-016233,0.0
LN-026967,96080.41386639434
LN-000254,957.5920916737082
LN-022191,22590.615342718203
LN-023817,37133.501862592224
LN-011654,89263.32593829445
LN-021688,257429.8743243796
LN-019370,0.0
LN-005750,81718.4705782864
LN-019309,122494.99403321267
LN-012081,8984.625256955798
LN-021637,91410.65743971846
LN-005299,109682.11384167327
LN-021554,27918.12887553942
LN-022945,31668.77198656454
LN-016367,47642.86589975135
LN-000680,157888.47856896982
LN-009610,38531.757671018146
LN-001947,186623.78652022264
LN-012946,104367.95527343238
LN-027965,46242.69005237991
LN-006873,76921.77722360467
LN-009541,113.05034125395561
LN-005708,123380.78210199051
LN-028933,101831.84853679578
LN-028109,52243.965986010124
LN-018257,38018.70443722461
LN-001634,75178.21888022448
LN-020570,109479.72915571161
LN-002078,80859.43302671169
LN-004886,0.0
LN-022869,44181.40143566375
LN-013744,70981.4042705866
LN-027172,136226.07384451514
LN-018463,32780.752404122046
LN-003944,175807.9872611257
LN-023898,36281.35309250243
LN-018884,110204.79264070456
LN-007248,13451.078112351657
LN-028887,23016.778420537186
LN-023052,172115.61124551
LN-012533,111519.90858567617
LN-026846,141485.01764071078
LN-028708,38995.629674572425
LN-013539,156565.38673269318
LN-005461,0.0
LN-007781,2893.5365215682573
LN-006953,164876.85386932743
LN-027328,132150.72286365225
LN-026311,66206.32502496227
LN-021606,146109.57668821403
LN-019510,128224.37733655793
LN-026116,0.0
LN-016465,46468.83463351774
LN-002051,59570.82942638623
LN-023860,158707.3066556588
LN-027814,43170.93915226558
LN-010755,91739.49475504135
LN-016923,12927.993944049067
LN-004165,41693.89922564504
LN-007873,35711.07194126022
LN-003444,25.253835161733598
LN-006832,234817.85768149255
LN-007507,28227.210068708835
LN-001161,41477.10287983694
LN-028389,188944.04464054876
LN-016314,0.0
LN-010929,124803.80071320003
LN-011387,59725.92025998099
LN-008516,1014.80336419201
LN-013535,167912.28877766454
LN-028009,53089.85198813045
LN-028263,87253.25542434
LN-028857,29329.364982311065
LN-018018,92713.64729020634
LN-004576,0.0
LN-019757,54949.51019812997
LN-026638,67930.70358663733
LN-025909,27860.179689979646
LN-023299,66913.22611696375
LN-026528,159860.2562019823
LN-015680,46670.39753843923
LN-002918,177141.40959501162
LN-005560,130308.4907192355
LN-017232,0.0
LN-017403,79729.1155887543
LN-001144,58119.72348284442
LN-014412,115543.79072340584
LN-023449,228342.85511971053
LN-000784,45348.22183801322
LN-003862,0.0
LN-021085,188.75708973889357
LN-009964,44404.02366419066
LN-014197,1018.2940800649126
LN-022970,0.0
LN-024470,148635.59576019307
LN-007289,17360.994368401352
LN-025636,26725.653159630318
LN-007267,0.0
LN-020814,126072.85104127726
LN-025883,72171.18377097153
LN-014561,92321.03385119849
LN-004305,114208.50846523866
LN-026319,115685.50430806189
LN-011585,125800.83024796609
LN-014451,93798.61893436033
LN-001470,59366.50749004276
LN-027852,30759.82969107872
LN-025492,681.1060145043433
LN-015387,18117.31923273592
LN-006666,73320.23994314802
LN-000037,31949.144876379614
LN-011972,866.9673335254797
LN-024405,76789.59464400691
LN-009746,339850.8637674267
LN-024567,774.130750884833
LN-005416,50886.67419757486
LN-019142,0.0
LN-024715,41708.104143724806
LN-009089,57492.614587558775
LN-020126,80686.94980345097
LN-009596,10772.23921420913
LN-008537,0.0
LN-025127,71249.75822033673
LN-000853,130234.52216711205
LN-007433,67.34868403216875
LN-021537,174857.21862301324
LN-013389,317709.6575214227
LN-009859,334.02803756485173
LN-004090,109587.95303591547
LN-023159,28378.339495224103
LN-007603,20112.116644764497
LN-016726,92430.26571724752
LN-014471,74881.5357410984
LN-024198,36208.25286178885
LN-014756,194369.51445689867
LN-026645,439.6400267896261
LN-010422,45750.96522438376
LN-017912,119062.037239831
LN-002369,122507.70575850041
LN-019734,216278.45725755196
LN-010014,169676.78594409526
LN-015542,125249.94319288473
LN-000423,53277.624005535195
LN-000060,94743.1715710692
LN-021666,88843.77038771058
LN-013015,330.538874904832
LN-006784,235330.64363063002
LN-001186,260237.45244978636
LN-022346,76347.50127992846
LN-020688,146688.7524466631
LN-008797,109362.74062661764
LN-006735,69948.58670690742
LN-009390,117914.22653230901
LN-024789,64551.84945749474
LN-000869,83379.63536930617
LN-020474,37215.41935003194
LN-029155,35156.097663546716
LN-022980,75550.95933343242
LN-020030,0.0
LN-001785,48530.63692320238
LN-012783,36867.634756845866
LN-000564,17517.49837481461
LN-000357,56364.283699092986
LN-015198,547.1136885994302
LN-011291,89413.62935330502
LN-016243,82964.62435049564
LN-023653,138170.26412354488
LN-019210,56518.79606903778
LN-015260,0.0
LN-023901,155758.60052306307
LN-008194,0.0
LN-007863,87854.16043474266
LN-012129,139855.9532699918
LN-026744,72986.27274255866
LN-006002,38996.93156972103
LN-006329,170316.1493537355
LN-024476,124778.34635105358
LN-024911,39763.933393129555
LN-008011,143651.6263456587
LN-028274,114.07147136216044
LN-025634,173406.1018039514
LN-027975,242519.921914679
LN-012639,0.0
LN-006488,157175.87398899967
LN-000369,180720.15070566218
LN-024995,100644.33566105664
LN-007936,89630.38064523504
LN-000876,97826.79586247231
LN-027305,132.87755682959678
LN-027940,118322.24915342499
LN-015630,30014.887323709587
LN-010697,29001.62866885702
LN-000265,57063.57263040976
LN-026799,171.3290219283069
LN-018006,64798.44492068504
LN-006250,14904.601671910747
LN-027350,73121.3627621011
LN-006191,59061.98297258597
LN-004990,0.0
LN-014436,103058.96889992392
LN-022007,159832.59649922818
LN-024457,75452.61508000756
LN-026009,104727.85581697889
LN-024869,116217.94194455593
LN-016438,39351.64565684494
LN-004764,192.86590776578362
LN-015949,34208.85015162342
LN-003555,77625.36848226577
LN-004295,272271.5281505277
LN-023069,24923.709050271973
LN-018352,16895.86595581438
LN-001506,0.0
LN-015646,108582.03977063975
LN-000920,34266.48015889005
LN-020491,108762.02638060796
LN-009552,58293.255504880966
LN-006475,382.5670456113394
LN-013676,94232.04732282895
LN-014517,0.0
LN-018173,77675.9260199122
LN-000131,0.0
LN-008767,32773.62031859862
LN-029258,154553.68186829257
LN-013301,60414.616651164935
LN-012706,22463.145548066426
LN-006582,75529.06094648247
LN-015324,0.0
LN-022656,81896.48385397265
LN-027779,111138.98215374586
LN-001258,57612.41365473274
LN-004100,176.28997632805232
LN-006738,17800.82559786543
LN-008171,58340.02671866203
LN-001156,19793.975762079255
LN-013591,104803.57486320254
LN-019354,186718.8025606994
LN-007441,28278.141288331957
LN-000200,74849.39158925966
LN-023963,223580.36273273223
LN-016997,26937.621591039384
LN-010958,35352.04060378241
LN-008944,247219.95376606946
LN-027244,171258.83320079863
LN-002291,0.0
LN-023820,108276.9824797888
LN-015951,29605.845515464025
LN-019923,153283.03176545058
LN-018484,64405.939894067684
LN-016770,22890.690883395553
LN-015631,817.4630343935885
LN-021095,41292.574903751185
LN-025641,8692.76593527135
LN-000726,194938.45894579738
LN-007263,18430.636732812847
LN-011761,42934.60319538188
LN-004316,75036.21480762873
LN-028614,79163.57291671158
LN-016512,32905.86649673399
LN-023739,322.3177007471527
LN-012102,63381.761965564605
LN-025456,90404.9613077201
LN-013291,77054.74237279329
LN-003993,0.0
LN-004204,46051.593339716834
LN-014784,64859.612401588216
LN-021209,19721.651977304587
LN-011799,58120.82103329587
LN-013143,46688.38989514154
LN-007911,92720.61392615091
LN-012083,23700.15388443118
LN-003821,70658.07609891411
LN-027387,36357.68848903061
LN-000302,38950.988154976614
LN-024511,146255.36169513836
LN-011514,303.6119609581355
LN-026069,38537.408415197475
LN-021997,163632.3088310751
LN-005394,0.0
LN-013980,145236.67861076744
LN-000544,31981.18264090621
LN-027553,477.0979459319184
LN-016192,117849.60844188745
LN-004392,46525.79686669127
LN-024196,99995.87660516413
LN-021328,29889.04986615491
LN-004719,92572.54808079472
LN-005570,199095.5089098691
LN-028163,188252.97790101453
LN-013095,135178.2510354169
LN-017839,165681.94755881734
LN-017879,33499.43411228657
LN-011662,0.0
LN-008866,18443.105030513336
LN-007188,423.4858072635734
LN-016031,20344.053219473702
LN-025778,33827.737238091824
LN-001934,38547.979714046975
LN-022740,0.0
LN-006354,51281.308562060774
LN-007496,111902.15405856015
LN-021721,116298.12574404509
LN-001691,129.00373579075637
LN-007868,63973.2073958013
LN-026503,64634.86129743772
LN-012994,25215.51931488955
LN-001106,42039.59533898088
LN-008644,116017.62589673033
LN-004054,144420.70944235957
LN-026995,70448.67403991758
LN-022348,115578.46646097823
LN-013099,149040.77586651914
LN-011522,1062.0440640864606
LN-025312,0.0
LN-002232,54889.83861055311
LN-006016,39039.54994563263
LN-011308,207904.7656255764
LN-009656,29677.136345774346
LN-028612,119408.22455603647
LN-007992,115476.92341916573
LN-027678,80369.77007081057
LN-025211,166036.88729913058
LN-013783,29652.39733776404
LN-010452,103897.23312940697
LN-014966,30145.844388857295
LN-022800,156328.763334261
LN-018003,52316.06264224234
LN-016471,35928.26806370382
LN-002546,196622.9837830788
LN-013144,41446.04736528308
LN-019654,824.7346466993987
LN-016851,129460.61744140903
LN-004612,32.681735392665885
LN-027829,1048.573840551053
LN-008754,242576.73705878184
LN-014808,125802.76781066296
LN-023861,241402.5093094427
LN-011513,204428.255017433
LN-017468,141385.66670661594
LN-029152,0.0
LN-020375,116081.93093203522
LN-022483,115385.44390784773
LN-028076,47049.45046229811
LN-018024,175420.990515027
LN-019239,7758.307296572757
LN-001222,24690.995302314845
LN-007478,110738.1056019579
LN-006758,25313.772262214447
LN-008196,71862.40656055584
LN-012269,37338.566985939
LN-000139,0.0
LN-019558,66742.66662711659
LN-018746,23122.755459753924
LN-009967,14005.791049108317
LN-020675,194408.77249069477
LN-010177,117239.14983823382
LN-000578,200402.33516670438
LN-020313,98581.72040973399
LN-019434,716.5370414749797
LN-007078,36025.41221630272
LN-020162,214397.8120998342
LN-001901,125263.49344881876
LN-019110,24721.973964220597
LN-014034,138163.17483016188
LN-019999,136820.26095531372
LN-023185,133782.74006620178
LN-010555,152573.3909940546
LN-004419,115464.05784035832
LN-016426,45354.2751428954
LN-008425,103.72953098754901
LN-024970,87074.84798956059
LN-019377,111633.33112200521
LN-016944,82659.02991392915
LN-011351,56391.29528675279
LN-024649,102058.74661273621
LN-003700,51933.79091532995
LN-018996,99507.08819285662
LN-011425,407.8713874316178
LN-014147,75375.62317558727
LN-009867,43353.88646830518
LN-016291,41317.92791514821
LN-018130,181432.51585759956
LN-015720,116440.32466773085
LN-024850,175483.85264359764
LN-018546,42414.04977818406
LN-013777,49.01619693379203
LN-013860,51228.397703019815
LN-014224,53632.34575085376
LN-018360,32853.69347432445
LN-011911,110601.56231959767
LN-014797,49316.92026907223
LN-005097,132084.4960018552
LN-010331,151605.8044337884
LN-010226,167.32443596816654
LN-027871,16610.18697636079
LN-017345,42985.60924308616
LN-024770,37676.43119880012
LN-024446,163578.58647988053
LN-019395,108899.30807650868
LN-004610,68355.00861733496
LN-007262,160541.36389790894
LN-026871,139.91098553423382
LN-028032,74440.46575722341
LN-014700,91477.21354173798
LN-018873,20124.924850273277
LN-000658,51434.11370940941
LN-012302,136774.12799818834
LN-009003,147542.28637607372
LN-027889,0.0
LN-019659,90992.57565844801
LN-009504,144722.59083957667
LN-008896,83002.0239999768
LN-021928,81202.06355917799
LN-018053,169010.3876929612
LN-012074,87233.80713781963
LN-022164,106780.04313343816
LN-026054,140327.01851610423
LN-013886,141267.72056999334
LN-007965,173993.55572160197
LN-022356,82675.9842344387
LN-023716,31469.260948032017
LN-011910,233951.21338260185
LN-006175,78368.37218002541
LN-021083,77989.70876031408
LN-024926,0.0
LN-023411,96201.90951953542
LN-023993,0.0
LN-001977,151771.90821073996
LN-006665,52072.18912074906
LN-020977,56187.31625211136
LN-008589,67936.26436304534
LN-023777,166751.29934522745
LN-010188,43055.753259795885
LN-020757,58188.965266545776
LN-028909,0.0
LN-009819,152243.98113427675
LN-012245,187595.2289220822
LN-001141,113574.1699194271
LN-000446,69157.98477464766
LN-011790,93900.81846664913
LN-008567,35347.43805595047
LN-021028,128197.0710752129
LN-010964,1601.4213835462156
LN-000507,75099.13485933216
LN-011076,47641.549842216344
LN-026481,120153.05134006163
LN-002026,31866.610850719688
LN-005667,19884.50524328802
LN-020896,48634.500170280524
LN-006620,215280.944928429
LN-022904,150008.81306737335
LN-020964,16891.336431364176
LN-005500,233518.77942234845
LN-000709,61449.41335021956
LN-004969,58318.781593012485
LN-000614,0.0
LN-017260,26951.282356693046
LN-020101,19060.242805605412
LN-013472,992.49691413327
LN-005218,179312.48212843217
LN-025686,131.97677281228246
LN-005510,77993.92381697035
LN-000268,39840.83662223258
LN-020323,0.0
LN-001334,136302.19738532088
LN-020924,36918.26533624131
LN-028767,28496.564423497563
LN-005576,620.4573828446084
LN-015851,235613.3730395989
LN-005523,10.365038034923375
LN-009436,250965.98306138712
LN-004198,32518.761497808697
LN-014702,12474.441686584816
LN-018645,131125.4747585273
LN-001010,188793.02661231693
LN-013992,12088.739631547145
LN-019584,43280.60521797002
LN-001451,67521.22447965866
LN-023106,27079.621685942246
LN-014381,140825.32713149823
LN-023290,43949.21684571319
LN-010400,95287.03530765789
LN-014377,157.5357184762023
LN-023477,102719.48548664841
LN-013046,313.6069947082431
LN-013631,122811.39027545183
LN-020891,24638.28359584149
LN-007845,60971.821041383366
LN-025791,176068.4848138265
LN-008327,63564.619044063555
LN-008144,118273.74176037313
LN-007510,164849.70068647838
LN-007578,179909.64538608262
LN-027909,67512.30875546539
LN-011400,0.0
LN-007200,37198.54123778743
LN-021352,76172.3183803718
LN-011196,99216.19051297833
LN-013485,108874.71400848118
LN-003138,50670.319562156124
LN-021667,236.64629053329082
LN-028307,93933.14960820756
LN-026070,174196.00871077
LN-015077,48680.01369459608
LN-016594,52848.20224139155
LN-006539,107302.05656632515
LN-023022,65562.09350423014
LN-024806,66947.12957242895
LN-002737,81761.66059078262
LN-015264,88624.50687960688
LN-024543,0.0
LN-018303,59329.38320005472
LN-005469,66143.5760972432
LN-009730,0.0
LN-005196,62883.42428688049
LN-015410,127701.92358338028
LN-013506,166657.3540885749
LN-017530,137721.94209410838
LN-006826,67522.61255968992
LN-013559,147442.82496490324
LN-013773,13142.619125611147
LN-020481,154649.99309636545
LN-019761,158670.23463326725
LN-022815,67664.33731484096
LN-004178,51648.75781430026
LN-023807,153030.14971639984
LN-023977,26872.323376453227
LN-008319,613.0131707165032
LN-008965,68351.02037877402
LN-016420,74407.13347624442
LN-006622,81486.33992610454
LN-012555,81170.97282629152
LN-027301,19066.399533957137
LN-014263,275976.0429666489
LN-001779,906.3148701244825
LN-014733,248573.5434403702
LN-019273,54897.473409085665
LN-012151,139234.95058001464
LN-002877,15829.559989951666
LN-006244,0.0
LN-019904,31238.170897726246
LN-028819,135187.44966643525
LN-012741,27505.25739516571
LN-014218,183699.16294065156
LN-013804,12176.472518001196
LN-007445,29548.249030783143
LN-001330,194438.89257563942
LN-022561,59486.59690546198
LN-009843,4072.8628190761415
LN-023414,112430.36585663943
LN-022114,157453.81878430297
LN-014305,74563.27043826786
LN-006249,126976.88413595944
LN-015033,24989.225623770817
LN-014821,25006.969489469226
LN-001383,35765.41199124584
LN-001813,65172.009644236
LN-016254,88785.90832621933
LN-004451,17442.6886892826
LN-014375,0.0
LN-004032,149421.1766920687
LN-015114,29191.23334360914
LN-017636,80672.76594973511
LN-016081,26268.548297679827
LN-016131,117535.44800824442
LN-008947,701.8078152539524
LN-020148,187116.23000442528
LN-007050,113018.21336721048
LN-023568,74155.82492494336
LN-007723,349919.6820915652
LN-022886,54528.157092244415
LN-029078,126504.43496950687
LN-015378,121868.68467756212
LN-005000,107165.61418654108
LN-027598,149433.79590114317
LN-011534,327.73951672912153
LN-018988,123991.05607977114
LN-008306,43934.155656383635
LN-002009,105782.1756588258
LN-015504,170915.15648577726
LN-022234,52202.97800536807
LN-015040,0.0
LN-002313,93948.92674359547
LN-010652,115973.69249344889
LN-014518,55080.71355135878
LN-028020,21301.974525730748
LN-010846,0.0
LN-002915,0.0
LN-010557,126651.61918609166
LN-019556,64186.86641198662
LN-020163,33105.73216027622
LN-014417,124748.87604201268
LN-027223,193.17531418147067
LN-009086,37010.8179803182
LN-021921,1235.6274278921985
LN-006759,320071.1106716279
LN-015312,20587.210599056703
LN-017082,118097.12894435546
LN-005746,37849.04155085562
LN-016415,66363.7373432144
LN-006911,47378.0759644841
LN-004829,28147.02890602955
LN-008796,34834.779822814686
LN-005405,102610.50452646361
LN-010633,20624.05381703161
LN-007866,119343.16697798499
LN-024549,0.0
LN-021857,69660.52149407912
LN-024846,69584.54214612226
LN-022132,75054.82641375066
LN-010217,0.0
LN-010386,30713.995607161854
LN-014771,156418.45135880468
LN-000197,0.0
LN-013716,22075.235077841833
LN-008467,44848.08511552001
LN-000552,0.0
LN-002655,84783.07574144224
LN-001791,83672.25325284974
LN-020398,235.21254945567426
LN-023055,0.0
LN-019828,94363.40370758725
LN-029198,143.2013261417887
LN-022458,62252.33825902079
LN-017718,12161.30642019457
LN-014001,62047.3583000879
LN-005997,249268.5089277459
LN-004874,0.0
LN-006402,41587.62363872856
LN-015251,124619.72310476527
LN-001607,86.59522000594015
LN-003711,108128.59875471139
LN-022366,62825.715630275314
LN-005918,23278.012521631954
LN-025558,17297.395878845386
LN-021191,691.3885611900092
LN-004684,241729.65233274482
LN-012335,131690.30759404838
LN-019632,94265.19901986039
LN-020452,57388.40057768504
LN-003949,21712.788371860282
LN-016919,152205.53197175186
LN-009792,38925.99337218298
LN-021974,82769.98604615353
LN-010432,80830.46362225032
LN-010563,44232.697865312766
LN-022819,72030.8767009537
LN-005170,106822.56105631565
LN-011730,55531.78027351772
LN-020789,28154.445926358814
LN-007307,55554.45049996321
LN-022990,113398.87131598203
LN-020301,0.0
LN-016771,85369.33295487464
LN-020606,85801.94081957913
LN-016001,0.0
LN-024964,2523.407621157653
LN-016481,19700.83928078989
LN-028413,35125.92681117127
LN-009820,104209.85325442828
LN-009924,119157.77194996792
LN-019400,139127.57890933013
LN-016595,107746.01228312627
LN-007142,0.0
LN-002807,88729.07432886036
LN-013157,64204.67461613504
LN-023947,45638.63285744399
LN-010881,183461.78178014667
LN-029069,24746.156160108403
LN-010509,154033.89880882663
LN-001936,10542.541548668558
LN-019046,198.18621229763858
LN-002043,31825.141033119973
LN-025116,82022.05561319683
LN-016547,796.4572507183167
LN-005903,175509.83042309366
LN-005168,1032.2732541891655
LN-023319,40582.6291301546
LN-001076,54562.41421447428
LN-001236,138944.86767614377
LN-021385,44984.535005408354
LN-014791,53679.27502516488
LN-013844,42210.764346064585
LN-011957,105958.02468542362
LN-006519,180721.749636481
LN-019223,70321.0898477617
LN-014404,211137.69396873232
LN-013969,293.1093717562466
LN-020064,227385.98098036263
LN-011190,71169.68751873051
LN-003255,136299.0153266619
LN-001333,106.00682612230291
LN-009637,0.0
LN-019551,170082.8002901067
LN-014775,50929.33974815868
LN-007831,45209.66150006343
LN-003883,94281.84580298842
LN-022022,172383.82248303134
LN-015520,294026.2877243
LN-021346,0.0
LN-015970,0.0
LN-005124,68424.50654543228
LN-017263,21880.6384307476
LN-026722,50490.47008036042
LN-006264,132116.0073683782
LN-008455,0.0
LN-011817,217391.5320683689
LN-010253,78135.87207809939
LN-008786,24300.814270788185
LN-002283,88.03034770854666
LN-012164,0.0
LN-019263,20940.031896252138
LN-022851,130640.90938988306
LN-011622,62280.41594828802
LN-004343,94862.31965025714
LN-002307,53864.02240742368
LN-022540,136412.06284653212
LN-001806,15419.435131196517
LN-008109,57150.39075303239
LN-015685,97431.60267243127
LN-003088,43612.69362406662
LN-013768,70269.9226050889
LN-002230,0.0
LN-013240,102702.26350695774
LN-018408,38079.83832617346
LN-028678,112037.28385847209
LN-028884,59872.6275171781
LN-021640,71259.16049458642
LN-027044,126298.7555839665
LN-000215,378124.47886572033
LN-024488,57607.0979366251
LN-006313,121538.09568873755
LN-010674,52922.15589403489
LN-005548,30904.29355830166
LN-001050,64150.87411678306
LN-026803,58406.89527872129
LN-012618,65079.176123742734
LN-008854,1040.224090651683
LN-023479,46582.68167072817
LN-003290,22786.552125554175
LN-005001,85081.22528266531
LN-012355,124711.99586025151
LN-007720,112636.99940868934
LN-014104,22168.219721486093
LN-028606,40433.68179416334
LN-029248,176380.3918000211
LN-004262,94097.7714740604
LN-013941,48206.370210946996
LN-005090,77691.81798792657
LN-025647,76497.65078817411
LN-016655,34048.18200780526
LN-022738,147234.94747871827
LN-025754,0.0
LN-000886,0.0
LN-024136,114796.87045766808
LN-022434,162511.65458893895
LN-019079,210339.38831802292
LN-017218,114369.00950385717
LN-003101,83675.0534157926
LN-008357,115910.03843981006
LN-017905,126094.48780008551
LN-014807,22304.85576972886
LN-003439,0.0
LN-025730,30741.733847038126
LN-005477,145084.5045220278
LN-017146,62819.07044592317
LN-002748,71.74903846624457
LN-000907,43323.707716990575
LN-014641,78637.50292687806
LN-013030,77719.11621039384
LN-006449,155419.33019076538
LN-026445,37744.436008178396
LN-007670,2021.2942801810482
LN-019796,99310.88541283605
LN-001120,2692.1355918847994
LN-023715,63893.584786112726
LN-022057,185288.06256422042
LN-025596,0.0
LN-027140,0.0
LN-028936,74918.38914445278
LN-020748,0.0
LN-012368,39341.313334858234
LN-006078,30561.85259895208
LN-014401,28930.172065715065
LN-006595,12688.294981165845
LN-026541,0.0
LN-003051,72554.59924405625
LN-002516,190135.7985195471
LN-026111,35.547015405896445
LN-021458,296615.24125317356
LN-011694,51376.91905778529
LN-004614,154101.3729127123
LN-017790,160666.6236681999
LN-008289,33066.457575967506
LN-021086,95427.07920998332
LN-025275,147003.0261946535
LN-012713,213133.1014045864
LN-022901,88521.96866742877
LN-019341,140436.37738308095
LN-002226,57393.62888996376
LN-011533,0.0
LN-007940,94044.35500002888
LN-000722,63359.9900601617
LN-007449,63387.36344990418
LN-023631,55915.08086547601
LN-023712,93196.30887279897
LN-003619,45743.73946258065
LN-002501,43991.51922162521
LN-026203,0.0
LN-004562,176863.33663829122
LN-025408,158582.79991989856
LN-018383,18702.21290610233
LN-025875,212979.12525786407
LN-011824,26567.115385368477
LN-012477,20833.73841650179
LN-022941,65563.1848719832
LN-005931,199183.1481572216
LN-026646,21321.86429999808
LN-000806,150638.18570265544
LN-012510,143973.8447916022
LN-003520,68632.40146266816
LN-012673,105355.14621632973
LN-003582,90074.22115205877
LN-024712,84733.74332077005
LN-026715,48523.55546600323
LN-006262,0.0
LN-029011,0.0
LN-022426,120721.76327645447
LN-022719,59117.312917413925
LN-025347,23064.862658498783
LN-011505,121677.80954066796
LN-021539,43575.67973880572
LN-025930,0.0
LN-009945,525.8040140366347
LN-023148,120437.13288945964
LN-026574,435.8416062120688
LN-026844,60087.54979534813
LN-014262,0.0
LN-021425,217798.18716058417
LN-012691,94028.8274405339
LN-019332,129716.78638454415
LN-019190,62028.64729248173
LN-023354,45198.528259416045
LN-008435,197836.16402037523
LN-011978,78957.31011846727
LN-003303,150422.6234183285
LN-018815,57175.31058241182
LN-026392,35447.847908488315
LN-014456,107306.28581178022
LN-027371,0.0
LN-012486,275189.88169931
LN-005788,58787.32357709334
LN-028297,39319.39705849217
LN-009169,121661.09864737482
LN-010139,200953.22116112456
LN-004257,69427.4382140557
LN-013260,13085.075835235199
LN-023512,0.0
LN-021148,242500.7977968148
LN-020117,188489.77962439242
LN-019435,0.0
LN-018469,111538.96180421834
LN-010117,24363.934995687636
LN-024516,0.0
LN-000866,48764.78110195055
LN-027369,178325.55035861846
LN-004194,522.8977261172429
LN-015782,27280.416096644352
LN-008188,47234.224105811896
LN-002141,180569.1081830361
LN-020459,20225.853831006145
LN-015778,59683.346252368094
LN-023147,98515.11412426709
LN-009851,301.2432492521421
LN-009648,22.97913847655564
LN-011631,71544.64073110069
LN-003083,151635.8279521398
LN-021764,56930.12309337618
LN-006918,151869.14272654292
LN-004633,0.0
LN-014917,68108.70073965163
LN-006877,19972.43931113989
LN-012280,22551.251019890813
LN-013442,132258.45732794396
LN-027720,20367.520030030548
LN-013632,64448.85121180588
LN-011528,9515.811606403791
LN-019881,37834.120258444964
LN-008591,48240.824660953236
LN-015310,156550.12480600592
LN-003900,125803.51153052907
LN-001366,70188.84496439355
LN-007625,70872.74976639898
LN-000133,1652.008148130195
LN-014062,134265.27889190178
LN-027019,98111.68042017109
LN-014160,69623.33303853401
LN-015718,0.0
LN-002678,112286.58997113344
LN-015623,234727.6103670233
LN-021497,20261.735273409256
LN-005095,0.0
LN-026008,39075.78983498835
LN-013057,37874.27669665896
LN-003573,26496.30995737009
LN-024569,0.0
LN-001725,62893.66426564056
LN-019159,30386.025088717073
LN-027438,558.0889569975147
LN-000365,82088.33973834122
LN-012388,49157.96546726878
LN-017505,126842.89988872397
LN-029309,38428.85828938126
LN-005841,36081.939552145304
LN-017064,38887.974986390815
LN-004252,120898.241473148
LN-008894,786.6036244157614
LN-013412,152216.7104821801
LN-016309,32638.540432430327
LN-023204,203062.68371854894
LN-028067,18533.93801774878
LN-022966,70113.84572452014
LN-006791,0.0
LN-010935,111600.31577452485
LN-005814,32866.44481113313
LN-003504,191393.40667874663
LN-012428,186558.1757621682
LN-024751,88887.8098450563
LN-005142,109223.21284172428
LN-000691,170764.0461577279
LN-010033,180290.5065251665
LN-029242,24243.10568905868
LN-018762,153223.83116587647
LN-012636,139659.3042337619
LN-016953,38305.53738598493
LN-017205,68644.06342048073
LN-022024,35085.358995874354
LN-003583,156630.286233514
LN-011362,78622.08339817188
LN-010479,0.0
LN-015240,121173.84815762729
LN-006775,53766.08271233229
LN-007990,40382.2287444348
LN-003379,102549.6773935378
LN-004509,147790.92665865066
LN-003684,314.76801926073824
LN-006428,61651.72971526808
LN-017362,27661.32974623694
LN-025003,155647.6343768337
LN-019200,36541.48315844534
LN-008433,35418.101633411105
LN-008430,1745.3851805299562
LN-011801,231.83353666949816
LN-024930,91712.50051905557
LN-017642,220417.08741513433
LN-002948,174657.06451873484
LN-006589,0.0
LN-005673,65724.93453715567
LN-002143,20058.160335725286
LN-016940,34159.1503625981
LN-028959,73372.27888004696
LN-022578,27972.72440377707
LN-001590,185973.1386708117
LN-008668,6675.354295262467
LN-004180,85412.21386979532
LN-014645,436.56999584034065
LN-010151,1031.2236136469542
LN-026657,64670.50700506105
LN-023039,82314.81367861522
LN-015391,48926.578236196845
LN-019787,75853.74428402809
LN-016172,104503.46459509617
LN-026341,0.0
LN-019478,31851.308194372225
LN-023483,167237.33320102998
LN-027213,0.0
LN-000911,2565.8492594328723
LN-020230,1654.5886464242355
LN-004862,46892.3437061584
LN-001188,178718.77033577487
LN-022172,59605.652446669956
LN-021972,67167.52118589134
LN-026940,29254.27534102146
LN-006116,84973.70276506737
LN-020881,63766.297762322196
LN-011399,0.0
LN-008055,110345.83355422039
LN-020068,53237.3713374607
LN-020737,48491.72936774269
LN-025267,69388.1836442181
LN-011794,236947.102745061
LN-027580,31397.944978534808
LN-013904,232390.19174387734
LN-017631,61981.6661382928
LN-028008,83058.13983304081
LN-007717,36447.77147307274
LN-001770,0.0
LN-022779,122787.45984217347
LN-027870,72001.36292226768
LN-017726,81028.62394073774
LN-022003,117082.43411503616
LN-024557,35519.428067346045
LN-001300,110393.25881504695
LN-025107,48117.21005381101
LN-023174,121042.1361566544
LN-012739,185317.9676457592
LN-009142,74073.85250584406
LN-008924,179799.4978850554
LN-015320,26472.893578938547
LN-017859,68760.11308803037
LN-003190,308.3334840816775
LN-012344,139688.58553863823
LN-001905,151150.65006280298
LN-010885,48565.52433178347
LN-009882,28345.7889175772
LN-022169,294697.5709523895
LN-008853,118230.20610510021
LN-018341,0.0
LN-024362,113764.58636384388
LN-020915,124.31166891608854
LN-011341,38147.935739856635
LN-021238,149445.29668512152
LN-019957,13690.095105197968
LN-006676,103585.78052694215
LN-020194,25499.528447323955
LN-021411,28449.958432552226
LN-027789,144838.1959248403
LN-003042,329.3387190004841
LN-011128,9416.275108825344
LN-005598,191886.50733710866
LN-025443,212385.31877182846
LN-007213,41925.1696654086
LN-019612,75432.36552859037
LN-000518,27985.103236190127
LN-011137,37286.00146479927
LN-029149,55535.63985078369
LN-001035,128631.4993345068
LN-009362,108978.8731675548
LN-001579,10477.386089901998
LN-006455,73600.51117857921
LN-027535,33147.22376950526
LN-002201,55068.244885584056
LN-015676,38370.505399244554
LN-009217,42075.93827631678
LN-002346,26094.18793860954
LN-026379,175.6244467684236
LN-005176,407.2190471463819
LN-028195,100366.66018460895
LN-003841,59073.933342395365
LN-028618,47.8924599783501
LN-007189,111358.77701548206
LN-017489,24861.828318643198
LN-028036,104874.9816389088
LN-006082,318001.58492221375
LN-022866,69587.84876318678
LN-004376,39261.05850556232
LN-007761,165053.15387223454
LN-011207,146452.25028866713
LN-011966,136925.28309676447
LN-007639,113157.60219826977
LN-008437,0.0
LN-019352,0.0
LN-018542,20437.502710622677
LN-020132,38827.99213111235
LN-022920,47622.08138874357
LN-004575,308934.96622040006
LN-016432,94835.6413275568
LN-002079,311.99175758531067
LN-026314,122692.63151480607
LN-017069,0.0
LN-028002,24396.953037859854
LN-023671,89201.4855889433
LN-007857,41725.96025025587
LN-024795,90899.0525049045
LN-005622,75230.53797582515
LN-003742,20163.60814648306
LN-023976,89053.93997307355
LN-001435,72784.4206129508
LN-009881,0.0
LN-026057,102593.5619195677
LN-020904,23047.0103149858
LN-009101,36700.116470070745
LN-018786,78117.67166164774
LN-022116,35382.63620260953
LN-011504,132902.02608935276
LN-015946,128721.40991150698
LN-015482,217909.34213188762
LN-019742,0.0
LN-001502,42290.7852348956
LN-015402,102489.24233079067
LN-025183,45674.6289628275
LN-017473,30756.84762915949
LN-027315,120725.73539163846
LN-009549,33109.31111087308
LN-026707,124561.58226471697
LN-012507,113429.91529621514
LN-022577,122428.83739293709
LN-010800,127926.41950103773
LN-002960,85302.07982354853
LN-004225,46245.28891695661
LN-011510,47408.99426718064
LN-000570,9678.400178963951
LN-018314,70511.7705928309
LN-029012,101956.33778179498
LN-009828,27544.2332706982
LN-022710,68439.97394615522
LN-020577,110562.21421693281
LN-025053,23875.864096583493
LN-011132,144093.70077808315
LN-020160,142120.79581408872
LN-025299,132896.64946246488
LN-018662,343.94735981082977
LN-021617,63972.99301806836
LN-019305,0.0
LN-027296,103624.2331603125
LN-016603,25679.71682460274
LN-017624,85820.28773546565
LN-010077,62000.895546730404
LN-002527,251985.94026626184
LN-009200,118284.20205513322
LN-021804,0.0
LN-002028,60209.70413881527
LN-021066,0.0
LN-019168,120729.98331091231
LN-023507,37672.48707580512
LN-020183,182176.55512757853
LN-003741,58032.527149280686
LN-012184,20560.347048393138
LN-014674,91582.76928025407
LN-026956,22766.95403389342
LN-021657,0.0
LN-028491,77500.71453483163
LN-021070,41148.50159623365
LN-019595,59510.82904704274
LN-004940,24927.42390900094
LN-023879,139723.2985025111
LN-006700,52771.550994451136
LN-013570,31324.765301415642
LN-019036,306417.34617606434
LN-026599,44999.682754887115
LN-007894,68671.86732265512
LN-024445,62898.08000844465
LN-004220,78387.89445192253
LN-013203,3584.259662930627
LN-023899,0.0
LN-018834,62208.7613602766
LN-002296,69706.13039137956
LN-006118,34089.493506873085
LN-001185,115477.2496005326
LN-012503,47582.28992355454
LN-024714,36988.74772381503
LN-003713,59859.56800485608
LN-002886,0.0
LN-027594,4794.813139817638
LN-001492,72183.50560561592
LN-013262,14146.514866996184
LN-015853,172597.4380492477
LN-004600,58974.48999664331
LN-012542,40352.39305342415
LN-017398,32626.623095159004
LN-007329,7214.725795067619
LN-010669,46499.408778474375
LN-012314,155264.24210440344
LN-003984,0.0
LN-010002,56109.161630962575
LN-008234,21264.442002801872
LN-008308,0.0
LN-006379,105351.6917355747
LN-028805,102371.43600453042
LN-026577,94465.01183945885
LN-025660,94589.60202053835
LN-020863,46.75803948755048
LN-011500,145239.24010544544
LN-006867,35249.04347899809
LN-014003,206.9245093967158
LN-013051,310699.74844909884
LN-015385,190039.44537641597
LN-003738,165963.71522542136
LN-011509,160542.97745338758
LN-017420,64539.86764758078
LN-021244,75252.02759577367
LN-009509,22072.008315760468
LN-010054,100611.40691138186
LN-003606,1267.7687971578146
LN-025043,38023.457259642295
LN-001943,43031.46469806917
LN-026000,80510.47916797095
LN-016126,116365.30520395467
LN-026912,17203.97996372959
LN-016533,54074.09132285581
LN-016258,116032.33834790322
LN-016222,18109.71447990939
LN-011886,641.9795930780878
LN-000523,80351.8752534749
LN-012517,34612.7412917941
LN-011251,165463.82361521432
LN-005080,306958.97697340016
LN-006395,60886.18513141308
LN-002035,22614.878828195015
LN-004344,88540.02291247698
LN-011366,52816.22155221107
LN-011487,94485.87720829573
LN-018971,22396.17826809237
LN-027953,51336.18915127808
LN-000790,89577.23153810881
LN-008411,185947.3476163646
LN-006737,48838.59569161298
LN-005786,0.0
LN-003302,0.0
LN-011090,16218.916296595162
LN-001101,146995.18667746097
LN-024473,8435.991945102485
LN-022583,197346.1551009867
LN-011944,32646.214136457416
LN-012452,38360.92408934185
LN-011407,82650.84317583789
LN-025648,178728.42501569304
LN-016484,100696.92423398556
LN-017908,132105.39341122902
LN-017915,84876.67517661912
LN-029230,125343.9532196683
LN-005291,84239.47817154901
LN-027417,242316.42583131965
LN-028738,64848.238688405756
LN-012970,37939.85255584965
LN-018532,42570.48276678017
LN-013477,33806.047486218464
LN-010937,45494.096688540965
LN-003043,308320.7763149014
LN-025239,0.0
LN-008299,103714.37784920193
LN-020248,85692.2927763913
LN-024764,169.92309354018875
LN-003355,46765.530616209755
LN-005522,1710.0527815826074
LN-028875,33277.510672601304
LN-005113,0.0
LN-004395,82676.6947573284
LN-021516,781.9068279832708
LN-028750,150853.33487664812
LN-018755,50789.699748836814
LN-026164,0.0
LN-023889,23742.89200917458
LN-023805,105589.12700295974
LN-018102,111235.7062537726
LN-019660,33042.41215732648
LN-005646,83448.21627367215
LN-024377,85119.51030256288
LN-011549,72589.22838991595
LN-010148,77741.1673306053
LN-027893,27439.31252695271
LN-016065,166698.09393808758
LN-008018,87634.22303338499
LN-028721,70905.79787338345
LN-006900,47505.851354852515
LN-027551,46157.64349305379
LN-028073,348.5326668729316
LN-003013,17885.766621313767
LN-018501,88315.5453094418
LN-004715,86548.44002704405
LN-004083,179200.1284352534
LN-023555,18825.53231545678
LN-002014,40688.279513384135
LN-010021,118146.83426075632
LN-010210,44882.88472648223
LN-016920,271632.9327123147
LN-003079,73086.28259339945
LN-010884,0.0
LN-009269,124972.36331949732
LN-023015,70212.4337211771
LN-028470,141269.7806453631
LN-019125,170246.31499456917
LN-028591,134172.7538084694
LN-005499,103389.92398801158
LN-020934,120698.2046433631
LN-027308,29366.63561858555
LN-009885,196668.8771248633
LN-005743,101919.44499736589
LN-014809,149881.6458689051
LN-014923,34270.38103508044
LN-012616,108154.92114187161
LN-006743,85712.55119710218
LN-007462,186056.53951967778
LN-002443,83450.8537274461
LN-010515,34491.0781520088
LN-003930,35663.05948411353
LN-015707,58238.50417596446
LN-026484,0.0
LN-012922,3442.2967939681766
LN-017801,123434.58099115743
LN-011073,155792.57853355512
LN-017578,170.34729499026204
LN-027624,40148.37303616308
LN-012860,59235.46221413983
LN-010951,154488.8923345278
LN-025185,135447.41088141102
LN-020684,115284.94895965183
LN-002266,50498.340869774525
LN-019748,88673.54821477964
LN-005564,26627.351486580297
LN-022112,39990.7152022853
LN-005502,23756.351351386023
LN-010866,186166.01380473794
LN-005678,13857.998093358503
LN-019421,171255.01545054853
LN-019499,167733.9207365955
LN-000515,85409.96351411451
LN-016660,74040.43987221232
LN-008206,41124.97879935944
LN-006957,49462.453192941364
LN-000934,39073.10188746184
LN-007961,44282.17975863456
LN-028647,59194.94967683725
LN-011296,0.0
LN-004084,73912.25564346906
LN-003480,60404.55037346757
LN-017418,40856.91179931623
LN-010837,25096.96423770486
LN-000757,125058.09955011206
LN-028335,98977.28053266664
LN-020457,44452.31308370805
LN-025610,0.0
LN-009497,126975.38760809405
LN-015986,115427.30670360944
LN-015273,135107.35935958824
LN-009580,69881.98453508
LN-004954,58167.73260622102
LN-020499,118668.10240458176
LN-003062,0.0
LN-007235,56652.53612828512
LN-020574,37697.654503300095
LN-012295,49126.94577477605
LN-014304,113775.52927691246
LN-025405,52932.22653441309
LN-004588,168415.52706815707
LN-002999,18342.207341741225
LN-013532,61202.6283809373
LN-001962,109363.21819229303
LN-025472,34392.03249745671
LN-021876,463018.85421957006
LN-004154,82499.69402215576
LN-010724,7779.691757328249
LN-021916,113620.26273969782
LN-003873,73702.77782888149
LN-028514,11308.749821075613
LN-018426,0.0
LN-027766,23.768983771157917
LN-016551,119208.11491245482
LN-012978,140912.9146544244
LN-012657,47883.11508563183
LN-021618,54122.85901437449
LN-002623,21320.0392745289
LN-002904,48691.601690429445
LN-023461,111285.9399494951
LN-003323,174242.39955647188
LN-016694,109717.76777477973
LN-021627,136464.46383819112
LN-004706,0.0
LN-012179,0.0
LN-013640,56149.66660922319
LN-020569,78046.21421178301
LN-003970,127.47036548448284
LN-010450,141903.0365774414
LN-020186,35159.55618587618
LN-010474,257471.908716922
LN-002360,41690.23796354043
LN-008995,0.0
LN-011908,115395.22924948279
LN-009975,37256.034233546474
LN-020766,52963.07744197925
LN-004643,1593.557397940996
LN-027440,23428.149986722143
LN-011848,17654.181177017734
LN-003106,75661.22662203922
LN-011545,0.0
LN-018611,0.0
LN-007089,53.47254436940254
LN-024283,43529.5045911129
LN-001712,65653.70796353121
LN-028133,0.0
LN-027600,194207.4686562623
LN-001368,143222.99613840992
LN-014198,112851.48641421797
LN-020172,23852.52922863575
LN-026487,97117.98203793664
LN-004847,31333.69502407535
LN-020229,61496.820182719246
LN-008009,31362.992474849412
LN-026077,21819.805264491086
LN-021561,82853.80329609438
LN-027139,26697.606516246535
LN-029261,50720.42806553869
LN-011077,183.54951411257483
LN-017226,60179.7407966178
LN-007547,105217.41735654086
LN-018172,119.57116809810904
LN-007945,180054.15000021318
LN-005877,79969.62611067796
LN-015289,0.0
LN-004174,114800.81987380178
LN-004836,71133.84431027909
LN-020083,105862.77769533251
LN-001290,116438.40466962055
LN-013946,56267.746313500174
LN-020769,54086.58624183677
LN-003294,0.0
LN-013707,1215.7617685627547
LN-014843,164977.75420112367
LN-014833,93291.25275194772
LN-021638,157646.70119916814
LN-004273,0.0
LN-007241,57522.526083076926
LN-010664,91099.6584231484
LN-005992,0.0
LN-004162,162352.67065417234
LN-025659,23938.334553905173
LN-005045,40473.210903712075
LN-026384,9418.199202630383
LN-018589,119830.30013548788
LN-024098,43318.58708026089
LN-010369,87.4680593704668
LN-018194,23498.042013083355
LN-003280,52490.50688376677
LN-004722,105748.19293473737
LN-009451,27402.91214435985
LN-004373,40515.067028713536
LN-021202,29074.176788098015
LN-000428,150403.67472404463
LN-021729,96560.46927890822
LN-008169,47597.189564020475
LN-003967,48418.5754995887
LN-021685,128394.6002057277
LN-011018,18428.024622258326
LN-016996,67719.09546715324
LN-023559,162628.59448256518
LN-023478,521.6924404228338
LN-009931,135714.91114404472
LN-003356,929.4828267690034
LN-018595,104795.0989402394
LN-021162,28009.55650915238
LN-022669,110385.52095435618
LN-009638,73186.31057417933
LN-011640,116277.45193365971
LN-002175,36155.111153692706
LN-020174,97654.59008790406
LN-017294,18459.0347196443
LN-024316,20319.338880686908
LN-003462,78510.89951192969
LN-007420,29052.56850036999
LN-020582,0.0
LN-011758,152844.31283511376
LN-022686,86368.72493761989
LN-025658,207384.63646437437
LN-022456,147584.6173270702
LN-004380,139.9059286720015
LN-002429,113871.34108942057
LN-009015,23768.29271299869
LN-018337,41525.0222957361
LN-001247,38912.156320833
LN-020921,229635.91320144964
LN-017668,21040.518882365035
LN-019682,79793.76577438624
LN-021603,51888.88778600373
LN-026858,97394.43204662195
LN-025805,58273.20319132707
LN-024064,141994.2714354712
LN-006809,216231.82789307353
LN-021771,130171.96745009543
LN-005258,16768.0646113037
LN-006511,0.0
LN-024666,0.0
LN-014173,66614.53377206803
LN-023289,121021.341593183
LN-013042,98170.1171496161
LN-004230,6028.654353546064
LN-027497,18960.89750584184
LN-023836,36061.41774585893
LN-013785,94514.18564369941
LN-007782,70161.51819034446
LN-026354,207176.93119309787
LN-023025,69072.59068746155
LN-029156,193.77552751301252
LN-023200,548.5925049430261
LN-002755,16846.697043579366
LN-000218,27423.8031255614
LN-027026,125807.17232416869
LN-009180,57346.93940684097
LN-008323,47888.61075216976
LN-027855,44640.3208810795
LN-015406,68587.99335940076
LN-008870,165562.34403994787
LN-004049,27519.127585927705
LN-005364,78133.25977530688
LN-014816,33262.74500912424
LN-025195,62059.09445490385
LN-006983,55857.93911351596
LN-020150,61.091325995547756
LN-005247,206377.867784152
LN-009726,139453.86767813575
LN-004080,40837.85512520068
LN-016226,28341.342611101176
LN-028779,70464.01255223979
LN-018077,48475.67683582592
LN-028687,31841.209474081385
LN-025027,460.33012936765266
LN-026607,140504.3792295697
LN-025669,63183.619279155246
LN-018617,30362.04512912913
LN-011594,0.0
LN-008342,259575.48742441772
LN-003053,28969.48565501411
LN-015877,633.558365556878
LN-023664,131828.08416504515
LN-023239,70.19822613394987
LN-008255,154215.5242737414
LN-001273,57444.8619469056
LN-021463,0.0
LN-021747,7652.988556772649
LN-009611,63.44511399775807
LN-022177,88708.92164275727
LN-023062,259866.26962432897
LN-025835,33490.39801138468
LN-014750,136759.88600628657
LN-014552,59115.22689223441
LN-011428,130760.4120679719
LN-020813,110755.27547020064
LN-019312,276.27999986346464
LN-000968,0.0
LN-004605,11097.255743260257
LN-026420,190.46106236842724
LN-012215,85205.2680954964
LN-026933,39815.9568956123
LN-021455,38286.36063028593
LN-001015,183941.07039848875
LN-018480,40111.58097031072
LN-020420,340.5904727206932
LN-009150,119542.04766138231
LN-020456,41355.66012146301
LN-016266,38048.563567308694
LN-001115,112175.98850886615
LN-014353,0.0
LN-008136,42672.59367240641
LN-017615,41315.083474734936
LN-013374,71005.32930543744
LN-005336,105401.98560425757
LN-023115,25173.305308926283
LN-018454,462.85242803284683
LN-013044,60301.51148332272
LN-024356,19.2981637469607
LN-006503,56425.71495867611
LN-005824,30779.172724989206
LN-018109,0.0
LN-003297,142696.59588517688
LN-003337,77185.1071714043
LN-003730,0.0
LN-026821,196589.50786512758
LN-014281,116543.18826583207
LN-002394,188738.51388029446
LN-013443,65270.6373712754
LN-023928,85341.95862549759
LN-016121,33554.8428606063
LN-015697,10263.512710676416
LN-002689,119236.15911157889
LN-015086,134906.05178579473
LN-021483,18744.38146170966
LN-026824,80676.03761729685
LN-000805,15348.27225037709
LN-020225,104005.8902884771
LN-000413,100537.47957753387
LN-010244,69886.5974843845
LN-014453,86104.87540133891
LN-017628,43508.8356080627
LN-027792,68393.13219687939
LN-003117,161316.36492824688
LN-006149,0.0
LN-004187,34107.41989164178
LN-015688,59617.80581903547
LN-018406,18493.640947802596
LN-013538,286.24204023388444
LN-011352,25136.952084308305
LN-019095,71621.3716436235
LN-013429,132603.00945677437
LN-006542,4945.563960431697
LN-017903,0.0
LN-023612,12749.754871139716
LN-028103,344399.19451311737
LN-026228,0.0
LN-029080,129109.69087342673
LN-015535,24230.65370931205
LN-004711,86.13774519144893
LN-019614,82442.56275488606
LN-020976,227277.09926091164
LN-010305,257332.5417878696
LN-014095,17381.302630415208
LN-007217,31652.717380983493
LN-013910,102187.01900158635
LN-023904,42443.310675957146
LN-009915,129486.19250106058
LN-016950,117630.18767677573
LN-013800,154719.51083167814
LN-029262,20598.997123213856
LN-010960,91754.01845764014
LN-007243,310.08818279018664
LN-000573,91691.85440083063
LN-021121,0.0
LN-001840,21946.51401465082
LN-010294,129492.75866780123
LN-003100,42636.867917643605
LN-013303,330.63030780197585
LN-018472,127686.23257065985
LN-001019,447.2073746455387
LN-024276,197.49431410265595
LN-022649,40796.31460863244
LN-012343,231.29422903771027
LN-015491,132244.5500871216
LN-006468,12718.065868969266
LN-021705,187458.3181539905
LN-019119,163442.04511412515
LN-004477,0.0
LN-008451,206604.67937392206
LN-010913,23061.61690799211
LN-005674,77750.82319101358
LN-028580,91889.65754492236
LN-005881,0.0
LN-012312,17067.788382844767
LN-027332,72731.98079827351
LN-008913,595.6810674312484
LN-002225,278694.52105540683
LN-020936,70881.54604153277
LN-018145,39991.02426313818
LN-026301,93692.07718809065
LN-027214,31343.103869706938
LN-016133,23306.999474403867
LN-010208,217243.01822826028
LN-020540,106622.68066017929
LN-015302,0.0
LN-008738,62372.415485951264
LN-023087,40046.23719613602
LN-009231,127568.93871587675
LN-012674,93.11787535376978
LN-004025,50124.87471458
LN-026476,146965.38635175198
LN-023057,142869.32091408837
LN-011663,29784.652352953468
LN-003283,78064.2243255553
LN-026108,35964.73164030555
LN-012947,124330.96117129749
LN-013928,63.82487603007794
LN-023537,0.0
LN-004191,24921.052364203177
LN-026220,226380.09120299626
LN-027345,177.8282330992082
LN-013433,136413.91122540852
LN-012748,18329.18323895784
LN-004536,19877.149849962294
LN-027380,97167.23128335073
LN-024477,37890.28390019605
LN-022742,0.0
LN-008585,0.0
LN-007160,178422.71789634333
LN-003747,48272.209640351895
LN-000174,54464.86468186374
LN-020458,23837.35745961879
LN-016625,403.95255781945866
LN-025738,1532.661986032521
LN-027461,0.0
LN-012441,77719.92892436334
LN-023630,79137.94327146241
LN-023162,53605.773474096044
LN-025593,179253.00542396746
LN-018369,252741.48645083728
LN-007447,122354.73776384578
LN-007130,51637.00885946796
LN-024342,36.7862559077999
LN-005431,79846.90333847878
LN-001766,39288.3798466112
LN-007176,447.778433419086
LN-007114,100609.16215087961
LN-018875,192797.8334108912
LN-011021,90189.79264393242
LN-009907,46484.22744006716
LN-019237,86882.27302760414
LN-022127,113990.26344125686
LN-008893,0.0
LN-020747,214815.45612665723
LN-021017,200059.69479123867
LN-016046,46011.709341150265
LN-005912,176188.505780388
LN-016236,86380.7608768785
LN-019713,222.46138410987953
LN-013873,161615.96267665265
LN-008006,108508.16175537807
LN-018287,434.8104176599236
LN-017687,47803.91648224986
LN-022482,65855.15245158928
LN-025057,261180.27955219205
LN-014988,100870.14143144303
LN-001802,84990.55940536328
LN-016855,22580.575489345432
LN-005264,111464.2026009671
LN-015229,1471.4455556355401
LN-020267,283325.54168585397
LN-028691,56219.87984514003
LN-028478,20152.55716542521
LN-011497,147041.61824956286
LN-022762,133983.25520614174
LN-010980,432.2959018909232
LN-020844,91760.16852510447
LN-017462,17417.96269724452
LN-023358,59746.82431465138
LN-002112,105.19883924482735
LN-005604,36256.084500053985
LN-004767,102228.7933745892
LN-024384,72493.89451220336
LN-029304,63073.06617100312
LN-005083,0.0
LN-018184,23695.908563958405
LN-022432,83976.59342743269
LN-016598,22759.993927274438
LN-021734,0.0
LN-008287,75513.4720247561
LN-017080,95719.06833786653
LN-005792,0.0
LN-014327,0.0
LN-016731,71952.10353492209
LN-002329,78607.80906123506
LN-015972,181732.76134627574
LN-014906,154910.77085396688
LN-027062,88256.49003357289
LN-014696,170988.53947444007
LN-000193,60642.80991374945
LN-007415,269215.5405391337
LN-003813,26052.80341835894
LN-029226,249883.62771097562
LN-003776,93807.46841459458
LN-026122,313531.23932652443
LN-022200,111023.09494265214
LN-004161,56878.626718814085
LN-003430,36736.45804455179
LN-016514,29815.11166349297
LN-028806,122628.01619539781
LN-007872,96631.80268262983
LN-008305,38817.650706920926
LN-017826,155623.0359448599
LN-004125,237434.6109712335
LN-021116,147574.0381147804
LN-004098,189.2510285058719
LN-022260,210573.6275096936
LN-014721,43700.75895908254
LN-008318,163766.23022038038
LN-012167,57429.36232782839
LN-020097,163076.1927851752
LN-012182,44985.30702091579
LN-015330,38950.5557181559
LN-007180,71391.54615561436
LN-026792,0.0
LN-021302,0.0
LN-027144,84777.8365921764
LN-027120,505.0884544906369
LN-027209,181130.29798276667
LN-007175,1802.7721071699302
LN-024810,78.36309360813448
LN-008032,139359.0194654656
LN-015879,23450.332982679505
LN-003233,79004.55822531413
LN-002427,81703.40063331675
LN-025157,22483.504700553913
LN-023371,16905.923071613695
LN-011306,92153.3105036457
LN-013545,124647.83430724313
LN-012502,153791.70301920013
LN-021811,122369.2913880508
LN-000510,139029.97423838198
LN-017050,139423.1579487258
LN-012196,64304.03313069635
LN-014550,47737.26277558754
LN-021262,170388.78962493286
LN-023092,176889.7581585531
LN-006394,152247.98131686178
LN-020745,31796.94216607953
LN-010031,211382.2175937266
LN-019002,91141.24592722386
LN-010403,66273.52642414413
LN-000899,119928.217767461
LN-021758,36811.59719669903
LN-001212,89039.26484650967
LN-007835,38467.89456696304
LN-002349,72871.52114216001
LN-014607,474.8077962386043
LN-004634,75077.68328635914
LN-000563,29277.764009393744
LN-002849,1577.9962553847288
LN-014972,64068.27543346557
LN-006579,78677.49957222863
LN-009237,44381.54704484854
LN-007871,80958.47192203779
LN-002884,44255.00772725663
LN-024024,67093.0975033485
LN-024785,84628.75596900948
LN-005473,127783.82259774867
LN-017063,225703.245200009
LN-007859,532.1480473533038
LN-014172,77966.98429385551
LN-004798,143369.04082436278
LN-018871,71808.80333129007
LN-006041,0.0
LN-014067,115484.32481491001
LN-013032,56249.68522082169
LN-016716,86061.86960490265
LN-001130,118968.22073781541
LN-014665,13.91100005750551
LN-000178,89501.67342264032
LN-008686,24453.010963428595
LN-010006,13086.090495698621
LN-009966,48285.11394342989
LN-014363,45728.33028124575
LN-012067,46987.25804522916
LN-009108,22018.837047791072
LN-021689,129115.53373802117
LN-005032,44347.655434762986
LN-017033,127730.85987484224
LN-011272,305083.2907818686
LN-022910,123141.27206644647
LN-013592,156866.35832648727
LN-007439,144422.1527525046
LN-021324,184219.1685466302
LN-014885,18711.99824249883
LN-011275,61733.69560689688
LN-017870,22971.59225146184
LN-021518,46249.44283755078
LN-012377,173063.72693727573
LN-022848,164312.47175125394
LN-011332,58022.54815595851
LN-020842,213.214027958005
LN-011454,119450.23172641225
LN-009454,128718.54266158113
LN-012141,42620.0292761301
LN-022229,619.0333120535117
LN-002345,22709.54380698558
LN-016826,100764.49222464173
LN-013293,64023.30319330205
LN-001480,18275.920734697025
LN-028927,544.0082732241275
LN-018647,38148.17149829254
LN-010434,51828.503344868855
LN-001287,303181.41007312696
LN-012731,66696.04317078588
LN-012459,46472.506111341754
LN-003203,110215.12913965074
LN-016078,37900.98959565134
LN-011044,0.0
LN-017310,61556.03904086571
LN-012564,62437.03740041262
LN-014731,44025.53736898798
LN-029084,128257.3364645667
LN-003591,172472.05770532426
LN-019257,296516.98994844174
LN-027186,91437.71479521047
LN-020727,38954.55898399885
LN-026988,21318.342588741707
LN-025591,9988.922731355231
LN-012995,82520.65987655362
LN-023809,51691.56933782156
LN-010445,21791.882685145374
LN-003708,191950.5674091484
LN-017459,128370.4450792125
LN-006941,150893.42275553796
LN-027637,37028.021411187576
LN-005585,65106.527900664856
LN-021854,98048.72157101877
LN-020819,19293.20855875726
LN-018612,99537.46641555551
LN-024100,210465.92533049235
LN-014601,187693.2756920748
LN-021661,95548.2764807919
LN-016054,60359.19839798914
LN-014960,0.0
LN-004579,0.0
LN-008920,29856.97784620966
LN-002176,243376.9797084367
LN-020429,129654.74437319623
LN-020460,43925.866655270205
LN-013129,70068.53079652056
LN-008450,36339.06784906164
LN-013441,102187.58034783528
LN-007656,19333.27518413986
LN-027187,79594.96066361606
